cell_id	S1	S2	S3	S4	S5	S6	S7	S8	S9	S10	S11	S12	S13	S14	S15	S16
cell_1	2	-	-	-	-	-	-	-	-	-	-	-	-	-	-	12
cell_2	2	-	-	-	-	-	-	-	-	-	-	-	-	-	-	-
cell_3	2	-	-	-	-	-	-	-	-	-	-	-	-	-	-	-
cell_4	2	-	-	-	-	-	-	-	-	-	-	-	-	-	-	12
cell_5	-	-	-	-	-	-	-	-	-	-	-	-	-	-	-	12
cell_6	5	-	-	-	-	-	-	-	-	-	-	-	-	-	-	-
cell_7	5	-	-	-	-	-	-	-	-	-	-	-	-	-	-	12
cell_8	5	-	-	-	-	-	-	-	-	-	-	-	-	-	-	12
cell_9	-	-	-	-	-	-	-	-	-	-	-	-	-	-	-	12
cell_10	0	-	-	-	-	-	-	-	-	-	-	-	-	-	-	-
cell_11	-	-	-	-	-	-	-	-	-	-	-	-	-	-	-	-
cell_12	0	-	-	-	-	-	-	-	-	-	-	-	-	-	-	12
cell_13	0	-	-	-	-	-	-	-	-	-	-	-	-	-	-	12
cell_14	-	-	-	-	-	-	-	-	-	-	-	-	-	-	-	12
cell_15	4	-	-	-	-	-	-	-	-	-	-	-	-	-	-	12
cell_16	-	-	-	-	-	-	-	-	-	-	-	-	-	-	-	12
cell_17	2	-	-	-	-	-	-	-	-	-	-	-	-	-	-	-
cell_18	2	-	-	-	-	-	-	-	-	-	-	-	-	-	-	12
cell_19	2	-	-	-	-	-	-	-	-	-	-	-	-	-	-	12
cell_20	-	-	-	-	-	-	-	-	-	-	-	-	-	-	-	12
cell_21	2	-	-	-	-	-	-	-	-	-	-	-	-	-	-	12
cell_22	2	-	-	-	-	-	-	-	-	-	-	-	-	-	-	12
cell_23	2	-	-	-	-	-	-	-	-	-	-	-	-	-	-	-
cell_24	2	-	-	-	-	-	-	-	-	-	-	-	-	-	-	12
cell_25	-	-	-	-	-	-	-	-	-	-	-	-	-	-	-	12
cell_26	0	-	-	-	-	-	-	-	-	-	-	-	-	-	-	12
cell_27	0	-	-	-	-	-	-	-	-	-	-	-	-	-	-	12
cell_28	2	-	-	-	-	-	-	-	-	-	-	-	-	-	-	12
cell_29	2	-	-	-	-	-	-	-	-	-	-	-	-	-	-	12
cell_30	0	-	-	-	-	-	-	-	-	-	-	-	-	-	-	-
cell_31	2	-	-	-	-	-	-	-	-	-	-	-	-	-	-	12
cell_32	2	-	-	-	-	-	-	-	-	-	-	-	-	-	-	12
cell_33	2	-	-	-	-	-	-	-	-	-	-	-	-	-	-	12
cell_34	2	-	-	-	-	-	-	-	-	-	-	-	-	-	-	12
cell_35	2	-	-	-	-	-	-	-	-	-	-	-	-	-	-	12
cell_36	2	-	-	-	-	-	-	-	-	-	-	-	-	-	-	12
cell_37	5	-	-	-	-	-	-	-	-	-	-	-	-	-	-	12
cell_38	5	-	-	-	-	-	-	-	-	-	-	-	-	-	-	-
cell_39	-	-	-	-	-	-	-	-	-	-	-	-	-	-	-	12
cell_40	0	-	-	-	-	-	-	-	-	-	-	-	-	-	-	12
cell_41	2	-	-	-	-	-	-	-	-	-	-	-	-	-	-	12
cell_42	-	-	-	-	-	-	-	-	-	-	-	-	-	-	-	12
cell_43	4	-	-	-	-	-	-	-	-	-	-	-	-	-	-	12
cell_44	4	-	-	-	-	-	-	-	-	-	-	-	-	-	-	12
cell_45	5	-	-	-	-	-	-	-	-	-	-	-	-	-	-	12
cell_46	0	-	-	-	-	-	-	-	-	-	-	-	-	-	-	12
cell_47	0	-	-	-	-	-	-	-	-	-	-	-	-	-	-	12
cell_48	0	-	-	-	-	-	-	-	-	-	-	-	-	-	-	-
cell_49	3	-	-	-	-	-	-	-	-	-	-	-	-	-	-	12
cell_50	3	-	-	-	-	-	-	-	-	-	-	-	-	-	-	12
cell_51	3	-	-	-	-	-	-	-	-	-	-	-	-	-	-	12
cell_52	3	-	-	-	-	-	-	-	-	-	-	-	-	-	-	12
cell_53	-	-	-	-	-	-	-	-	-	-	-	-	-	-	-	12
cell_54	-	-	-	-	-	-	-	-	-	-	-	-	-	-	-	-
cell_55	3	-	-	-	-	-	-	-	-	-	-	-	-	-	-	12
cell_56	3	-	-	-	-	-	-	-	-	-	-	-	-	-	-	12
cell_57	-	-	-	-	-	-	-	-	-	-	-	-	-	-	-	-
cell_58	2	-	-	-	-	-	-	-	-	-	-	-	-	-	-	12
cell_59	-	-	-	-	-	-	-	-	-	-	-	-	-	-	-	12
cell_60	2	-	-	-	-	-	-	-	-	-	-	-	-	-	-	12
cell_61	0	-	-	-	-	-	-	-	-	-	-	-	-	-	-	-
cell_62	0	-	-	-	-	-	-	-	-	-	-	-	-	-	-	12
cell_63	-	-	-	-	-	-	-	-	-	-	-	-	-	-	-	12
cell_64	21	-	-	-	-	-	-	-	-	-	-	-	-	-	-	12
cell_65	2	-	-	-	-	-	-	-	-	-	-	-	-	-	-	5
cell_66	2	-	-	-	-	-	-	-	-	-	-	-	-	-	-	5
cell_67	2	-	-	-	-	-	-	-	-	-	-	-	-	-	-	5
cell_68	2	-	-	-	-	-	-	-	-	-	-	-	-	-	-	5
cell_69	2	-	-	-	-	-	-	-	-	-	-	-	-	-	-	-
cell_70	-	-	-	-	-	-	-	-	-	-	-	-	-	-	-	0
cell_71	2	-	-	-	-	-	-	-	-	-	-	-	-	-	-	4
cell_72	2	-	-	-	-	-	-	-	-	-	-	-	-	-	-	-
cell_73	2	-	-	-	-	-	-	-	-	-	-	-	-	-	-	-
cell_74	2	-	-	-	-	-	-	-	-	-	-	-	-	-	-	33
cell_75	2	-	-	-	-	-	-	-	-	-	-	-	-	-	-	-
cell_76	2	-	-	-	-	-	-	-	-	-	-	-	-	-	-	33
cell_77	2	-	-	-	-	-	-	-	-	-	-	-	-	-	-	33
cell_78	-	-	-	-	-	-	-	-	-	-	-	-	-	-	-	33
cell_79	2	-	-	-	-	-	-	-	-	-	-	-	-	-	-	33
cell_80	2	-	-	-	-	-	-	-	-	-	-	-	-	-	-	33
cell_81	2	-	-	-	-	-	-	-	-	-	-	-	-	-	-	3
cell_82	-	-	-	-	-	-	-	-	-	-	-	-	-	-	-	2
cell_83	2	-	-	-	-	-	-	-	-	-	-	-	-	-	-	69
cell_84	2	-	-	-	-	-	-	-	-	-	-	-	-	-	-	69
cell_85	2	-	-	-	-	-	-	-	-	-	-	-	-	-	-	2
cell_86	2	-	-	-	-	-	-	-	-	-	-	-	-	-	-	0
cell_87	2	-	-	-	-	-	-	-	-	-	-	-	-	-	-	0
cell_88	2	-	-	-	-	-	-	-	-	-	-	-	-	-	-	15
cell_89	2	-	-	-	-	-	-	-	-	-	-	-	-	-	-	-
cell_90	2	-	-	-	-	-	-	-	-	-	-	-	-	-	-	0
cell_91	2	-	-	-	-	-	-	-	-	-	-	-	-	-	-	0
cell_92	2	-	-	-	-	-	-	-	-	-	-	-	-	-	-	3
cell_93	2	-	-	-	-	-	-	-	-	-	-	-	-	-	-	-
cell_94	2	-	-	-	-	-	-	-	-	-	-	-	-	-	-	-
cell_95	2	-	-	-	-	-	-	-	-	-	-	-	-	-	-	-
cell_96	2	-	-	-	-	-	-	-	-	-	-	-	-	-	-	-
cell_97	2	-	-	-	-	-	-	-	-	-	-	-	-	-	-	2
cell_98	-	-	-	-	-	-	-	-	-	-	-	-	-	-	-	2
cell_99	2	-	-	-	-	-	-	-	-	-	-	-	-	-	-	2
cell_100	2	-	-	-	-	-	-	-	-	-	-	-	-	-	-	2
cell_101	-	-	-	-	-	-	-	-	-	-	-	-	-	-	-	2
cell_102	2	-	-	-	-	-	-	-	-	-	-	-	-	-	-	2
cell_103	2	-	-	-	-	-	-	-	-	-	-	-	-	-	-	2
cell_104	2	-	-	-	-	-	-	-	-	-	-	-	-	-	-	2
cell_105	2	-	-	-	-	-	-	-	-	-	-	-	-	-	-	2
cell_106	2	-	-	-	-	-	-	-	-	-	-	-	-	-	-	2
cell_107	2	-	-	-	-	-	-	-	-	-	-	-	-	-	-	2
cell_108	2	-	-	-	-	-	-	-	-	-	-	-	-	-	-	2
cell_109	2	-	-	-	-	-	-	-	-	-	-	-	-	-	-	2
cell_110	2	-	-	-	-	-	-	-	-	-	-	-	-	-	-	2
cell_111	2	-	-	-	-	-	-	-	-	-	-	-	-	-	-	2
cell_112	-	-	-	-	-	-	-	-	-	-	-	-	-	-	-	2
cell_113	2	-	-	-	-	-	-	-	-	-	-	-	-	-	-	2
cell_114	2	-	-	-	-	-	-	-	-	-	-	-	-	-	-	2
cell_115	2	-	-	-	-	-	-	-	-	-	-	-	-	-	-	2
cell_116	2	-	-	-	-	-	-	-	-	-	-	-	-	-	-	-
cell_117	2	-	-	-	-	-	-	-	-	-	-	-	-	-	-	-
cell_118	2	-	-	-	-	-	-	-	-	-	-	-	-	-	-	-
cell_119	2	-	-	-	-	-	-	-	-	-	-	-	-	-	-	2
cell_120	-	-	-	-	-	-	-	-	-	-	-	-	-	-	-	2
cell_121	2	-	-	-	-	-	-	-	-	-	-	-	-	-	-	-
cell_122	2	-	-	-	-	-	-	-	-	-	-	-	-	-	-	2
cell_123	2	-	-	-	-	-	-	-	-	-	-	-	-	-	-	-
cell_124	2	-	-	-	-	-	-	-	-	-	-	-	-	-	-	2
cell_125	2	-	-	-	-	-	-	-	-	-	-	-	-	-	-	2
cell_126	-	-	-	-	-	-	-	-	-	-	-	-	-	-	-	-
cell_127	2	-	-	-	-	-	-	-	-	-	-	-	-	-	-	2
cell_128	2	-	-	-	-	-	-	-	-	-	-	-	-	-	-	2
cell_129	2	-	-	-	-	-	-	-	-	-	-	-	-	-	-	0
cell_130	2	-	-	-	-	-	-	-	-	-	-	-	-	-	-	0
cell_131	2	-	-	-	-	-	-	-	-	-	-	-	-	-	-	3
cell_132	2	-	-	-	-	-	-	-	-	-	-	-	-	-	-	0
cell_133	2	-	-	-	-	-	-	-	-	-	-	-	-	-	-	2
cell_134	2	-	-	-	-	-	-	-	-	-	-	-	-	-	-	2
cell_135	2	-	-	-	-	-	-	-	-	-	-	-	-	-	-	-
cell_136	2	-	-	-	-	-	-	-	-	-	-	-	-	-	-	0
cell_137	-	-	-	-	-	-	-	-	-	-	-	-	-	-	-	2
cell_138	2	-	-	-	-	-	-	-	-	-	-	-	-	-	-	-
cell_139	-	-	-	-	-	-	-	-	-	-	-	-	-	-	-	2
cell_140	-	-	-	-	-	-	-	-	-	-	-	-	-	-	-	2
cell_141	2	-	-	-	-	-	-	-	-	-	-	-	-	-	-	2
cell_142	2	-	-	-	-	-	-	-	-	-	-	-	-	-	-	2
cell_143	2	-	-	-	-	-	-	-	-	-	-	-	-	-	-	2
cell_144	2	-	-	-	-	-	-	-	-	-	-	-	-	-	-	2
cell_145	2	-	-	-	-	-	-	-	-	-	-	-	-	-	-	2
cell_146	2	-	-	-	-	-	-	-	-	-	-	-	-	-	-	-
cell_147	2	-	-	-	-	-	-	-	-	-	-	-	-	-	-	2
cell_148	-	-	-	-	-	-	-	-	-	-	-	-	-	-	-	2
cell_149	-	-	-	-	-	-	-	-	-	-	-	-	-	-	-	2
cell_150	2	-	-	-	-	-	-	-	-	-	-	-	-	-	-	2
cell_151	-	-	-	-	-	-	-	-	-	-	-	-	-	-	-	2
cell_152	2	-	-	-	-	-	-	-	-	-	-	-	-	-	-	-
cell_153	2	-	-	-	-	-	-	-	-	-	-	-	-	-	-	4
cell_154	2	-	-	-	-	-	-	-	-	-	-	-	-	-	-	4
cell_155	-	-	-	-	-	-	-	-	-	-	-	-	-	-	-	4
cell_156	2	-	-	-	-	-	-	-	-	-	-	-	-	-	-	4
cell_157	2	-	-	-	-	-	-	-	-	-	-	-	-	-	-	2
cell_158	-	-	-	-	-	-	-	-	-	-	-	-	-	-	-	0
cell_159	2	-	-	-	-	-	-	-	-	-	-	-	-	-	-	0
cell_160	-	-	-	-	-	-	-	-	-	-	-	-	-	-	-	0
cell_161	2	-	-	-	-	-	-	-	-	-	-	-	-	-	-	-
cell_162	2	-	-	-	-	-	-	-	-	-	-	-	-	-	-	-
cell_163	2	-	-	-	-	-	-	-	-	-	-	-	-	-	-	4
cell_164	-	-	-	-	-	-	-	-	-	-	-	-	-	-	-	4
cell_165	2	-	-	-	-	-	-	-	-	-	-	-	-	-	-	4
cell_166	2	-	-	-	-	-	-	-	-	-	-	-	-	-	-	4
cell_167	2	-	-	-	-	-	-	-	-	-	-	-	-	-	-	4
cell_168	2	-	-	-	-	-	-	-	-	-	-	-	-	-	-	4
cell_169	2	-	-	-	-	-	-	-	-	-	-	-	-	-	-	4
cell_170	-	-	-	-	-	-	-	-	-	-	-	-	-	-	-	-
cell_171	-	-	-	-	-	-	-	-	-	-	-	-	-	-	-	4
cell_172	2	-	-	-	-	-	-	-	-	-	-	-	-	-	-	4
cell_173	-	-	-	-	-	-	-	-	-	-	-	-	-	-	-	-
cell_174	-	-	-	-	-	-	-	-	-	-	-	-	-	-	-	4
cell_175	-	-	-	-	-	-	-	-	-	-	-	-	-	-	-	4
cell_176	2	-	-	-	-	-	-	-	-	-	-	-	-	-	-	4
cell_177	2	-	-	-	-	-	-	-	-	-	-	-	-	-	-	4
cell_178	-	-	-	-	-	-	-	-	-	-	-	-	-	-	-	-
cell_179	-	-	-	-	-	-	-	-	-	-	-	-	-	-	-	-
cell_180	2	-	-	-	-	-	-	-	-	-	-	-	-	-	-	-
cell_181	2	-	-	-	-	-	-	-	-	-	-	-	-	-	-	-
cell_182	-	-	-	-	-	-	-	-	-	-	-	-	-	-	-	4
cell_183	-	-	-	-	-	-	-	-	-	-	-	-	-	-	-	-
cell_184	2	-	-	-	-	-	-	-	-	-	-	-	-	-	-	-
cell_185	2	-	-	-	-	-	-	-	-	-	-	-	-	-	-	4
cell_186	-	-	-	-	-	-	-	-	-	-	-	-	-	-	-	4
cell_187	2	-	-	-	-	-	-	-	-	-	-	-	-	-	-	4
cell_188	2	-	-	-	-	-	-	-	-	-	-	-	-	-	-	4
cell_189	2	-	-	-	-	-	-	-	-	-	-	-	-	-	-	4
cell_190	-	-	-	-	-	-	-	-	-	-	-	-	-	-	-	4
cell_191	2	-	-	-	-	-	-	-	-	-	-	-	-	-	-	4
cell_192	-	-	-	-	-	-	-	-	-	-	-	-	-	-	-	4
cell_193	2	-	-	-	-	-	-	-	-	-	-	-	-	-	-	4
cell_194	2	-	-	-	-	-	-	-	-	-	-	-	-	-	-	4
cell_195	2	-	-	-	-	-	-	-	-	-	-	-	-	-	-	0
cell_196	2	-	-	-	-	-	-	-	-	-	-	-	-	-	-	2
cell_197	-	-	-	-	-	-	-	-	-	-	-	-	-	-	-	-
cell_198	2	-	-	-	-	-	-	-	-	-	-	-	-	-	-	2
cell_199	2	-	-	-	-	-	-	-	-	-	-	-	-	-	-	2
cell_200	2	-	-	-	-	-	-	-	-	-	-	-	-	-	-	2
cell_201	2	-	-	-	-	-	-	-	-	-	-	-	-	-	-	0
cell_202	2	-	-	-	-	-	-	-	-	-	-	-	-	-	-	0
cell_203	2	-	-	-	-	-	-	-	-	-	-	-	-	-	-	-
cell_204	2	-	-	-	-	-	-	-	-	-	-	-	-	-	-	0
cell_205	-	-	-	-	-	-	-	-	-	-	-	-	-	-	-	5
cell_206	2	-	-	-	-	-	-	-	-	-	-	-	-	-	-	-
cell_207	2	-	-	-	-	-	-	-	-	-	-	-	-	-	-	5
cell_208	2	-	-	-	-	-	-	-	-	-	-	-	-	-	-	5
cell_209	-	-	-	-	-	-	-	-	-	-	-	-	-	-	-	11
cell_210	2	-	-	-	-	-	-	-	-	-	-	-	-	-	-	-
cell_211	-	-	-	-	-	-	-	-	-	-	-	-	-	-	-	-
cell_212	2	-	-	-	-	-	-	-	-	-	-	-	-	-	-	11
cell_213	2	-	-	-	-	-	-	-	-	-	-	-	-	-	-	-
cell_214	2	-	-	-	-	-	-	-	-	-	-	-	-	-	-	11
cell_215	2	-	-	-	-	-	-	-	-	-	-	-	-	-	-	11
cell_216	2	-	-	-	-	-	-	-	-	-	-	-	-	-	-	-
cell_217	2	-	-	-	-	-	-	-	-	-	-	-	-	-	-	11
cell_218	-	-	-	-	-	-	-	-	-	-	-	-	-	-	-	11
cell_219	2	-	-	-	-	-	-	-	-	-	-	-	-	-	-	-
cell_220	2	-	-	-	-	-	-	-	-	-	-	-	-	-	-	11
cell_221	2	-	-	-	-	-	-	-	-	-	-	-	-	-	-	11
cell_222	2	-	-	-	-	-	-	-	-	-	-	-	-	-	-	11
cell_223	2	-	-	-	-	-	-	-	-	-	-	-	-	-	-	11
cell_224	2	-	-	-	-	-	-	-	-	-	-	-	-	-	-	11
cell_225	2	-	-	-	-	-	-	-	-	-	-	-	-	-	-	-
cell_226	2	-	-	-	-	-	-	-	-	-	-	-	-	-	-	2
cell_227	2	-	-	-	-	-	-	-	-	-	-	-	-	-	-	0
cell_228	2	-	-	-	-	-	-	-	-	-	-	-	-	-	-	0
cell_229	2	-	-	-	-	-	-	-	-	-	-	-	-	-	-	0
cell_230	-	-	-	-	-	-	-	-	-	-	-	-	-	-	-	0
cell_231	2	-	-	-	-	-	-	-	-	-	-	-	-	-	-	0
cell_232	2	-	-	-	-	-	-	-	-	-	-	-	-	-	-	0
cell_233	2	-	-	-	-	-	-	-	-	-	-	-	-	-	-	3
cell_234	2	-	-	-	-	-	-	-	-	-	-	-	-	-	-	0
cell_235	2	-	-	-	-	-	-	-	-	-	-	-	-	-	-	-
cell_236	2	-	-	-	-	-	-	-	-	-	-	-	-	-	-	-
cell_237	2	-	-	-	-	-	-	-	-	-	-	-	-	-	-	-
cell_238	2	-	-	-	-	-	-	-	-	-	-	-	-	-	-	-
cell_239	-	-	-	-	-	-	-	-	-	-	-	-	-	-	-	2
cell_240	2	-	-	-	-	-	-	-	-	-	-	-	-	-	-	0
cell_241	2	-	-	-	-	-	-	-	-	-	-	-	-	-	-	0
cell_242	-	-	-	-	-	-	-	-	-	-	-	-	-	-	-	0
cell_243	2	-	-	-	-	-	-	-	-	-	-	-	-	-	-	0
cell_244	2	-	-	-	-	-	-	-	-	-	-	-	-	-	-	-
cell_245	2	-	-	-	-	-	-	-	-	-	-	-	-	-	-	0
cell_246	2	-	-	-	-	-	-	-	-	-	-	-	-	-	-	5
cell_247	2	-	-	-	-	-	-	-	-	-	-	-	-	-	-	-
cell_248	2	-	-	-	-	-	-	-	-	-	-	-	-	-	-	-
cell_249	-	-	-	-	-	-	-	-	-	-	-	-	-	-	-	-
cell_250	2	-	-	-	-	-	-	-	-	-	-	-	-	-	-	2
cell_251	2	-	-	-	-	-	-	-	-	-	-	-	-	-	-	3
cell_252	-	-	-	-	-	-	-	-	-	-	-	-	-	-	-	-
cell_253	-	-	-	-	-	-	-	-	-	-	-	-	-	-	-	-
cell_254	2	-	-	-	-	-	-	-	-	-	-	-	-	-	-	0
cell_255	-	-	-	-	-	-	-	-	-	-	-	-	-	-	-	2
cell_256	2	-	-	-	-	-	-	-	-	-	-	-	-	-	-	0
cell_257	-	4	-	2	-	-	16	5	2	2	2	2	2	2	-	3
cell_258	2	-	3	2	-	2	-	-	2	2	2	2	0	2	2	2
cell_259	2	4	3	0	8	2	16	5	2	2	2	-	0	0	2	2
cell_260	2	4	-	0	3	-	16	5	2	2	2	2	0	0	2	2
cell_261	2	4	3	12	-	-	16	5	2	-	2	2	3	0	2	10
cell_262	2	-	3	12	0	-	16	5	2	2	2	-	3	0	2	10
cell_263	2	-	3	12	-	2	16	5	2	2	2	2	3	0	2	0
cell_264	2	4	3	12	0	2	-	5	2	2	2	2	3	-	-	0
cell_265	0	-	3	35	-	-	-	-	-	-	-	-	-	-	2	2
cell_266	0	4	-	35	-	-	-	-	-	-	-	-	-	-	2	2
cell_267	4	-	3	-	0	2	16	5	-	0	2	2	2	-	2	-
cell_268	4	-	3	0	-	2	16	5	2	0	2	-	2	0	2	2
cell_269	8	4	3	0	0	2	16	5	-	-	-	2	-	0	-	2
cell_270	-	4	3	-	0	2	-	5	2	0	2	-	2	-	-	2
cell_271	0	4	3	2	0	2	16	5	2	2	2	2	0	0	-	2
cell_272	-	4	-	-	0	2	-	5	-	0	2	-	0	0	-	2
cell_273	-	4	3	-	2	4	16	5	-	2	2	-	2	2	2	5
cell_274	-	4	3	0	-	4	16	5	2	-	2	-	2	2	2	5
cell_275	5	4	3	2	-	4	16	5	2	0	2	-	2	2	2	5
cell_276	0	4	3	0	2	4	16	5	2	-	2	-	2	2	2	5
cell_277	-	4	3	0	-	-	16	5	-	0	2	2	2	2	2	-
cell_278	0	-	3	0	2	4	16	5	2	0	2	2	2	2	2	-
cell_279	2	-	3	0	2	4	16	5	2	0	2	2	-	2	-	5
cell_280	2	-	3	0	2	4	16	5	2	-	2	-	2	-	2	5
cell_281	2	4	3	0	42	2	16	5	2	0	2	2	2	2	2	-
cell_282	2	4	-	8	-	-	16	5	2	0	2	2	2	2	2	2
cell_283	3	4	3	-	2	0	-	5	2	0	2	2	2	2	-	0
cell_284	3	4	3	-	2	5	16	5	2	0	2	2	2	-	2	0
cell_285	-	4	3	5	0	5	16	5	2	9	2	-	2	-	2	2
cell_286	0	4	-	-	0	5	16	5	-	9	2	2	2	2	-	2
cell_287	0	4	3	5	2	-	-	-	2	3	2	2	2	2	-	-
cell_288	0	4	3	5	-	0	16	5	2	3	2	2	2	2	2	0
cell_289	-	-	-	-	-	-	-	-	-	-	-	-	-	-	2	0
cell_290	-	-	-	-	-	-	-	-	-	-	-	-	-	-	-	0
cell_291	-	-	-	-	-	-	-	-	-	-	-	-	-	-	2	2
cell_292	-	-	-	-	-	-	-	-	-	-	-	-	-	-	2	2
cell_293	-	4	3	0	-	-	16	5	2	2	14	2	2	-	2	3
cell_294	5	4	3	5	-	47	16	5	2	2	14	-	2	2	2	3
cell_295	5	4	3	2	5	47	16	5	2	-	14	-	-	0	-	-
cell_296	5	4	3	0	5	-	16	5	-	0	14	2	2	0	2	0
cell_297	6	4	3	3	-	-	16	5	2	-	-	2	-	0	2	-
cell_298	0	4	3	3	2	0	16	5	-	0	2	-	2	0	2	2
cell_299	8	4	3	3	2	4	16	5	2	-	2	2	2	2	2	3
cell_300	8	4	3	3	2	4	-	5	2	0	-	2	-	0	-	3
cell_301	-	4	3	3	2	5	16	5	2	-	0	2	-	-	2	2
cell_302	0	4	3	3	2	5	16	5	2	-	0	2	2	-	2	2
cell_303	0	-	3	3	-	5	16	-	2	2	2	2	2	0	2	-
cell_304	0	4	3	3	2	5	-	5	2	-	2	2	2	-	-	2
cell_305	-	4	3	36	0	0	16	5	-	0	2	2	2	0	2	2
cell_306	0	4	3	-	-	2	16	5	2	2	2	2	2	0	2	-
cell_307	0	4	3	36	0	0	16	5	2	-	2	2	2	5	2	-
cell_308	0	4	3	36	5	-	-	5	2	3	2	2	-	5	2	2
cell_309	0	4	3	36	0	6	16	5	-	2	0	2	-	-	2	2
cell_310	0	4	3	36	3	13	-	5	2	2	0	2	2	5	-	-
cell_311	0	4	3	36	0	0	16	5	2	2	0	-	-	2	2	2
cell_312	0	4	-	-	0	0	16	5	2	2	0	2	2	-	2	2
cell_313	0	4	3	36	2	-	-	5	-	3	5	-	2	2	2	2
cell_314	0	4	3	36	2	2	16	5	2	2	5	2	2	2	2	2
cell_315	0	4	3	36	-	2	16	-	-	-	5	2	2	2	2	2
cell_316	-	4	3	36	2	-	16	5	2	0	5	2	2	2	2	2
cell_317	0	4	-	36	-	2	16	5	2	0	0	2	2	2	2	2
cell_318	0	4	-	36	3	-	16	-	-	-	0	-	-	2	2	2
cell_319	0	-	3	36	3	0	16	-	2	2	0	2	2	-	2	2
cell_320	-	-	-	36	3	0	16	5	2	-	0	-	2	2	2	2
cell_321	0	4	-	0	-	5	-	-	2	0	2	2	-	2	2	3
cell_322	0	4	3	9	2	5	16	5	2	-	2	2	-	2	-	3
cell_323	0	-	3	0	2	-	16	5	2	0	-	2	0	-	2	3
cell_324	3	4	3	0	2	5	16	5	2	0	2	2	0	2	-	3
cell_325	0	4	3	0	2	-	16	5	2	0	2	-	5	2	2	-
cell_326	0	-	-	0	2	5	16	5	2	0	2	-	5	2	2	3
cell_327	11	4	3	0	2	5	16	5	2	0	2	2	4	2	2	3
cell_328	0	4	-	0	2	5	16	5	2	0	2	2	0	2	2	3
cell_329	2	4	3	0	2	5	16	5	2	2	-	2	-	-	-	3
cell_330	2	4	3	0	-	5	16	5	-	2	2	-	-	2	2	3
cell_331	2	4	3	0	2	-	16	5	2	2	2	2	0	2	2	3
cell_332	2	4	3	2	2	5	16	5	-	2	2	2	0	2	2	3
cell_333	2	4	3	-	2	5	16	5	-	-	2	2	-	2	2	3
cell_334	2	4	3	-	-	5	16	-	2	-	2	-	2	2	2	3
cell_335	-	4	3	-	2	5	16	5	2	0	2	2	4	-	2	-
cell_336	-	4	-	5	2	5	16	5	2	0	2	2	2	2	2	3
cell_337	0	4	3	2	2	5	16	5	0	4	0	2	4	2	2	3
cell_338	3	4	3	2	2	5	16	5	0	2	0	2	4	-	2	3
cell_339	-	4	3	2	2	5	16	5	2	0	0	2	4	2	2	3
cell_340	0	4	-	2	2	-	16	5	2	0	2	2	4	2	2	3
cell_341	0	4	3	0	2	5	-	5	0	0	2	-	4	2	2	3
cell_342	0	4	3	0	2	5	16	5	0	-	0	2	4	-	2	-
cell_343	0	4	3	0	-	-	-	5	-	5	-	2	-	2	-	3
cell_344	-	4	-	0	2	5	-	5	2	0	0	-	4	2	2	3
cell_345	-	4	3	0	2	5	16	-	0	2	0	2	-	2	2	3
cell_346	-	-	3	0	2	5	-	5	0	2	0	2	0	2	2	3
cell_347	8	4	3	0	2	5	16	5	0	2	0	2	5	2	2	3
cell_348	0	4	3	2	2	5	16	5	0	2	0	2	-	2	2	3
cell_349	0	4	3	0	2	5	16	5	2	-	-	2	3	2	2	3
cell_350	0	4	3	0	-	5	16	5	-	0	0	2	-	2	2	3
cell_351	2	4	3	2	-	5	16	5	0	0	0	2	-	2	2	3
cell_352	2	4	3	0	2	-	16	5	0	0	0	2	3	-	2	3
cell_353	0	4	3	6	2	5	-	5	2	-	2	2	2	2	2	3
cell_354	0	4	3	-	20	5	16	5	2	-	2	2	-	-	-	3
cell_355	0	4	-	-	3	5	16	-	2	0	2	-	2	2	2	3
cell_356	-	4	-	-	0	5	16	5	2	-	2	2	2	2	2	3
cell_357	-	4	-	6	0	5	16	5	-	3	0	2	2	0	2	3
cell_358	0	-	-	6	0	5	-	5	2	3	0	2	2	0	2	-
cell_359	0	4	3	6	2	-	16	5	2	3	0	2	2	0	2	3
cell_360	-	4	3	6	16	5	16	5	2	3	2	2	2	-	2	-
cell_361	0	-	3	6	2	5	16	-	-	-	0	-	-	2	2	3
cell_362	0	4	3	6	-	5	16	5	2	2	0	2	-	2	2	3
cell_363	45	4	3	6	2	5	16	5	-	2	0	2	2	-	2	3
cell_364	45	4	3	6	2	5	-	5	2	-	0	2	2	0	2	3
cell_365	-	4	3	-	2	5	-	5	2	2	0	2	2	-	2	-
cell_366	-	-	3	6	2	5	-	5	-	-	-	-	2	9	-	3
cell_367	-	-	3	6	2	5	-	5	2	-	0	2	2	9	-	-
cell_368	2	4	3	6	-	5	16	5	2	2	0	-	2	9	-	3
cell_369	27	-	3	2	2	5	16	5	2	3	11	-	-	-	2	3
cell_370	-	4	3	-	0	5	16	5	2	0	11	2	2	2	2	3
cell_371	27	4	3	0	-	5	16	5	2	0	11	2	2	2	2	3
cell_372	27	4	3	2	0	5	-	5	2	0	11	2	2	-	2	-
cell_373	27	4	3	0	2	-	-	5	2	2	11	-	2	2	2	3
cell_374	-	4	3	-	2	5	16	5	2	0	11	2	2	2	2	3
cell_375	27	4	3	0	-	5	16	5	-	-	11	2	2	2	2	-
cell_376	27	4	3	0	-	5	16	5	2	0	11	-	-	2	2	3
cell_377	27	4	3	0	2	5	16	5	2	0	-	2	2	2	2	3
cell_378	27	4	3	0	2	5	16	5	2	-	0	-	2	-	2	-
cell_379	27	4	3	0	2	5	16	5	2	8	6	2	-	2	-	3
cell_380	27	4	3	0	2	-	16	5	2	0	6	-	2	2	2	-
cell_381	-	4	3	51	2	5	16	5	2	0	-	2	2	2	2	-
cell_382	-	-	3	-	2	-	16	-	2	0	-	2	-	2	2	3
cell_383	27	4	3	0	-	-	16	5	2	0	0	2	2	2	2	3
cell_384	27	4	-	0	-	5	16	-	2	0	-	-	2	2	2	3
cell_385	5	5	3	2	2	2	-	5	2	10	0	-	-	8	2	-
cell_386	5	5	-	2	2	-	-	-	2	10	3	2	5	8	2	5
cell_387	5	5	3	2	2	-	16	5	2	-	3	-	5	0	2	5
cell_388	5	-	3	2	2	2	16	5	2	-	3	-	-	2	2	5
cell_389	-	5	-	2	-	2	16	5	2	10	0	-	5	2	2	5
cell_390	5	-	-	2	2	2	-	5	-	10	0	2	-	0	2	5
cell_391	5	5	-	2	2	2	16	5	2	-	0	2	5	-	2	5
cell_392	5	5	3	2	2	-	16	5	2	10	0	2	5	0	2	5
cell_393	5	5	-	2	2	-	16	-	2	10	0	2	5	-	2	5
cell_394	5	5	3	2	2	2	16	5	2	-	0	2	-	0	2	5
cell_395	5	5	3	2	2	-	-	5	2	-	-	2	5	0	2	5
cell_396	5	5	3	2	2	-	16	5	2	10	8	-	5	5	2	5
cell_397	5	5	-	-	2	2	16	5	2	10	-	-	5	-	2	5
cell_398	-	-	3	2	2	-	16	5	2	10	0	2	5	0	2	5
cell_399	5	5	-	2	2	2	16	5	2	10	0	2	5	-	-	5
cell_400	-	5	3	2	2	-	16	5	-	10	0	2	5	0	2	-
cell_401	5	5	3	2	-	-	16	5	2	10	2	2	5	0	2	5
cell_402	5	5	3	2	2	0	16	5	-	10	-	2	-	0	-	5
cell_403	5	-	3	2	2	2	16	5	-	10	0	2	5	-	2	5
cell_404	5	5	-	2	2	2	16	5	2	-	0	2	5	0	2	5
cell_405	5	5	3	2	2	0	16	5	2	10	0	2	5	0	2	5
cell_406	5	5	3	2	2	0	16	5	2	-	0	2	-	0	2	5
cell_407	5	-	3	2	2	0	-	-	2	10	3	2	5	-	2	5
cell_408	5	-	3	2	2	-	16	5	2	10	3	2	-	2	2	5
cell_409	5	-	3	2	2	2	16	5	2	10	-	-	5	-	-	-
cell_410	5	5	3	2	2	0	-	5	2	10	2	2	5	2	2	5
cell_411	5	5	3	-	2	-	16	5	2	10	0	2	5	2	2	5
cell_412	5	5	-	2	2	-	16	5	2	10	-	2	5	-	-	5
cell_413	5	5	3	2	-	0	16	5	2	10	2	2	5	2	-	-
cell_414	5	5	-	2	2	0	16	5	2	10	-	2	5	2	2	5
cell_415	5	5	3	2	-	0	16	5	2	10	2	-	-	2	2	5
cell_416	5	5	3	2	2	0	-	5	2	-	2	2	5	2	2	-
cell_417	5	-	3	-	2	0	-	5	2	10	2	2	5	2	2	3
cell_418	5	-	3	2	2	-	16	5	2	10	0	-	5	2	2	3
cell_419	-	2	-	2	2	0	16	-	2	10	5	2	5	2	2	3
cell_420	5	2	3	2	2	2	16	5	2	10	2	2	5	2	2	3
cell_421	-	2	-	2	2	-	16	-	2	10	0	-	-	-	2	-
cell_422	5	2	3	-	2	5	16	5	-	10	0	-	5	2	2	3
cell_423	5	2	3	2	2	5	16	5	2	10	-	2	5	2	2	0
cell_424	5	2	3	2	2	-	16	5	2	10	0	2	5	2	2	-
cell_425	5	2	3	-	2	0	-	5	2	10	-	2	5	2	2	0
cell_426	5	2	3	2	2	4	-	5	2	-	-	-	5	2	2	2
cell_427	5	2	-	2	2	2	16	5	2	-	-	2	5	2	-	8
cell_428	-	-	3	2	2	-	16	5	2	10	-	2	-	2	-	8
cell_429	5	2	3	2	2	-	16	5	2	10	2	2	5	2	2	0
cell_430	5	2	-	-	2	0	16	5	2	10	2	-	5	2	-	0
cell_431	5	2	3	2	2	0	-	5	2	10	-	2	5	-	-	0
cell_432	5	2	3	2	2	0	16	5	2	-	2	2	5	-	2	0
cell_433	5	-	3	2	2	2	16	5	2	10	2	2	-	2	-	3
cell_434	5	2	3	-	2	2	-	-	2	10	-	-	5	2	2	3
cell_435	5	2	3	-	2	2	16	-	2	10	2	2	-	2	2	3
cell_436	5	2	3	-	2	2	16	-	2	-	0	2	5	2	2	-
cell_437	5	2	3	-	2	2	16	5	2	10	-	2	5	2	2	0
cell_438	5	2	3	2	2	-	-	5	-	10	-	-	5	2	2	0
cell_439	5	2	3	-	2	2	16	5	2	10	-	2	-	2	2	-
cell_440	5	2	3	2	2	-	-	-	2	10	0	2	5	2	2	-
cell_441	5	2	3	2	2	2	16	5	2	10	2	2	5	2	2	-
cell_442	5	2	3	-	2	2	16	5	2	10	2	2	5	2	2	4
cell_443	5	-	3	2	-	2	-	5	2	10	2	2	5	2	-	4
cell_444	5	2	3	2	-	2	16	5	2	10	2	2	5	2	-	4
cell_445	5	-	3	2	2	-	16	5	2	-	2	2	5	2	2	4
cell_446	5	2	3	-	2	2	-	5	2	10	2	2	5	2	2	4
cell_447	5	2	-	2	-	2	16	-	-	10	-	2	5	2	2	4
cell_448	5	-	3	2	2	2	-	-	2	-	-	2	5	2	2	4
cell_449	-	0	3	0	-	2	16	5	-	10	2	2	5	2	2	49
cell_450	5	0	3	0	2	2	16	5	5	-	2	-	5	-	2	49
cell_451	5	2	3	15	2	-	-	5	-	10	2	2	-	2	-	0
cell_452	5	0	3	5	2	2	-	-	5	10	2	2	5	2	2	11
cell_453	5	3	3	2	2	2	16	5	5	10	2	2	5	2	-	0
cell_454	5	3	3	0	2	-	16	5	-	10	2	2	-	2	-	0
cell_455	5	-	3	-	2	2	16	5	5	10	2	2	5	2	2	0
cell_456	5	-	3	14	2	2	16	5	5	10	2	2	-	2	2	2
cell_457	5	5	3	2	2	2	16	5	5	10	2	2	5	2	2	0
cell_458	5	5	-	2	2	2	16	5	5	10	2	2	5	-	-	0
cell_459	5	5	3	4	-	2	16	5	5	10	2	2	-	-	-	2
cell_460	5	5	3	4	2	2	16	5	5	10	2	2	5	-	2	2
cell_461	5	5	-	2	2	2	-	5	5	-	2	2	5	2	2	2
cell_462	5	-	-	2	2	-	16	5	-	10	2	2	5	0	2	2
cell_463	-	5	3	2	2	2	16	5	5	-	2	2	5	0	2	2
cell_464	5	5	3	2	-	-	16	5	5	10	2	2	-	0	2	2
cell_465	5	2	3	5	2	2	16	5	-	10	2	2	5	-	-	0
cell_466	5	2	3	-	2	-	16	5	5	10	2	-	5	2	-	0
cell_467	5	-	-	5	-	-	16	5	5	10	2	2	5	2	2	0
cell_468	5	-	3	-	2	-	16	-	5	10	2	2	5	-	-	2
cell_469	5	2	3	-	2	-	-	5	5	10	2	2	5	2	2	0
cell_470	-	2	-	5	2	2	16	-	5	-	-	2	-	2	2	-
cell_471	5	2	3	5	2	2	16	5	-	10	2	-	5	0	-	0
cell_472	5	2	3	5	2	2	16	-	5	10	2	-	5	0	2	0
cell_473	5	0	3	5	5	-	-	5	-	10	2	2	5	0	-	2
cell_474	5	2	3	-	5	-	16	-	5	10	-	2	5	0	2	2
cell_475	5	0	-	5	5	2	-	5	-	10	2	2	-	-	2	2
cell_476	5	-	-	5	5	2	16	5	-	10	-	2	5	0	-	2
cell_477	5	42	3	-	5	2	16	5	5	10	2	-	5	2	-	2
cell_478	5	-	-	5	-	2	16	5	5	-	2	2	5	2	2	2
cell_479	5	-	3	5	5	2	16	5	5	10	2	2	5	2	2	2
cell_480	-	0	3	5	-	-	16	5	-	10	-	2	-	2	2	2
cell_481	5	2	3	0	5	2	-	-	5	10	2	2	5	0	2	5
cell_482	5	-	3	0	9	2	16	5	5	10	2	2	5	0	2	-
cell_483	-	2	3	-	-	-	16	5	5	-	2	2	5	0	2	5
cell_484	-	2	3	-	5	2	16	5	5	10	2	2	5	0	2	5
cell_485	5	-	3	0	0	3	16	-	5	10	2	2	-	0	2	-
cell_486	5	2	3	-	0	3	16	-	5	-	2	2	5	-	-	5
cell_487	5	2	-	0	0	0	16	5	5	10	2	2	5	-	2	5
cell_488	5	2	3	2	0	0	16	5	5	10	-	2	-	0	-	5
cell_489	5	0	3	0	2	2	16	5	-	10	2	2	-	0	2	-
cell_490	5	0	3	-	-	-	-	-	5	-	-	-	5	0	2	5
cell_491	-	-	3	-	3	2	16	5	-	10	-	2	5	-	-	5
cell_492	-	5	3	0	0	2	-	5	5	10	-	2	5	2	2	5
cell_493	5	49	3	0	0	-	16	5	5	-	2	2	5	8	2	5
cell_494	-	49	-	0	2	2	16	5	5	10	2	2	5	8	2	5
cell_495	-	-	3	0	-	-	16	5	5	10	2	2	5	0	-	-
cell_496	5	0	3	-	0	2	16	5	5	10	2	2	5	-	2	5
cell_497	5	2	3	0	2	-	16	-	5	-	2	2	5	0	2	5
cell_498	5	2	3	-	0	2	16	5	5	10	2	2	5	0	2	-
cell_499	5	2	3	2	-	0	16	5	-	10	2	2	-	0	2	5
cell_500	5	2	3	-	0	0	-	5	5	10	2	2	5	0	2	5
cell_501	5	2	3	2	74	14	16	5	5	-	2	-	5	-	-	5
cell_502	5	2	3	2	74	14	16	5	5	10	2	-	5	-	2	5
cell_503	5	2	3	2	74	14	16	5	-	10	2	2	5	-	2	-
cell_504	5	-	3	-	74	14	-	-	-	10	-	-	5	0	2	5
cell_505	-	-	3	0	5	0	16	5	5	10	2	-	5	2	-	5
cell_506	5	0	3	0	5	0	16	5	-	10	-	2	5	2	2	5
cell_507	5	-	3	-	5	0	16	5	5	-	2	2	5	2	2	5
cell_508	5	-	3	0	5	0	16	-	-	10	2	2	5	5	2	5
cell_509	-	-	3	32	0	0	16	-	5	10	2	2	5	26	2	5
cell_510	-	-	3	32	0	0	16	5	5	-	-	2	5	0	2	5
cell_511	5	2	3	32	-	0	16	5	-	10	2	2	5	2	2	-
cell_512	5	2	3	32	-	0	16	5	5	10	2	2	-	2	2	5
cell_513	2	2	2	0	10	-	0	3	2	5	3	-	12	3	2	10
cell_514	2	2	2	0	-	2	0	-	2	5	-	3	12	3	2	-
cell_515	2	2	2	-	10	2	0	3	2	5	3	3	12	3	2	10
cell_516	-	2	-	-	10	2	0	-	2	-	3	3	-	3	-	10
cell_517	2	2	2	-	10	-	5	3	-	5	3	-	2	3	2	10
cell_518	2	-	2	-	-	2	0	3	2	-	-	0	2	3	2	10
cell_519	2	2	2	2	-	2	3	3	-	5	3	0	0	-	2	10
cell_520	2	2	2	2	10	2	3	-	2	5	-	0	0	3	2	-
cell_521	2	2	2	-	10	2	2	4	2	-	3	2	3	3	-	10
cell_522	2	2	-	0	10	2	2	-	2	5	-	2	0	-	2	10
cell_523	2	2	2	0	10	-	2	4	2	5	3	2	-	3	2	-
cell_524	2	2	2	0	-	2	0	4	2	5	3	2	3	3	-	10
cell_525	2	2	-	-	10	2	2	4	2	5	3	2	2	3	2	10
cell_526	2	2	2	-	-	2	0	4	-	5	3	2	2	-	2	10
cell_527	-	2	2	2	-	2	-	4	2	5	3	2	2	3	2	-
cell_528	2	2	2	-	10	2	2	4	2	5	3	2	2	3	2	10
cell_529	2	2	2	2	10	2	-	0	2	5	3	3	2	3	-	10
cell_530	2	-	2	2	10	2	2	-	2	-	3	-	2	3	8	-
cell_531	2	-	2	0	10	2	2	0	-	5	3	3	2	3	-	-
cell_532	2	2	2	2	10	2	2	0	-	5	3	3	2	3	8	10
cell_533	2	2	2	-	-	2	-	2	-	5	3	3	2	-	8	10
cell_534	-	2	2	-	-	-	-	2	2	5	-	-	2	3	8	10
cell_535	2	-	2	2	10	2	2	0	2	5	3	3	2	3	8	10
cell_536	2	2	2	-	-	-	2	5	-	5	3	3	2	3	8	10
cell_537	2	2	-	8	10	2	2	0	-	-	-	-	2	3	0	10
cell_538	2	2	-	8	10	2	2	2	2	5	3	3	-	3	-	-
cell_539	2	-	-	8	10	2	2	-	2	-	-	3	2	3	2	-
cell_540	2	2	2	8	-	2	2	-	2	5	-	-	-	3	2	10
cell_541	2	2	2	8	10	2	-	8	2	5	3	3	2	3	0	10
cell_542	2	-	2	8	10	-	2	12	2	5	3	3	2	3	-	-
cell_543	-	-	2	8	10	2	-	-	2	-	3	-	2	3	3	10
cell_544	2	2	2	8	-	-	2	0	2	5	3	3	2	3	2	10
cell_545	-	2	-	2	10	-	-	-	2	5	3	3	2	3	8	10
cell_546	2	2	2	2	10	2	0	3	-	5	3	3	-	3	8	10
cell_547	-	2	2	-	10	2	0	0	2	5	3	3	0	3	8	10
cell_548	5	-	2	-	10	2	0	0	2	5	3	3	-	3	8	10
cell_549	0	-	-	2	10	2	-	11	2	5	3	3	3	3	-	10
cell_550	6	2	-	-	10	2	2	11	2	5	3	3	0	3	8	10
cell_551	8	-	2	2	-	-	0	4	2	5	3	3	0	3	-	10
cell_552	-	2	2	2	10	2	0	0	2	-	3	3	0	3	8	-
cell_553	2	2	-	-	10	2	2	2	2	5	3	3	-	3	2	10
cell_554	0	2	2	2	10	2	2	2	2	5	-	-	3	3	-	10
cell_555	4	2	2	2	10	2	2	2	2	5	3	-	-	3	2	10
cell_556	-	2	2	2	-	2	2	-	2	5	3	3	0	3	2	10
cell_557	-	2	2	2	10	2	5	0	2	5	3	3	3	-	-	10
cell_558	0	-	2	2	-	2	0	0	2	-	3	3	0	3	2	10
cell_559	0	-	2	2	10	2	0	-	-	5	3	3	0	-	0	10
cell_560	-	2	2	2	10	2	4	0	2	5	3	3	0	3	0	10
cell_561	-	2	2	2	10	-	0	-	2	5	3	3	0	3	0	10
cell_562	2	2	2	2	10	2	0	4	2	-	3	3	0	-	12	10
cell_563	2	2	2	2	10	2	0	-	-	5	3	-	0	3	5	10
cell_564	2	2	2	2	-	2	2	4	-	5	3	3	0	3	5	10
cell_565	2	2	2	-	10	2	0	-	2	5	3	3	2	-	5	10
cell_566	2	2	2	-	10	2	0	4	2	5	3	3	2	3	5	-
cell_567	2	2	-	2	10	2	-	-	2	-	3	3	-	3	5	-
cell_568	2	2	2	2	10	2	0	4	-	5	-	-	0	3	-	-
cell_569	2	2	2	2	10	2	0	-	2	5	3	3	0	-	-	10
cell_570	-	2	2	2	10	2	0	-	2	5	3	3	3	3	6	10
cell_571	2	2	2	2	10	2	0	-	2	5	3	3	-	3	6	10
cell_572	2	2	2	2	10	2	0	-	2	5	3	3	0	3	-	10
cell_573	2	2	2	2	10	2	0	4	2	5	3	3	4	3	-	10
cell_574	2	2	-	2	10	2	0	4	2	-	3	3	4	3	6	10
cell_575	-	2	-	2	10	2	-	4	2	5	3	3	0	3	6	10
cell_576	2	2	2	2	-	2	-	4	2	5	3	3	0	3	-	10
cell_577	0	-	2	2	10	2	-	2	-	5	3	2	0	3	-	0
cell_578	0	-	2	2	-	-	2	0	2	5	3	2	0	3	5	2
cell_579	0	2	2	2	10	2	2	2	2	5	3	2	2	-	5	0
cell_580	0	2	2	2	10	2	2	2	2	5	3	2	2	3	5	0
cell_581	0	-	2	3	10	2	-	0	-	-	3	2	0	-	5	3
cell_582	0	2	2	0	-	2	2	5	2	5	3	2	0	3	5	-
cell_583	2	-	2	2	10	2	2	0	2	5	3	-	2	3	5	-
cell_584	0	2	2	2	-	2	2	-	2	5	3	2	0	3	5	0
cell_585	8	2	2	2	10	2	-	0	2	-	-	4	0	3	5	0
cell_586	8	2	2	2	10	-	2	-	2	5	3	-	-	3	5	-
cell_587	8	2	2	0	10	-	2	-	2	5	3	2	0	3	5	-
cell_588	8	2	2	0	10	2	-	-	-	5	3	0	0	-	5	0
cell_589	8	2	2	2	10	2	2	0	2	5	3	2	4	3	5	-
cell_590	-	2	2	2	10	-	-	0	2	-	3	2	4	3	5	2
cell_591	8	2	2	0	-	-	2	0	2	5	-	0	-	3	5	0
cell_592	8	2	-	-	10	-	2	8	2	5	3	2	2	-	-	0
cell_593	2	2	2	0	10	2	2	2	2	5	3	-	0	3	5	0
cell_594	2	-	2	0	-	-	2	-	-	-	-	2	0	3	5	2
cell_595	2	2	-	-	10	2	2	2	2	5	3	2	0	3	-	0
cell_596	2	2	2	5	10	-	2	2	2	5	3	2	0	3	5	0
cell_597	2	-	-	26	10	2	2	-	-	-	3	2	0	3	5	-
cell_598	2	2	2	26	10	-	2	2	-	-	3	2	4	3	-	-
cell_599	2	2	2	-	10	2	2	-	2	-	3	2	0	3	5	-
cell_600	2	2	2	-	10	-	2	0	2	5	3	2	-	3	5	0
cell_601	2	2	-	0	-	2	2	41	-	5	3	4	-	3	5	2
cell_602	2	2	2	0	10	2	2	41	2	5	3	4	0	-	5	2
cell_603	2	2	2	0	10	2	2	41	2	5	3	4	-	3	5	0
cell_604	2	2	2	0	10	2	2	41	-	5	-	4	0	3	5	0
cell_605	2	2	-	0	10	2	2	0	2	5	3	0	2	3	-	-
cell_606	2	-	2	2	10	2	-	0	2	5	3	0	-	-	5	-
cell_607	2	2	2	0	10	2	-	5	2	5	3	0	2	3	5	27
cell_608	2	2	-	-	10	2	2	5	2	5	3	0	-	3	5	-
cell_609	2	2	2	0	-	2	2	-	-	-	-	-	-	3	5	2
cell_610	2	-	2	8	10	2	-	-	-	-	-	-	-	3	5	-
cell_611	2	2	2	-	10	-	-	-	-	-	-	-	-	3	5	5
cell_612	-	2	2	0	10	-	2	-	-	-	-	-	-	-	-	5
cell_613	2	2	2	5	10	2	2	-	-	-	-	-	-	3	5	2
cell_614	2	2	2	5	10	2	2	-	-	-	-	-	-	3	5	2
cell_615	2	-	2	0	10	2	2	-	-	-	-	-	-	3	-	-
cell_616	2	-	2	5	10	2	2	-	-	-	-	-	-	3	5	0
cell_617	2	-	2	13	-	-	2	-	-	-	-	-	-	-	5	-
cell_618	2	2	2	-	10	2	2	-	-	-	-	-	-	3	5	2
cell_619	2	-	2	-	10	2	-	-	-	-	-	-	-	3	-	2
cell_620	2	2	2	13	10	-	-	-	-	-	-	-	-	3	5	2
cell_621	2	-	2	13	10	2	-	-	-	-	-	-	-	-	-	5
cell_622	-	2	2	13	10	-	2	-	-	-	-	-	-	3	5	5
cell_623	2	2	2	13	10	2	2	-	-	-	-	-	-	3	5	2
cell_624	-	2	2	-	10	2	2	-	-	-	-	-	-	3	5	2
cell_625	-	2	2	-	10	2	2	0	2	-	3	0	5	3	-	5
cell_626	2	2	2	0	10	2	2	0	2	5	3	-	5	-	5	0
cell_627	2	2	2	2	10	2	2	0	2	-	3	0	-	3	5	-
cell_628	2	2	2	2	10	2	2	-	-	-	3	0	5	3	5	5
cell_629	2	-	-	5	10	2	2	-	-	-	3	11	5	3	-	0
cell_630	2	2	-	-	10	2	2	-	-	5	3	11	-	3	5	0
cell_631	2	-	2	0	-	2	-	0	2	-	3	11	5	3	5	46
cell_632	2	2	2	0	10	2	2	0	2	-	3	11	5	3	5	0
cell_633	2	-	-	2	-	-	2	2	-	5	-	2	5	3	5	5
cell_634	2	2	-	-	10	2	2	0	2	5	3	2	5	3	5	5
cell_635	2	2	2	0	10	2	2	2	-	5	3	2	-	-	5	5
cell_636	2	-	2	0	-	2	-	2	-	5	3	2	5	3	5	-
cell_637	2	2	2	-	-	-	-	-	-	-	-	-	5	3	-	-
cell_638	2	2	2	0	10	2	2	0	2	5	3	0	5	-	5	2
cell_639	2	2	2	0	10	2	2	2	2	-	3	3	5	3	5	0
cell_640	2	2	-	0	10	-	2	0	-	5	3	3	5	3	5	0
cell_641	-	-	2	5	5	2	0	0	2	-	3	3	-	2	3	5
cell_642	8	-	2	-	5	2	0	0	2	2	3	3	0	-	3	-
cell_643	8	-	2	5	5	2	5	-	2	-	3	3	110	-	3	5
cell_644	8	2	2	5	-	2	-	5	2	2	3	3	0	2	3	5
cell_645	2	2	2	5	5	2	0	-	2	2	-	-	5	2	-	5
cell_646	-	-	2	5	5	2	0	3	-	2	-	3	-	2	3	5
cell_647	2	2	2	5	5	2	0	3	2	2	3	3	2	2	3	-
cell_648	-	2	2	5	-	2	0	-	2	-	3	3	0	2	3	5
cell_649	4	2	2	-	5	2	-	-	2	2	3	3	0	2	2	5
cell_650	0	2	-	5	5	2	2	2	-	2	-	3	-	-	2	5
cell_651	-	2	2	5	-	2	2	2	2	-	3	3	2	-	-	-
cell_652	-	2	2	-	5	2	-	-	-	2	3	3	-	2	2	5
cell_653	0	2	2	-	5	2	0	2	2	2	3	3	4	2	-	5
cell_654	0	2	2	5	-	2	0	0	2	-	3	3	4	-	2	-
cell_655	0	2	2	5	5	2	2	0	2	-	3	-	0	2	2	5
cell_656	0	2	2	-	-	2	-	0	2	2	3	3	0	2	-	5
cell_657	12	2	2	-	5	2	16	0	-	0	3	3	-	2	0	5
cell_658	12	2	-	5	-	2	16	9	2	0	3	-	5	-	0	5
cell_659	12	-	2	5	-	-	0	0	2	6	-	-	5	2	0	5
cell_660	12	2	2	5	-	2	0	0	-	0	-	3	5	-	5	5
cell_661	2	2	2	5	5	2	2	0	2	0	3	3	5	2	5	5
cell_662	2	2	2	-	-	2	2	0	2	0	-	3	5	2	3	5
cell_663	2	-	2	5	5	2	0	-	2	0	-	3	5	2	0	5
cell_664	2	-	2	5	5	2	3	2	2	-	3	3	-	2	0	5
cell_665	0	2	-	5	5	2	2	0	2	0	3	3	5	2	2	5
cell_666	0	2	2	5	5	-	-	0	2	0	3	3	5	-	2	5
cell_667	3	2	2	5	5	2	2	0	2	0	-	3	5	2	-	5
cell_668	3	2	2	5	5	2	-	3	2	0	-	3	5	2	2	5
cell_669	2	2	2	5	5	2	0	0	2	0	3	-	5	2	2	-
cell_670	-	2	-	5	-	2	0	0	2	0	3	3	5	2	2	5
cell_671	-	2	2	-	-	2	-	-	2	2	-	-	5	2	2	-
cell_672	3	-	2	5	5	2	-	0	2	-	3	3	5	2	2	5
cell_673	0	-	2	0	5	2	0	0	2	2	-	-	0	2	-	-
cell_674	0	-	2	0	5	2	0	0	2	2	3	3	-	2	0	5
cell_675	5	2	2	-	5	2	2	0	2	2	3	3	0	-	0	5
cell_676	5	2	2	0	5	2	0	0	2	2	3	3	-	2	0	5
cell_677	-	-	2	-	-	2	0	-	2	-	3	3	4	2	5	5
cell_678	15	2	2	0	5	2	0	-	2	-	3	3	-	2	5	-
cell_679	0	2	2	0	-	2	0	3	2	2	-	3	-	2	4	5
cell_680	0	-	2	0	5	2	0	0	2	2	3	3	4	2	4	-
cell_681	3	2	2	2	5	2	0	-	2	0	-	3	0	-	2	5
cell_682	3	-	-	2	5	2	0	-	2	0	3	3	-	2	0	5
cell_683	-	2	2	2	5	2	0	-	-	-	3	3	4	2	2	5
cell_684	3	2	2	2	5	2	0	-	2	0	3	-	4	2	2	-
cell_685	3	2	2	0	-	-	4	-	-	0	-	3	-	2	0	5
cell_686	3	2	2	0	5	2	4	2	2	3	3	3	2	2	0	5
cell_687	-	2	2	0	5	2	4	2	2	-	3	3	2	2	0	5
cell_688	3	2	-	-	5	2	4	2	2	0	3	3	2	2	26	-
cell_689	0	2	2	3	-	2	5	3	2	-	3	3	2	2	0	5
cell_690	4	2	2	3	5	2	-	3	2	0	3	3	2	2	0	5
cell_691	0	2	2	-	5	2	0	3	2	0	3	-	2	2	0	5
cell_692	0	2	-	2	5	2	-	3	2	0	-	3	2	-	2	5
cell_693	3	2	-	0	5	2	0	3	2	0	3	3	-	2	-	5
cell_694	-	-	-	0	5	2	-	-	2	0	3	3	2	2	-	5
cell_695	-	-	2	-	5	2	0	3	2	3	3	3	2	2	0	5
cell_696	3	2	2	0	5	2	0	3	2	3	3	3	2	-	-	-
cell_697	3	2	2	0	5	-	2	3	2	-	-	3	2	-	0	-
cell_698	3	2	2	0	-	-	0	3	2	-	3	3	2	-	-	5
cell_699	3	2	2	5	5	2	2	-	-	0	3	3	2	2	0	-
cell_700	3	2	-	0	5	2	0	-	-	0	3	3	-	2	0	5
cell_701	10	2	2	0	5	2	0	-	2	5	3	3	-	2	0	-
cell_702	10	2	2	2	5	2	0	3	-	5	3	3	2	2	0	-
cell_703	-	2	-	-	-	2	0	3	2	5	-	3	2	2	3	-
cell_704	10	2	2	3	5	2	0	3	2	5	3	-	-	2	-	5
cell_705	-	2	-	15	-	-	2	4	-	3	-	-	-	5	2	-
cell_706	0	2	2	15	5	-	2	-	2	-	3	-	2	-	2	2
cell_707	0	2	2	15	5	2	2	0	2	0	3	7	0	5	2	2
cell_708	-	2	2	15	5	2	-	-	2	0	3	-	0	5	2	2
cell_709	-	2	2	-	5	2	2	3	2	-	3	7	0	5	2	2
cell_710	0	2	2	15	5	2	2	0	2	0	3	7	10	5	2	2
cell_711	-	2	2	-	5	2	-	2	-	0	3	7	-	5	2	-
cell_712	0	2	2	15	-	2	2	0	-	0	3	7	9	5	2	2
cell_713	0	2	2	6	5	2	-	2	2	2	3	-	0	5	2	0
cell_714	-	2	2	-	5	2	2	2	2	2	-	7	0	5	0	0
cell_715	-	2	2	6	5	-	2	2	2	-	3	7	0	-	0	2
cell_716	-	2	2	-	5	2	-	2	2	-	3	7	0	5	0	0
cell_717	0	2	2	6	5	2	-	0	2	3	3	7	-	5	-	2
cell_718	0	2	2	6	5	-	2	0	2	3	-	-	0	5	0	2
cell_719	0	-	-	6	5	2	2	0	2	-	-	-	-	5	2	0
cell_720	-	2	-	6	5	2	2	0	-	10	3	7	-	-	2	0
cell_721	0	2	2	2	-	2	2	-	2	4	-	4	2	0	0	5
cell_722	-	2	2	2	5	2	2	-	2	4	3	4	9	-	0	5
cell_723	-	-	2	2	-	-	2	3	2	-	3	4	-	0	-	-
cell_724	0	-	2	2	5	2	2	3	2	4	3	-	2	0	2	-
cell_725	-	2	2	-	-	2	2	3	2	5	3	4	4	0	-	-
cell_726	-	2	2	2	5	2	2	3	2	5	3	4	-	0	2	0
cell_727	0	2	-	2	5	2	2	3	-	0	3	4	0	4	2	10
cell_728	2	2	2	2	5	2	2	3	2	0	3	4	0	4	-	0
cell_729	-	-	-	-	-	-	-	-	-	-	-	-	-	-	-	-
cell_730	-	-	-	-	-	-	-	-	-	-	-	-	-	-	-	-
cell_731	0	2	2	-	5	2	2	-	2	2	-	4	0	-	0	0
cell_732	0	-	2	-	5	2	2	3	2	-	3	-	5	0	5	0
cell_733	-	2	-	-	-	2	2	-	2	2	3	4	0	0	5	2
cell_734	0	2	2	-	-	2	2	3	2	2	3	4	0	-	5	2
cell_735	0	2	2	0	5	-	2	3	2	-	-	4	-	-	5	-
cell_736	0	2	2	0	5	2	2	3	-	-	3	4	0	-	5	0
cell_737	0	2	2	2	5	2	2	2	2	2	3	0	-	0	12	2
cell_738	0	2	2	2	-	2	2	2	2	-	3	0	-	0	12	-
cell_739	0	2	2	-	5	2	2	2	2	2	3	0	10	0	12	2
cell_740	-	2	-	-	5	2	2	2	2	2	3	-	-	0	12	2
cell_741	0	-	2	2	-	2	-	2	2	2	3	-	10	0	-	2
cell_742	-	2	2	2	5	-	2	2	2	2	-	2	10	2	-	2
cell_743	5	2	-	2	5	2	2	2	2	2	3	0	10	2	12	2
cell_744	-	2	2	-	5	2	2	2	-	-	3	0	10	-	12	-
cell_745	2	2	2	2	5	-	2	2	2	-	3	0	-	5	2	-
cell_746	2	2	2	-	5	2	2	2	2	2	3	0	-	-	2	2
cell_747	5	2	-	2	-	2	2	-	2	2	3	4	0	5	-	2
cell_748	5	2	-	-	5	2	2	2	-	2	3	0	0	-	2	-
cell_749	2	-	2	2	5	2	-	2	2	2	3	0	3	5	2	2
cell_750	-	2	2	-	-	2	-	2	2	2	3	-	3	5	2	2
cell_751	0	2	2	2	-	2	2	2	-	-	3	0	3	5	2	2
cell_752	0	2	-	-	-	2	2	-	-	2	3	-	3	-	2	2
cell_753	0	2	2	-	-	2	-	2	2	2	-	-	0	-	2	2
cell_754	0	2	2	3	-	2	2	2	2	2	3	-	0	54	2	2
cell_755	0	2	2	3	5	2	2	2	2	2	-	0	0	-	2	2
cell_756	2	2	2	-	5	2	2	2	2	2	3	0	-	30	2	2
cell_757	3	2	2	0	5	2	2	2	-	-	3	0	0	0	0	2
cell_758	5	-	2	0	-	-	2	2	2	2	3	0	0	0	-	-
cell_759	0	2	2	2	5	-	2	2	2	2	-	0	0	-	0	2
cell_760	-	2	2	-	5	2	2	2	-	2	3	0	2	0	0	2
cell_761	0	2	-	-	-	-	-	-	-	-	-	-	-	-	-	2
cell_762	-	2	2	0	5	2	2	2	2	-	3	0	2	0	-	2
cell_763	5	2	-	2	5	2	2	2	2	2	3	8	2	0	0	2
cell_764	5	2	2	0	5	2	2	2	-	2	3	8	2	-	9	2
cell_765	0	2	2	2	5	-	2	2	2	-	3	2	2	2	0	2
cell_766	0	2	2	2	5	2	2	2	-	0	3	2	-	-	-	-
cell_767	-	2	2	2	5	2	2	2	2	2	3	2	2	2	74	2
cell_768	4	2	-	2	-	2	-	2	2	0	-	2	2	-	0	2
cell_769	5	2	2	2	-	2	-	0	2	8	3	3	2	2	2	2
cell_770	-	2	2	2	-	-	2	0	2	-	-	3	2	2	2	2
cell_771	5	-	2	2	2	2	2	5	2	8	3	3	-	2	2	2
cell_772	5	-	2	-	2	2	2	0	-	8	3	-	56	2	2	2
cell_773	5	2	2	2	2	2	2	0	2	-	3	-	0	2	2	2
cell_774	5	2	2	2	2	2	2	0	2	8	3	3	-	2	2	2
cell_775	5	2	2	2	-	-	2	0	2	8	3	3	11	-	2	-
cell_776	5	2	2	2	2	2	-	-	2	8	3	-	2	2	2	2
cell_777	5	2	2	2	2	2	-	4	2	8	3	-	2	2	2	2
cell_778	5	2	2	2	2	-	2	4	2	8	3	3	2	2	-	2
cell_779	-	2	2	2	2	2	2	0	2	-	3	3	-	2	2	2
cell_780	5	2	2	2	2	2	2	0	2	8	3	3	2	2	2	2
cell_781	5	-	2	2	2	2	-	0	2	-	3	3	3	2	2	-
cell_782	5	2	2	-	-	-	-	2	2	8	3	3	-	2	2	2
cell_783	5	-	2	2	2	-	2	0	2	8	3	-	3	2	2	2
cell_784	5	-	2	2	2	2	-	2	-	8	3	-	3	2	-	-
cell_785	5	2	2	2	2	2	2	120	2	2	3	3	0	2	2	2
cell_786	5	2	2	2	2	2	2	120	2	2	3	3	-	2	2	2
cell_787	5	-	2	2	2	2	2	120	-	-	3	-	0	2	2	-
cell_788	5	-	2	2	2	2	2	120	2	-	3	3	2	2	2	2
cell_789	-	2	2	-	-	2	2	120	2	2	-	-	5	2	2	2
cell_790	5	2	-	2	2	-	-	120	2	-	3	-	5	-	2	2
cell_791	5	2	2	-	2	2	2	120	2	2	-	3	5	2	-	2
cell_792	5	2	2	2	-	2	2	120	2	2	3	3	0	2	-	-
cell_793	5	2	2	2	-	2	2	120	2	2	3	3	3	-	2	2
cell_794	5	2	2	-	-	2	2	-	-	-	3	3	3	2	2	2
cell_795	-	2	2	2	2	2	2	-	2	2	3	3	-	-	2	-
cell_796	5	2	2	2	2	2	2	120	2	-	3	3	3	2	2	2
cell_797	5	2	-	-	2	2	2	120	2	2	-	-	3	2	2	2
cell_798	-	2	2	2	-	2	-	120	2	2	3	3	3	-	2	2
cell_799	5	2	2	-	2	2	2	120	2	2	-	-	3	-	-	2
cell_800	5	2	2	2	2	2	2	120	-	2	3	3	3	2	2	2
cell_801	-	2	0	2	2	2	2	0	-	20	3	3	2	2	2	2
cell_802	5	2	0	2	2	2	2	2	2	20	3	3	2	2	2	2
cell_803	5	2	2	2	-	2	2	0	2	20	3	3	2	2	2	-
cell_804	5	2	0	2	2	2	2	0	-	20	3	3	2	2	2	2
cell_805	5	2	0	-	2	2	2	2	2	20	3	3	2	2	2	2
cell_806	5	2	-	-	2	-	2	2	2	20	3	3	2	2	2	2
cell_807	5	2	0	2	2	2	2	-	2	20	3	3	-	2	2	2
cell_808	5	2	0	-	2	2	-	0	2	20	3	3	2	2	-	2
cell_809	-	2	-	2	-	2	2	0	2	20	3	3	2	2	2	-
cell_810	-	2	2	2	2	2	2	0	2	20	3	3	2	2	2	2
cell_811	5	-	-	2	2	2	2	0	2	20	3	3	2	2	-	2
cell_812	-	2	-	-	2	2	2	3	2	20	-	3	2	2	2	-
cell_813	-	2	0	2	2	2	2	0	-	20	3	3	-	2	2	2
cell_814	-	2	0	2	2	2	2	0	2	-	3	-	2	-	2	2
cell_815	5	-	0	2	2	2	2	4	2	20	3	3	2	-	2	2
cell_816	5	-	0	2	-	-	2	-	2	20	-	3	-	2	2	2
cell_817	5	2	3	2	2	2	2	2	-	20	-	3	2	2	2	-
cell_818	5	2	3	2	-	2	2	-	-	20	3	3	2	-	2	2
cell_819	5	2	-	2	2	2	2	0	2	20	3	3	2	2	2	2
cell_820	5	2	3	2	2	2	2	0	2	20	3	3	2	2	2	2
cell_821	5	2	3	2	-	2	-	0	2	20	3	-	-	2	-	-
cell_822	5	2	3	2	2	2	2	0	2	20	3	3	2	2	-	-
cell_823	5	2	3	-	2	-	2	-	2	20	3	3	2	2	-	2
cell_824	5	2	-	-	-	2	2	0	2	20	3	3	-	-	2	2
cell_825	5	2	3	2	2	2	2	-	2	20	3	-	2	2	2	2
cell_826	5	-	3	-	2	2	2	0	2	20	3	3	2	-	2	-
cell_827	5	2	3	2	2	2	-	0	2	-	3	3	-	2	2	-
cell_828	-	-	3	-	2	2	2	0	2	-	3	3	2	2	-	2
cell_829	-	2	3	2	2	-	-	0	2	20	3	3	2	2	2	2
cell_830	5	-	3	2	2	-	2	0	2	20	3	3	2	-	2	2
cell_831	5	2	-	2	2	2	2	0	2	20	3	3	-	2	2	2
cell_832	5	2	3	2	2	2	2	-	2	20	3	3	2	-	2	-
cell_833	0	2	0	2	-	-	2	3	-	2	3	4	2	-	2	-
cell_834	0	-	0	2	2	-	-	3	2	2	-	4	2	2	2	3
cell_835	0	2	2	2	2	2	2	3	2	-	3	4	2	2	2	3
cell_836	0	2	2	2	2	2	2	3	2	2	-	-	2	2	-	3
cell_837	-	2	0	2	2	2	2	3	2	2	3	4	5	2	-	0
cell_838	-	2	-	2	2	-	2	3	-	2	3	4	5	2	2	-
cell_839	0	-	0	2	2	2	2	3	2	2	3	4	5	2	2	0
cell_840	0	2	0	2	2	-	2	3	2	-	3	4	-	2	-	0
cell_841	5	-	0	2	2	2	2	3	-	2	3	-	0	2	2	5
cell_842	5	-	0	-	2	-	2	3	2	2	3	4	0	2	-	-
cell_843	5	2	2	2	2	2	2	3	2	-	3	4	0	-	-	0
cell_844	5	2	2	2	2	2	2	-	2	2	3	4	-	2	2	0
cell_845	5	-	2	-	2	2	2	3	2	2	3	-	-	2	-	3
cell_846	5	2	0	2	2	2	2	3	2	-	3	4	2	2	2	3
cell_847	5	2	0	2	2	2	-	3	2	2	3	-	0	-	2	-
cell_848	5	2	0	2	2	2	2	-	2	-	3	4	0	2	2	3
cell_849	13	2	2	2	2	-	2	5	2	8	3	-	-	-	0	10
cell_850	13	2	2	2	-	-	2	-	2	-	3	-	0	2	5	10
cell_851	13	-	0	2	-	2	-	5	2	8	3	-	0	-	2	-
cell_852	13	2	-	2	-	2	2	5	2	8	3	2	-	2	2	10
cell_853	-	2	3	2	2	2	-	5	-	8	-	2	5	-	0	10
cell_854	13	-	3	-	2	2	2	5	2	8	-	-	-	2	0	10
cell_855	-	2	0	2	-	2	-	-	2	8	3	2	0	2	5	10
cell_856	13	2	0	2	2	-	2	-	2	8	3	-	0	2	2	10
cell_857	2	2	-	2	2	2	2	5	2	8	3	0	6	-	0	10
cell_858	2	2	-	2	-	-	2	5	2	8	3	-	6	2	0	-
cell_859	2	2	4	2	2	2	2	5	-	8	3	2	6	2	0	10
cell_860	2	2	4	2	2	2	2	5	2	8	3	2	6	2	0	10
cell_861	0	2	4	2	2	2	2	5	2	8	3	-	6	-	0	-
cell_862	0	2	4	2	2	2	2	-	-	8	3	0	-	-	0	-
cell_863	5	2	-	2	2	2	2	5	2	8	3	0	6	2	0	10
cell_864	-	-	4	2	-	2	2	-	-	8	3	0	6	-	0	10
cell_865	2	2	0	2	2	2	2	0	2	85	3	2	3	2	6	2
cell_866	2	2	-	2	2	2	2	-	-	85	3	2	-	-	-	2
cell_867	2	-	2	2	2	2	2	0	2	85	-	0	2	2	0	-
cell_868	2	2	-	-	2	2	-	2	2	85	3	-	0	2	-	0
cell_869	2	-	2	2	-	2	2	12	2	-	3	0	0	2	2	2
cell_870	2	-	2	2	2	2	2	12	2	85	3	-	0	2	2	-
cell_871	2	-	2	2	2	2	2	12	-	85	3	0	0	2	2	2
cell_872	2	-	-	2	2	2	-	12	-	85	3	0	0	-	2	0
cell_873	2	2	-	2	-	2	2	-	2	85	3	0	0	2	0	0
cell_874	2	2	3	-	2	2	2	0	2	85	3	0	3	2	-	2
cell_875	2	-	3	2	2	2	2	2	-	85	3	2	5	2	0	0
cell_876	2	2	-	2	-	-	2	0	2	-	-	0	5	2	0	0
cell_877	2	2	0	2	2	2	2	0	2	-	3	0	2	2	5	0
cell_878	2	2	0	-	2	2	2	0	2	85	3	0	0	2	2	-
cell_879	-	2	17	2	2	2	2	2	2	-	-	-	2	2	-	-
cell_880	2	-	-	2	2	-	2	2	2	-	3	0	0	-	2	2
cell_881	0	-	0	2	2	2	-	2	2	85	3	8	2	2	0	2
cell_882	0	2	5	2	2	2	2	2	2	-	3	8	-	2	0	0
cell_883	5	-	-	-	2	2	-	10	2	-	3	8	0	2	2	0
cell_884	5	2	0	2	-	2	2	10	2	85	-	8	0	2	2	-
cell_885	-	2	0	2	2	2	2	0	-	85	-	8	5	-	0	0
cell_886	2	-	0	2	-	-	2	2	2	85	3	8	-	2	0	2
cell_887	64	2	0	-	2	2	2	0	-	85	-	8	5	2	0	3
cell_888	64	2	0	2	2	2	2	0	-	-	3	8	5	-	4	2
cell_889	-	-	2	2	-	2	2	2	2	85	3	-	-	2	0	29
cell_890	48	2	2	2	2	2	2	2	2	85	3	8	6	2	0	29
cell_891	0	2	2	2	2	2	2	2	2	85	-	8	6	2	3	0
cell_892	0	2	2	2	2	2	2	2	2	85	3	8	6	-	3	0
cell_893	0	2	-	2	2	2	2	-	2	-	3	8	-	2	0	0
cell_894	5	-	-	2	2	2	2	0	2	85	3	8	-	2	0	0
cell_895	3	2	2	2	2	2	2	-	-	-	3	8	3	-	8	0
cell_896	-	2	2	2	-	2	2	2	2	-	3	8	-	2	8	-
cell_897	2	2	-	2	-	-	5	0	2	2	3	8	2	-	2	4
cell_898	-	2	2	2	-	-	5	-	2	-	-	8	-	2	-	4
cell_899	2	2	2	-	-	2	-	-	2	2	3	8	2	-	2	4
cell_900	2	2	2	-	-	2	5	21	2	2	3	-	-	2	-	4
cell_901	2	2	2	2	0	-	4	3	2	2	3	8	2	2	2	4
cell_902	2	2	2	2	0	2	4	3	2	2	3	8	2	2	2	4
cell_903	2	2	2	2	-	2	4	3	2	2	-	8	2	2	2	4
cell_904	2	2	-	2	0	2	-	3	2	2	3	8	-	2	2	4
cell_905	3	2	2	-	0	2	2	0	2	2	3	8	2	0	3	4
cell_906	-	2	2	2	0	2	2	0	2	2	-	-	2	0	3	4
cell_907	3	2	2	2	0	2	2	0	2	2	-	8	-	12	-	4
cell_908	3	2	2	2	5	2	2	2	-	2	3	-	-	12	3	4
cell_909	2	2	2	2	-	2	-	0	2	2	3	8	2	2	0	4
cell_910	2	2	2	2	0	-	-	0	2	2	3	8	2	2	0	4
cell_911	2	2	-	2	-	2	-	2	2	2	3	8	2	-	0	4
cell_912	2	2	-	2	-	-	2	2	2	2	3	-	2	2	0	4
cell_913	0	2	2	-	3	-	2	2	2	2	3	8	2	0	10	4
cell_914	0	-	2	2	-	2	2	-	2	2	3	8	2	2	0	4
cell_915	0	-	2	2	2	2	0	2	2	2	3	8	2	2	0	4
cell_916	0	2	2	2	0	-	0	2	2	2	3	8	2	-	0	4
cell_917	-	2	2	2	0	2	2	0	2	2	3	8	2	0	-	4
cell_918	0	-	2	2	0	-	-	0	2	2	3	8	2	0	0	4
cell_919	0	2	2	2	0	2	0	0	2	-	3	8	-	0	0	4
cell_920	0	2	-	2	0	2	2	0	2	2	3	8	2	0	0	4
cell_921	0	2	2	-	2	2	2	0	2	2	3	8	2	0	4	4
cell_922	0	2	2	2	-	2	0	0	2	2	3	-	2	0	4	-
cell_923	0	2	2	2	2	-	5	30	2	2	-	8	2	0	4	4
cell_924	-	-	-	-	-	-	-	-	-	2	3	8	-	0	4	4
cell_925	2	2	2	-	0	2	2	0	2	2	3	8	2	-	4	4
cell_926	2	2	2	-	0	2	2	0	-	2	3	8	-	2	-	4
cell_927	4	-	2	-	0	2	2	-	2	2	3	-	2	4	4	4
cell_928	0	2	2	-	3	2	2	0	-	-	-	8	2	-	4	4
cell_929	-	2	2	2	0	2	0	2	2	0	-	8	2	-	0	4
cell_930	2	2	-	2	0	-	2	-	2	-	3	8	2	2	2	4
cell_931	2	2	2	2	2	2	4	-	-	0	3	8	2	-	-	4
cell_932	2	2	2	-	2	-	4	-	2	0	-	8	2	0	0	4
cell_933	2	2	2	2	0	-	5	0	2	0	-	-	2	2	-	4
cell_934	2	2	2	2	0	2	-	0	2	0	-	8	-	-	0	4
cell_935	2	2	2	2	2	-	2	0	2	5	3	8	-	2	3	-
cell_936	-	2	2	2	-	2	2	0	-	-	3	-	2	2	3	4
cell_937	2	2	2	-	0	2	-	-	-	-	-	-	-	-	-	4
cell_938	2	2	2	2	4	2	-	-	-	-	-	-	-	-	-	4
cell_939	2	2	2	-	2	2	-	-	-	-	-	-	-	-	-	4
cell_940	2	2	2	2	-	2	-	-	-	-	-	-	-	-	-	4
cell_941	2	2	2	2	2	-	-	-	-	-	-	-	-	-	-	4
cell_942	2	2	2	2	2	2	-	-	-	-	-	-	-	-	-	4
cell_943	2	-	2	2	2	2	-	-	-	-	-	-	-	-	-	4
cell_944	2	2	-	2	2	2	-	-	-	-	-	-	-	-	-	4
cell_945	0	-	2	2	2	2	5	-	2	3	3	-	-	9	-	4
cell_946	0	2	2	2	2	2	5	0	-	3	-	8	2	9	-	4
cell_947	0	2	2	-	2	2	-	-	2	3	-	-	2	9	2	-
cell_948	-	2	2	2	2	-	5	2	2	-	3	8	2	-	2	4
cell_949	0	2	-	-	2	2	2	0	2	2	3	8	2	-	2	4
cell_950	0	-	2	-	2	2	2	0	2	0	3	-	2	9	2	4
cell_951	-	2	2	-	2	2	-	-	2	0	3	8	2	9	2	4
cell_952	0	2	2	2	2	2	0	2	2	0	3	8	2	9	2	4
cell_953	-	2	2	2	0	2	0	0	-	0	3	8	2	9	2	-
cell_954	0	-	2	-	0	2	3	-	2	2	-	-	2	9	2	-
cell_955	0	2	2	2	12	2	0	0	2	0	3	8	-	9	-	4
cell_956	-	-	-	-	12	2	5	0	2	0	3	8	2	9	2	4
cell_957	0	2	2	-	5	-	2	2	-	8	-	8	2	9	-	-
cell_958	0	2	2	-	-	2	2	2	2	-	3	8	2	9	2	4
cell_959	0	2	2	2	5	2	2	-	-	0	3	-	2	9	-	4
cell_960	0	2	-	-	-	2	0	-	-	-	3	-	-	9	2	4
cell_961	5	2	-	2	-	2	2	-	2	4	3	-	-	-	2	4
cell_962	5	-	2	2	-	-	2	2	2	4	3	-	-	0	2	4
cell_963	-	2	-	2	2	2	9	2	2	4	3	9	2	2	-	4
cell_964	5	2	2	2	2	-	0	2	2	4	3	9	2	2	2	-
cell_965	0	2	2	2	2	2	0	2	2	0	3	9	2	0	2	4
cell_966	0	2	2	2	2	2	0	2	2	2	-	9	2	0	-	-
cell_967	0	2	2	2	2	2	0	2	2	0	3	9	2	0	2	4
cell_968	0	2	2	2	2	-	0	2	2	0	3	9	2	0	2	-
cell_969	0	2	-	-	2	2	0	2	2	5	3	9	2	3	2	4
cell_970	-	2	2	2	2	2	-	2	2	0	3	9	2	3	2	4
cell_971	10	2	2	2	2	2	12	2	2	2	-	9	2	3	-	4
cell_972	10	2	2	2	2	-	-	2	2	-	-	9	-	3	2	4
cell_973	0	2	2	-	2	2	0	2	2	0	3	9	2	-	-	4
cell_974	0	2	2	2	2	2	-	2	2	0	-	9	2	3	-	4
cell_975	-	2	2	2	2	2	0	2	2	-	3	9	2	3	2	4
cell_976	-	-	2	2	2	2	-	2	2	-	3	9	2	-	-	4
cell_977	2	2	2	2	2	2	0	-	2	0	3	9	2	-	0	-
cell_978	2	2	2	2	2	2	0	2	2	2	-	9	-	0	0	-
cell_979	2	2	2	2	2	-	0	-	2	0	3	9	2	-	0	4
cell_980	2	2	2	2	2	2	0	2	-	0	3	9	2	2	0	-
cell_981	2	2	2	2	2	-	0	2	2	0	3	-	2	3	2	4
cell_982	0	2	-	-	2	-	0	2	2	-	-	9	2	3	2	-
cell_983	0	2	2	-	-	2	0	2	2	-	3	9	-	-	2	-
cell_984	0	2	-	2	-	2	0	-	2	0	3	9	-	3	2	4
cell_985	0	2	2	2	2	-	2	2	2	-	3	9	2	0	2	4
cell_986	2	-	2	2	2	2	2	2	2	12	3	9	2	0	2	-
cell_987	-	2	2	2	2	-	0	2	-	0	3	9	2	-	0	4
cell_988	2	2	2	-	2	2	2	2	2	0	3	9	2	2	0	4
cell_989	20	2	2	-	-	2	12	2	-	11	3	9	2	0	2	4
cell_990	5	-	2	2	2	2	12	2	-	11	-	9	2	0	2	4
cell_991	2	-	2	2	2	2	-	2	2	4	3	9	-	4	5	4
cell_992	0	2	2	-	2	2	12	2	2	0	3	-	2	0	0	4
cell_993	2	2	2	2	-	2	2	2	2	2	3	4	2	2	3	4
cell_994	0	-	2	2	2	2	2	2	2	0	-	4	2	2	3	4
cell_995	0	2	-	-	2	2	2	2	2	0	3	-	2	2	3	4
cell_996	0	2	2	2	2	-	2	2	-	0	3	0	2	2	3	4
cell_997	0	2	-	-	2	-	2	-	-	5	3	0	2	2	3	4
cell_998	2	2	2	2	2	2	2	2	2	-	3	0	2	2	3	4
cell_999	0	2	-	2	-	2	2	2	2	0	3	0	2	2	3	4
cell_1000	0	-	2	2	-	2	2	-	2	0	3	0	2	-	3	4
cell_1001	0	2	-	2	2	-	2	-	2	2	3	0	2	2	3	4
cell_1002	3	2	2	-	2	2	2	2	2	2	3	0	2	2	3	4
cell_1003	2	2	-	2	2	2	2	2	-	2	-	0	2	2	-	4
cell_1004	2	2	-	-	-	2	-	-	-	-	3	-	-	2	3	4
cell_1005	5	2	-	2	2	2	-	2	2	3	3	5	2	-	3	4
cell_1006	0	2	2	2	2	2	2	2	-	0	3	5	2	2	-	4
cell_1007	0	-	2	2	2	2	2	2	2	0	3	-	2	2	3	4
cell_1008	0	-	2	2	2	2	2	2	-	-	3	-	2	2	3	4
cell_1009	3	2	-	2	2	2	2	2	2	5	3	0	2	-	3	4
cell_1010	3	2	2	2	2	2	2	-	-	5	3	2	2	2	-	4
cell_1011	3	2	2	2	-	2	2	2	2	5	3	0	-	2	3	4
cell_1012	3	2	2	2	2	2	2	2	2	5	-	0	2	-	-	4
cell_1013	0	2	2	-	2	2	2	2	2	5	3	-	2	2	3	4
cell_1014	0	2	2	-	2	2	2	-	2	5	-	-	2	2	3	4
cell_1015	-	2	2	2	2	2	2	-	2	5	3	3	2	2	3	4
cell_1016	-	2	2	2	2	2	-	2	2	5	3	3	2	2	3	4
cell_1017	0	-	2	2	2	2	2	2	-	5	3	3	2	2	3	4
cell_1018	0	2	2	2	2	2	2	-	2	5	3	0	2	2	3	-
cell_1019	-	2	2	-	2	2	2	2	2	5	3	0	2	-	3	-
cell_1020	0	-	2	2	-	2	2	2	2	5	3	0	2	2	3	4
cell_1021	-	2	-	2	-	2	2	-	2	-	3	0	2	2	-	4
cell_1022	-	2	2	2	2	2	2	2	2	5	-	2	2	-	3	4
cell_1023	0	2	2	2	2	2	2	2	2	5	3	0	2	2	-	4
cell_1024	0	2	2	-	2	2	-	2	2	5	3	-	2	2	3	4
