cell_id,state_label,state_type,state_depth,ted_parent_state,ted_cluster,ted_depth,ted_cellID
cell_1,1,terminal,6,9,1,5,1
cell_2,9,internal_or_root,5,8,9,4,2
cell_3,1,terminal,6,9,1,6,3
cell_4,1,terminal,6,9,1,6,4
cell_5,1,terminal,6,9,1,6,5
cell_6,1,terminal,6,9,1,5,6
cell_7,1,terminal,6,9,1,6,7
cell_8,1,terminal,6,9,1,5,8
cell_9,1,terminal,6,9,1,6,9
cell_10,1,terminal,6,9,1,6,10
cell_11,9,internal_or_root,5,8,9,4,11
cell_12,1,terminal,6,9,1,5,12
cell_13,1,terminal,6,9,1,5,13
cell_14,1,terminal,6,9,1,6,14
cell_15,1,terminal,6,9,1,6,15
cell_16,1,terminal,6,9,1,6,16
cell_17,1,terminal,6,9,1,6,17
cell_18,1,terminal,6,9,1,6,18
cell_19,1,terminal,6,9,1,6,19
cell_20,1,terminal,6,9,1,6,20
cell_21,1,terminal,6,9,1,6,21
cell_22,1,terminal,6,9,1,5,22
cell_23,9,internal_or_root,5,8,9,4,23
cell_24,9,internal_or_root,5,8,9,4,24
cell_25,1,terminal,6,9,1,6,25
cell_26,1,terminal,6,9,1,6,26
cell_27,1,terminal,6,9,1,6,27
cell_28,1,terminal,6,9,1,6,28
cell_29,9,internal_or_root,5,8,9,4,29
cell_30,1,terminal,6,9,1,5,30
cell_31,1,terminal,6,9,1,5,31
cell_32,9,internal_or_root,5,8,9,4,32
cell_33,1,terminal,6,9,1,6,33
cell_34,1,terminal,6,9,1,6,34
cell_35,1,terminal,6,9,1,6,35
cell_36,1,terminal,6,9,1,6,36
cell_37,1,terminal,6,9,1,6,37
cell_38,1,terminal,6,9,1,6,38
cell_39,1,terminal,6,9,1,6,39
cell_40,1,terminal,6,9,1,6,40
cell_41,1,terminal,6,9,1,6,41
cell_42,1,terminal,6,9,1,6,42
cell_43,1,terminal,6,9,1,6,43
cell_44,1,terminal,6,9,1,6,44
cell_45,1,terminal,6,9,1,6,45
cell_46,1,terminal,6,9,1,6,46
cell_47,1,terminal,6,9,1,6,47
cell_48,1,terminal,6,9,1,6,48
cell_49,2,terminal,6,10,2,6,49
cell_50,2,terminal,6,10,2,6,50
cell_51,2,terminal,6,10,2,6,51
cell_52,2,terminal,6,10,2,6,52
cell_53,2,terminal,6,10,2,6,53
cell_54,2,terminal,6,10,2,6,54
cell_55,2,terminal,6,10,2,6,55
cell_56,2,terminal,6,10,2,6,56
cell_57,8,internal_or_root,4,7,8,3,57
cell_58,1,terminal,6,9,1,5,58
cell_59,1,terminal,6,9,1,6,59
cell_60,1,terminal,6,9,1,6,60
cell_61,2,terminal,6,10,2,6,61
cell_62,2,terminal,6,10,2,5,62
cell_63,2,terminal,6,10,2,5,63
cell_64,2,terminal,6,10,2,6,64
cell_65,2,terminal,6,10,2,6,65
cell_66,2,terminal,6,10,2,6,66
cell_67,2,terminal,6,10,2,5,67
cell_68,2,terminal,6,10,2,6,68
cell_69,2,terminal,6,10,2,5,69
cell_70,2,terminal,6,10,2,5,70
cell_71,2,terminal,6,10,2,6,71
cell_72,2,terminal,6,10,2,6,72
cell_73,1,terminal,6,9,1,6,73
cell_74,1,terminal,6,9,1,6,74
cell_75,1,terminal,6,9,1,6,75
cell_76,1,terminal,6,9,1,6,76
cell_77,1,terminal,6,9,1,6,77
cell_78,1,terminal,6,9,1,6,78
cell_79,8,internal_or_root,4,7,8,3,79
cell_80,2,terminal,6,10,2,5,80
cell_81,8,internal_or_root,4,7,8,3,81
cell_82,2,terminal,6,10,2,5,82
cell_83,7,internal_or_root,3,6,7,2,83
cell_84,2,terminal,6,10,2,5,84
cell_85,8,internal_or_root,4,7,8,3,85
cell_86,8,internal_or_root,4,7,8,3,86
cell_87,1,terminal,6,9,1,6,87
cell_88,1,terminal,6,9,1,5,88
cell_89,2,terminal,6,10,2,6,89
cell_90,2,terminal,6,10,2,6,90
cell_91,2,terminal,6,10,2,6,91
cell_92,2,terminal,6,10,2,6,92
cell_93,2,terminal,6,10,2,6,93
cell_94,10,internal_or_root,5,8,10,4,94
cell_95,2,terminal,6,10,2,6,95
cell_96,2,terminal,6,10,2,5,96
cell_97,9,internal_or_root,5,8,9,4,97
cell_98,9,internal_or_root,5,8,9,4,98
cell_99,1,terminal,6,9,1,6,99
cell_100,1,terminal,6,9,1,6,100
cell_101,1,terminal,6,9,1,5,101
cell_102,9,internal_or_root,5,8,9,4,102
cell_103,1,terminal,6,9,1,6,103
cell_104,1,terminal,6,9,1,6,104
cell_105,1,terminal,6,9,1,6,105
cell_106,1,terminal,6,9,1,6,106
cell_107,1,terminal,6,9,1,6,107
cell_108,1,terminal,6,9,1,6,108
cell_109,1,terminal,6,9,1,6,109
cell_110,1,terminal,6,9,1,6,110
cell_111,1,terminal,6,9,1,6,111
cell_112,1,terminal,6,9,1,6,112
cell_113,1,terminal,6,9,1,6,113
cell_114,1,terminal,6,9,1,5,114
cell_115,9,internal_or_root,5,8,9,4,115
cell_116,9,internal_or_root,5,8,9,4,116
cell_117,1,terminal,6,9,1,6,117
cell_118,1,terminal,6,9,1,6,118
cell_119,1,terminal,6,9,1,5,119
cell_120,9,internal_or_root,5,8,9,4,120
cell_121,1,terminal,6,9,1,6,121
cell_122,1,terminal,6,9,1,6,122
cell_123,1,terminal,6,9,1,6,123
cell_124,1,terminal,6,9,1,6,124
cell_125,1,terminal,6,9,1,6,125
cell_126,1,terminal,6,9,1,6,126
cell_127,1,terminal,6,9,1,6,127
cell_128,1,terminal,6,9,1,6,128
cell_129,12,internal_or_root,4,11,12,3,129
cell_130,3,terminal,6,13,3,6,130
cell_131,3,terminal,6,13,3,6,131
cell_132,3,terminal,6,13,3,6,132
cell_133,3,terminal,6,13,3,6,133
cell_134,3,terminal,6,13,3,5,134
cell_135,3,terminal,6,13,3,6,135
cell_136,3,terminal,6,13,3,6,136
cell_137,11,internal_or_root,3,6,11,2,137
cell_138,11,internal_or_root,3,6,11,2,138
cell_139,13,internal_or_root,5,12,13,4,139
cell_140,11,internal_or_root,3,6,11,2,140
cell_141,12,internal_or_root,4,11,12,3,141
cell_142,11,internal_or_root,3,6,11,2,142
cell_143,13,internal_or_root,5,12,13,4,143
cell_144,11,internal_or_root,3,6,11,2,144
cell_145,1,terminal,6,9,1,6,145
cell_146,1,terminal,6,9,1,6,146
cell_147,1,terminal,6,9,1,6,147
cell_148,1,terminal,6,9,1,6,148
cell_149,2,terminal,6,10,2,5,149
cell_150,8,internal_or_root,4,7,8,3,150
cell_151,1,terminal,6,9,1,6,151
cell_152,1,terminal,6,9,1,6,152
cell_153,6,internal_or_root,2,5,6,1,153
cell_154,12,internal_or_root,4,11,12,3,154
cell_155,5,internal_or_root,1,4,5,0,155
cell_156,11,internal_or_root,3,6,11,2,156
cell_157,8,internal_or_root,4,7,8,3,157
cell_158,2,terminal,6,10,2,5,158
cell_159,11,internal_or_root,3,6,11,2,159
cell_160,5,internal_or_root,1,4,5,0,160
cell_161,13,internal_or_root,5,12,13,4,161
cell_162,3,terminal,6,13,3,6,162
cell_163,3,terminal,6,13,3,6,163
cell_164,3,terminal,6,13,3,6,164
cell_165,3,terminal,6,13,3,5,165
cell_166,3,terminal,6,13,3,6,166
cell_167,3,terminal,6,13,3,6,167
cell_168,12,internal_or_root,4,11,12,3,168
cell_169,3,terminal,6,13,3,6,169
cell_170,12,internal_or_root,4,11,12,3,170
cell_171,3,terminal,6,13,3,5,171
cell_172,3,terminal,6,13,3,6,172
cell_173,13,internal_or_root,5,12,13,4,173
cell_174,13,internal_or_root,5,12,13,4,174
cell_175,3,terminal,6,13,3,6,175
cell_176,13,internal_or_root,5,12,13,4,176
cell_177,3,terminal,6,13,3,5,177
cell_178,3,terminal,6,13,3,6,178
cell_179,3,terminal,6,13,3,6,179
cell_180,12,internal_or_root,4,11,12,3,180
cell_181,3,terminal,6,13,3,6,181
cell_182,13,internal_or_root,5,12,13,4,182
cell_183,13,internal_or_root,5,12,13,4,183
cell_184,3,terminal,6,13,3,6,184
cell_185,3,terminal,6,13,3,6,185
cell_186,3,terminal,6,13,3,6,186
cell_187,3,terminal,6,13,3,6,187
cell_188,3,terminal,6,13,3,6,188
cell_189,13,internal_or_root,5,12,13,4,189
cell_190,13,internal_or_root,5,12,13,4,190
cell_191,3,terminal,6,13,3,6,191
cell_192,3,terminal,6,13,3,6,192
cell_193,8,internal_or_root,4,7,8,3,193
cell_194,1,terminal,6,9,1,6,194
cell_195,8,internal_or_root,4,7,8,3,195
cell_196,2,terminal,6,10,2,5,196
cell_197,2,terminal,6,10,2,5,197
cell_198,2,terminal,6,10,2,6,198
cell_199,1,terminal,6,9,1,5,199
cell_200,8,internal_or_root,4,7,8,3,200
cell_201,1,terminal,6,9,1,6,201
cell_202,1,terminal,6,9,1,6,202
cell_203,1,terminal,6,9,1,6,203
cell_204,1,terminal,6,9,1,6,204
cell_205,1,terminal,6,9,1,6,205
cell_206,1,terminal,6,9,1,6,206
cell_207,1,terminal,6,9,1,6,207
cell_208,1,terminal,6,9,1,6,208
cell_209,13,internal_or_root,5,12,13,4,209
cell_210,13,internal_or_root,5,12,13,4,210
cell_211,6,internal_or_root,2,5,6,1,211
cell_212,6,internal_or_root,2,5,6,1,212
cell_213,5,internal_or_root,1,4,5,0,213
cell_214,5,internal_or_root,1,4,5,0,214
cell_215,7,internal_or_root,3,6,7,2,215
cell_216,5,internal_or_root,1,4,5,0,216
cell_217,8,internal_or_root,4,7,8,3,217
cell_218,7,internal_or_root,3,6,7,2,218
cell_219,8,internal_or_root,4,7,8,3,219
cell_220,6,internal_or_root,2,5,6,1,220
cell_221,5,internal_or_root,1,4,5,0,221
cell_222,5,internal_or_root,1,4,5,0,222
cell_223,12,internal_or_root,4,11,12,3,223
cell_224,3,terminal,6,13,3,6,224
cell_225,5,internal_or_root,1,4,5,0,225
cell_226,11,internal_or_root,3,6,11,2,226
cell_227,6,internal_or_root,2,5,6,1,227
cell_228,5,internal_or_root,1,4,5,0,228
cell_229,1,terminal,6,9,1,6,229
cell_230,9,internal_or_root,5,8,9,4,230
cell_231,1,terminal,6,9,1,6,231
cell_232,8,internal_or_root,4,7,8,3,232
cell_233,12,internal_or_root,4,11,12,3,233
cell_234,6,internal_or_root,2,5,6,1,234
cell_235,3,terminal,6,13,3,6,235
cell_236,13,internal_or_root,5,12,13,4,236
cell_237,5,internal_or_root,1,4,5,0,237
cell_238,11,internal_or_root,3,6,11,2,238
cell_239,5,internal_or_root,1,4,5,0,239
cell_240,12,internal_or_root,4,11,12,3,240
cell_241,13,internal_or_root,5,12,13,4,241
cell_242,3,terminal,6,13,3,6,242
cell_243,3,terminal,6,13,3,5,243
cell_244,3,terminal,6,13,3,6,244
cell_245,1,terminal,6,9,1,5,245
cell_246,8,internal_or_root,4,7,8,3,246
cell_247,6,internal_or_root,2,5,6,1,247
cell_248,7,internal_or_root,3,6,7,2,248
cell_249,6,internal_or_root,2,5,6,1,249
cell_250,8,internal_or_root,4,7,8,3,250
cell_251,6,internal_or_root,2,5,6,1,251
cell_252,6,internal_or_root,2,5,6,1,252
cell_253,8,internal_or_root,4,7,8,3,253
cell_254,10,internal_or_root,5,8,10,4,254
cell_255,8,internal_or_root,4,7,8,3,255
cell_256,7,internal_or_root,3,6,7,2,256
cell_257,2,terminal,6,10,2,6,257
cell_258,2,terminal,6,10,2,6,258
cell_259,2,terminal,6,10,2,6,259
cell_260,2,terminal,6,10,2,6,260
cell_261,2,terminal,6,10,2,6,261
cell_262,2,terminal,6,10,2,6,262
cell_263,2,terminal,6,10,2,6,263
cell_264,2,terminal,6,10,2,6,264
cell_265,9,internal_or_root,5,8,9,4,265
cell_266,8,internal_or_root,4,7,8,3,266
cell_267,10,internal_or_root,5,8,10,4,267
cell_268,8,internal_or_root,4,7,8,3,268
cell_269,2,terminal,6,10,2,6,269
cell_270,2,terminal,6,10,2,5,270
cell_271,2,terminal,6,10,2,6,271
cell_272,2,terminal,6,10,2,6,272
cell_273,2,terminal,6,10,2,6,273
cell_274,2,terminal,6,10,2,6,274
cell_275,2,terminal,6,10,2,6,275
cell_276,2,terminal,6,10,2,6,276
cell_277,2,terminal,6,10,2,6,277
cell_278,2,terminal,6,10,2,6,278
cell_279,2,terminal,6,10,2,6,279
cell_280,2,terminal,6,10,2,6,280
cell_281,10,internal_or_root,5,8,10,4,281
cell_282,2,terminal,6,10,2,5,282
cell_283,2,terminal,6,10,2,6,283
cell_284,10,internal_or_root,5,8,10,4,284
cell_285,2,terminal,6,10,2,6,285
cell_286,2,terminal,6,10,2,6,286
cell_287,2,terminal,6,10,2,6,287
cell_288,2,terminal,6,10,2,6,288
cell_289,2,terminal,6,10,2,6,289
cell_290,2,terminal,6,10,2,6,290
cell_291,2,terminal,6,10,2,6,291
cell_292,2,terminal,6,10,2,6,292
cell_293,2,terminal,6,10,2,6,293
cell_294,2,terminal,6,10,2,6,294
cell_295,2,terminal,6,10,2,6,295
cell_296,2,terminal,6,10,2,6,296
cell_297,2,terminal,6,10,2,6,297
cell_298,2,terminal,6,10,2,6,298
cell_299,2,terminal,6,10,2,6,299
cell_300,2,terminal,6,10,2,6,300
cell_301,2,terminal,6,10,2,5,301
cell_302,2,terminal,6,10,2,6,302
cell_303,2,terminal,6,10,2,6,303
cell_304,2,terminal,6,10,2,6,304
cell_305,10,internal_or_root,5,8,10,4,305
cell_306,8,internal_or_root,4,7,8,3,306
cell_307,1,terminal,6,9,1,6,307
cell_308,9,internal_or_root,5,8,9,4,308
cell_309,10,internal_or_root,5,8,10,4,309
cell_310,10,internal_or_root,5,8,10,4,310
cell_311,2,terminal,6,10,2,6,311
cell_312,2,terminal,6,10,2,6,312
cell_313,2,terminal,6,10,2,6,313
cell_314,2,terminal,6,10,2,6,314
cell_315,2,terminal,6,10,2,6,315
cell_316,2,terminal,6,10,2,6,316
cell_317,2,terminal,6,10,2,6,317
cell_318,2,terminal,6,10,2,6,318
cell_319,2,terminal,6,10,2,6,319
cell_320,2,terminal,6,10,2,6,320
cell_321,1,terminal,6,9,1,6,321
cell_322,1,terminal,6,9,1,5,322
cell_323,7,internal_or_root,3,6,7,2,323
cell_324,2,terminal,6,10,2,5,324
cell_325,2,terminal,6,10,2,6,325
cell_326,2,terminal,6,10,2,6,326
cell_327,2,terminal,6,10,2,6,327
cell_328,10,internal_or_root,5,8,10,4,328
cell_329,2,terminal,6,10,2,6,329
cell_330,2,terminal,6,10,2,6,330
cell_331,2,terminal,6,10,2,6,331
cell_332,2,terminal,6,10,2,6,332
cell_333,2,terminal,6,10,2,6,333
cell_334,2,terminal,6,10,2,6,334
cell_335,10,internal_or_root,5,8,10,4,335
cell_336,2,terminal,6,10,2,6,336
cell_337,2,terminal,6,10,2,6,337
cell_338,2,terminal,6,10,2,5,338
cell_339,2,terminal,6,10,2,6,339
cell_340,2,terminal,6,10,2,6,340
cell_341,8,internal_or_root,4,7,8,3,341
cell_342,2,terminal,6,10,2,6,342
cell_343,2,terminal,6,10,2,6,343
cell_344,2,terminal,6,10,2,5,344
cell_345,7,internal_or_root,3,6,7,2,345
cell_346,8,internal_or_root,4,7,8,3,346
cell_347,2,terminal,6,10,2,5,347
cell_348,2,terminal,6,10,2,5,348
cell_349,2,terminal,6,10,2,6,349
cell_350,8,internal_or_root,4,7,8,3,350
cell_351,1,terminal,6,9,1,6,351
cell_352,9,internal_or_root,5,8,9,4,352
cell_353,2,terminal,6,10,2,6,353
cell_354,2,terminal,6,10,2,5,354
cell_355,2,terminal,6,10,2,6,355
cell_356,2,terminal,6,10,2,6,356
cell_357,2,terminal,6,10,2,6,357
cell_358,2,terminal,6,10,2,6,358
cell_359,2,terminal,6,10,2,5,359
cell_360,2,terminal,6,10,2,5,360
cell_361,1,terminal,6,9,1,6,361
cell_362,1,terminal,6,9,1,6,362
cell_363,1,terminal,6,9,1,6,363
cell_364,1,terminal,6,9,1,5,364
cell_365,1,terminal,6,9,1,6,365
cell_366,9,internal_or_root,5,8,9,4,366
cell_367,8,internal_or_root,4,7,8,3,367
cell_368,1,terminal,6,9,1,5,368
cell_369,9,internal_or_root,5,8,9,4,369
cell_370,9,internal_or_root,5,8,9,4,370
cell_371,9,internal_or_root,5,8,9,4,371
cell_372,1,terminal,6,9,1,6,372
cell_373,1,terminal,6,9,1,6,373
cell_374,1,terminal,6,9,1,6,374
cell_375,1,terminal,6,9,1,5,375
cell_376,1,terminal,6,9,1,5,376
cell_377,1,terminal,6,9,1,5,377
cell_378,1,terminal,6,9,1,5,378
cell_379,1,terminal,6,9,1,6,379
cell_380,1,terminal,6,9,1,5,380
cell_381,1,terminal,6,9,1,6,381
cell_382,1,terminal,6,9,1,6,382
cell_383,1,terminal,6,9,1,6,383
cell_384,1,terminal,6,9,1,6,384
cell_385,12,internal_or_root,4,11,12,3,385
cell_386,12,internal_or_root,4,11,12,3,386
cell_387,12,internal_or_root,4,11,12,3,387
cell_388,3,terminal,6,13,3,6,388
cell_389,3,terminal,6,13,3,6,389
cell_390,12,internal_or_root,4,11,12,3,390
cell_391,12,internal_or_root,4,11,12,3,391
cell_392,3,terminal,6,13,3,5,392
cell_393,5,internal_or_root,1,4,5,0,393
cell_394,5,internal_or_root,1,4,5,0,394
cell_395,5,internal_or_root,1,4,5,0,395
cell_396,5,internal_or_root,1,4,5,0,396
cell_397,5,internal_or_root,1,4,5,0,397
cell_398,5,internal_or_root,1,4,5,0,398
cell_399,9,internal_or_root,5,8,9,4,399
cell_400,6,internal_or_root,2,5,6,1,400
cell_401,3,terminal,6,13,3,6,401
cell_402,3,terminal,6,13,3,6,402
cell_403,12,internal_or_root,4,11,12,3,403
cell_404,12,internal_or_root,4,11,12,3,404
cell_405,6,internal_or_root,2,5,6,1,405
cell_406,11,internal_or_root,3,6,11,2,406
cell_407,6,internal_or_root,2,5,6,1,407
cell_408,9,internal_or_root,5,8,9,4,408
cell_409,9,internal_or_root,5,8,9,4,409
cell_410,1,terminal,6,9,1,6,410
cell_411,8,internal_or_root,4,7,8,3,411
cell_412,7,internal_or_root,3,6,7,2,412
cell_413,2,terminal,6,10,2,6,413
cell_414,2,terminal,6,10,2,6,414
cell_415,2,terminal,6,10,2,5,415
cell_416,2,terminal,6,10,2,5,416
cell_417,12,internal_or_root,4,11,12,3,417
cell_418,12,internal_or_root,4,11,12,3,418
cell_419,3,terminal,6,13,3,6,419
cell_420,3,terminal,6,13,3,6,420
cell_421,13,internal_or_root,5,12,13,4,421
cell_422,13,internal_or_root,5,12,13,4,422
cell_423,3,terminal,6,13,3,6,423
cell_424,3,terminal,6,13,3,6,424
cell_425,3,terminal,6,13,3,5,425
cell_426,3,terminal,6,13,3,6,426
cell_427,3,terminal,6,13,3,6,427
cell_428,12,internal_or_root,4,11,12,3,428
cell_429,3,terminal,6,13,3,6,429
cell_430,3,terminal,6,13,3,6,430
cell_431,3,terminal,6,13,3,5,431
cell_432,3,terminal,6,13,3,5,432
cell_433,3,terminal,6,13,3,6,433
cell_434,3,terminal,6,13,3,5,434
cell_435,3,terminal,6,13,3,6,435
cell_436,3,terminal,6,13,3,5,436
cell_437,12,internal_or_root,4,11,12,3,437
cell_438,3,terminal,6,13,3,5,438
cell_439,13,internal_or_root,5,12,13,4,439
cell_440,3,terminal,6,13,3,5,440
cell_441,3,terminal,6,13,3,6,441
cell_442,3,terminal,6,13,3,6,442
cell_443,3,terminal,6,13,3,6,443
cell_444,3,terminal,6,13,3,6,444
cell_445,3,terminal,6,13,3,6,445
cell_446,3,terminal,6,13,3,6,446
cell_447,13,internal_or_root,5,12,13,4,447
cell_448,13,internal_or_root,5,12,13,4,448
cell_449,2,terminal,6,10,2,6,449
cell_450,2,terminal,6,10,2,6,450
cell_451,2,terminal,6,10,2,6,451
cell_452,2,terminal,6,10,2,6,452
cell_453,2,terminal,6,10,2,6,453
cell_454,2,terminal,6,10,2,6,454
cell_455,2,terminal,6,10,2,6,455
cell_456,2,terminal,6,10,2,6,456
cell_457,2,terminal,6,10,2,6,457
cell_458,2,terminal,6,10,2,6,458
cell_459,2,terminal,6,10,2,5,459
cell_460,2,terminal,6,10,2,6,460
cell_461,2,terminal,6,10,2,6,461
cell_462,2,terminal,6,10,2,5,462
cell_463,2,terminal,6,10,2,5,463
cell_464,2,terminal,6,10,2,6,464
cell_465,10,internal_or_root,5,8,10,4,465
cell_466,10,internal_or_root,5,8,10,4,466
cell_467,1,terminal,6,9,1,5,467
cell_468,8,internal_or_root,4,7,8,3,468
cell_469,1,terminal,6,9,1,5,469
cell_470,8,internal_or_root,4,7,8,3,470
cell_471,7,internal_or_root,3,6,7,2,471
cell_472,7,internal_or_root,3,6,7,2,472
cell_473,2,terminal,6,10,2,5,473
cell_474,10,internal_or_root,5,8,10,4,474
cell_475,2,terminal,6,10,2,6,475
cell_476,10,internal_or_root,5,8,10,4,476
cell_477,2,terminal,6,10,2,6,477
cell_478,2,terminal,6,10,2,6,478
cell_479,2,terminal,6,10,2,6,479
cell_480,2,terminal,6,10,2,6,480
cell_481,11,internal_or_root,3,6,11,2,481
cell_482,12,internal_or_root,4,11,12,3,482
cell_483,3,terminal,6,13,3,5,483
cell_484,3,terminal,6,13,3,6,484
cell_485,3,terminal,6,13,3,5,485
cell_486,3,terminal,6,13,3,5,486
cell_487,3,terminal,6,13,3,6,487
cell_488,3,terminal,6,13,3,6,488
cell_489,13,internal_or_root,5,12,13,4,489
cell_490,3,terminal,6,13,3,5,490
cell_491,3,terminal,6,13,3,6,491
cell_492,3,terminal,6,13,3,6,492
cell_493,3,terminal,6,13,3,6,493
cell_494,3,terminal,6,13,3,6,494
cell_495,12,internal_or_root,4,11,12,3,495
cell_496,12,internal_or_root,4,11,12,3,496
cell_497,5,internal_or_root,1,4,5,0,497
cell_498,5,internal_or_root,1,4,5,0,498
cell_499,1,terminal,6,9,1,5,499
cell_500,7,internal_or_root,3,6,7,2,500
cell_501,7,internal_or_root,3,6,7,2,501
cell_502,5,internal_or_root,1,4,5,0,502
cell_503,12,internal_or_root,4,11,12,3,503
cell_504,6,internal_or_root,2,5,6,1,504
cell_505,1,terminal,6,9,1,5,505
cell_506,1,terminal,6,9,1,6,506
cell_507,9,internal_or_root,5,8,9,4,507
cell_508,7,internal_or_root,3,6,7,2,508
cell_509,8,internal_or_root,4,7,8,3,509
cell_510,2,terminal,6,10,2,5,510
cell_511,10,internal_or_root,5,8,10,4,511
cell_512,10,internal_or_root,5,8,10,4,512
cell_513,3,terminal,6,13,3,6,513
cell_514,3,terminal,6,13,3,6,514
cell_515,3,terminal,6,13,3,6,515
cell_516,3,terminal,6,13,3,5,516
cell_517,13,internal_or_root,5,12,13,4,517
cell_518,3,terminal,6,13,3,6,518
cell_519,3,terminal,6,13,3,6,519
cell_520,3,terminal,6,13,3,6,520
cell_521,3,terminal,6,13,3,6,521
cell_522,3,terminal,6,13,3,6,522
cell_523,3,terminal,6,13,3,6,523
cell_524,3,terminal,6,13,3,6,524
cell_525,3,terminal,6,13,3,6,525
cell_526,3,terminal,6,13,3,6,526
cell_527,3,terminal,6,13,3,6,527
cell_528,3,terminal,6,13,3,6,528
cell_529,12,internal_or_root,4,11,12,3,529
cell_530,11,internal_or_root,3,6,11,2,530
cell_531,11,internal_or_root,3,6,11,2,531
cell_532,11,internal_or_root,3,6,11,2,532
cell_533,11,internal_or_root,3,6,11,2,533
cell_534,3,terminal,6,13,3,5,534
cell_535,13,internal_or_root,5,12,13,4,535
cell_536,3,terminal,6,13,3,5,536
cell_537,3,terminal,6,13,3,5,537
cell_538,3,terminal,6,13,3,6,538
cell_539,3,terminal,6,13,3,5,539
cell_540,3,terminal,6,13,3,6,540
cell_541,3,terminal,6,13,3,6,541
cell_542,3,terminal,6,13,3,6,542
cell_543,3,terminal,6,13,3,6,543
cell_544,3,terminal,6,13,3,6,544
cell_545,3,terminal,6,13,3,6,545
cell_546,3,terminal,6,13,3,6,546
cell_547,3,terminal,6,13,3,6,547
cell_548,3,terminal,6,13,3,6,548
cell_549,3,terminal,6,13,3,6,549
cell_550,3,terminal,6,13,3,6,550
cell_551,3,terminal,6,13,3,6,551
cell_552,3,terminal,6,13,3,6,552
cell_553,3,terminal,6,13,3,6,553
cell_554,3,terminal,6,13,3,6,554
cell_555,3,terminal,6,13,3,6,555
cell_556,3,terminal,6,13,3,6,556
cell_557,3,terminal,6,13,3,5,557
cell_558,3,terminal,6,13,3,6,558
cell_559,3,terminal,6,13,3,6,559
cell_560,3,terminal,6,13,3,6,560
cell_561,3,terminal,6,13,3,6,561
cell_562,13,internal_or_root,5,12,13,4,562
cell_563,3,terminal,6,13,3,6,563
cell_564,3,terminal,6,13,3,6,564
cell_565,11,internal_or_root,3,6,11,2,565
cell_566,11,internal_or_root,3,6,11,2,566
cell_567,3,terminal,6,13,3,5,567
cell_568,13,internal_or_root,5,12,13,4,568
cell_569,3,terminal,6,13,3,6,569
cell_570,3,terminal,6,13,3,6,570
cell_571,3,terminal,6,13,3,6,571
cell_572,3,terminal,6,13,3,6,572
cell_573,3,terminal,6,13,3,5,573
cell_574,3,terminal,6,13,3,6,574
cell_575,3,terminal,6,13,3,6,575
cell_576,3,terminal,6,13,3,6,576
cell_577,3,terminal,6,13,3,6,577
cell_578,3,terminal,6,13,3,5,578
cell_579,3,terminal,6,13,3,6,579
cell_580,3,terminal,6,13,3,6,580
cell_581,13,internal_or_root,5,12,13,4,581
cell_582,3,terminal,6,13,3,6,582
cell_583,3,terminal,6,13,3,6,583
cell_584,3,terminal,6,13,3,6,584
cell_585,12,internal_or_root,4,11,12,3,585
cell_586,3,terminal,6,13,3,6,586
cell_587,3,terminal,6,13,3,5,587
cell_588,3,terminal,6,13,3,5,588
cell_589,3,terminal,6,13,3,6,589
cell_590,3,terminal,6,13,3,5,590
cell_591,3,terminal,6,13,3,6,591
cell_592,3,terminal,6,13,3,6,592
cell_593,13,internal_or_root,5,12,13,4,593
cell_594,3,terminal,6,13,3,6,594
cell_595,3,terminal,6,13,3,6,595
cell_596,3,terminal,6,13,3,6,596
cell_597,3,terminal,6,13,3,6,597
cell_598,3,terminal,6,13,3,6,598
cell_599,3,terminal,6,13,3,6,599
cell_600,13,internal_or_root,5,12,13,4,600
cell_601,3,terminal,6,13,3,6,601
cell_602,3,terminal,6,13,3,6,602
cell_603,3,terminal,6,13,3,6,603
cell_604,3,terminal,6,13,3,6,604
cell_605,3,terminal,6,13,3,6,605
cell_606,3,terminal,6,13,3,6,606
cell_607,3,terminal,6,13,3,6,607
cell_608,3,terminal,6,13,3,6,608
cell_609,3,terminal,6,13,3,5,609
cell_610,12,internal_or_root,4,11,12,3,610
cell_611,3,terminal,6,13,3,6,611
cell_612,3,terminal,6,13,3,5,612
cell_613,3,terminal,6,13,3,6,613
cell_614,3,terminal,6,13,3,6,614
cell_615,3,terminal,6,13,3,5,615
cell_616,3,terminal,6,13,3,5,616
cell_617,3,terminal,6,13,3,5,617
cell_618,3,terminal,6,13,3,5,618
cell_619,3,terminal,6,13,3,6,619
cell_620,3,terminal,6,13,3,6,620
cell_621,13,internal_or_root,5,12,13,4,621
cell_622,13,internal_or_root,5,12,13,4,622
cell_623,12,internal_or_root,4,11,12,3,623
cell_624,12,internal_or_root,4,11,12,3,624
cell_625,13,internal_or_root,5,12,13,4,625
cell_626,12,internal_or_root,4,11,12,3,626
cell_627,3,terminal,6,13,3,6,627
cell_628,3,terminal,6,13,3,6,628
cell_629,3,terminal,6,13,3,6,629
cell_630,13,internal_or_root,5,12,13,4,630
cell_631,13,internal_or_root,5,12,13,4,631
cell_632,13,internal_or_root,5,12,13,4,632
cell_633,3,terminal,6,13,3,5,633
cell_634,3,terminal,6,13,3,5,634
cell_635,3,terminal,6,13,3,6,635
cell_636,3,terminal,6,13,3,5,636
cell_637,13,internal_or_root,5,12,13,4,637
cell_638,3,terminal,6,13,3,6,638
cell_639,3,terminal,6,13,3,5,639
cell_640,13,internal_or_root,5,12,13,4,640
cell_641,9,internal_or_root,5,8,9,4,641
cell_642,1,terminal,6,9,1,6,642
cell_643,8,internal_or_root,4,7,8,3,643
cell_644,2,terminal,6,10,2,5,644
cell_645,7,internal_or_root,3,6,7,2,645
cell_646,6,internal_or_root,2,5,6,1,646
cell_647,7,internal_or_root,3,6,7,2,647
cell_648,7,internal_or_root,3,6,7,2,648
cell_649,12,internal_or_root,4,11,12,3,649
cell_650,12,internal_or_root,4,11,12,3,650
cell_651,3,terminal,6,13,3,6,651
cell_652,12,internal_or_root,4,11,12,3,652
cell_653,11,internal_or_root,3,6,11,2,653
cell_654,12,internal_or_root,4,11,12,3,654
cell_655,3,terminal,6,13,3,5,655
cell_656,3,terminal,6,13,3,5,656
cell_657,8,internal_or_root,4,7,8,3,657
cell_658,1,terminal,6,9,1,5,658
cell_659,10,internal_or_root,5,8,10,4,659
cell_660,2,terminal,6,10,2,5,660
cell_661,1,terminal,6,9,1,5,661
cell_662,1,terminal,6,9,1,6,662
cell_663,1,terminal,6,9,1,5,663
cell_664,1,terminal,6,9,1,6,664
cell_665,11,internal_or_root,3,6,11,2,665
cell_666,11,internal_or_root,3,6,11,2,666
cell_667,3,terminal,6,13,3,5,667
cell_668,12,internal_or_root,4,11,12,3,668
cell_669,13,internal_or_root,5,12,13,4,669
cell_670,12,internal_or_root,4,11,12,3,670
cell_671,6,internal_or_root,2,5,6,1,671
cell_672,6,internal_or_root,2,5,6,1,672
cell_673,13,internal_or_root,5,12,13,4,673
cell_674,11,internal_or_root,3,6,11,2,674
cell_675,3,terminal,6,13,3,6,675
cell_676,12,internal_or_root,4,11,12,3,676
cell_677,11,internal_or_root,3,6,11,2,677
cell_678,13,internal_or_root,5,12,13,4,678
cell_679,3,terminal,6,13,3,5,679
cell_680,3,terminal,6,13,3,6,680
cell_681,12,internal_or_root,4,11,12,3,681
cell_682,6,internal_or_root,2,5,6,1,682
cell_683,7,internal_or_root,3,6,7,2,683
cell_684,9,internal_or_root,5,8,9,4,684
cell_685,12,internal_or_root,4,11,12,3,685
cell_686,3,terminal,6,13,3,6,686
cell_687,11,internal_or_root,3,6,11,2,687
cell_688,6,internal_or_root,2,5,6,1,688
cell_689,3,terminal,6,13,3,6,689
cell_690,3,terminal,6,13,3,6,690
cell_691,3,terminal,6,13,3,6,691
cell_692,3,terminal,6,13,3,5,692
cell_693,13,internal_or_root,5,12,13,4,693
cell_694,13,internal_or_root,5,12,13,4,694
cell_695,3,terminal,6,13,3,6,695
cell_696,3,terminal,6,13,3,6,696
cell_697,3,terminal,6,13,3,5,697
cell_698,13,internal_or_root,5,12,13,4,698
cell_699,3,terminal,6,13,3,6,699
cell_700,3,terminal,6,13,3,6,700
cell_701,13,internal_or_root,5,12,13,4,701
cell_702,3,terminal,6,13,3,6,702
cell_703,13,internal_or_root,5,12,13,4,703
cell_704,13,internal_or_root,5,12,13,4,704
cell_705,12,internal_or_root,4,11,12,3,705
cell_706,3,terminal,6,13,3,5,706
cell_707,13,internal_or_root,5,12,13,4,707
cell_708,3,terminal,6,13,3,6,708
cell_709,3,terminal,6,13,3,6,709
cell_710,3,terminal,6,13,3,6,710
cell_711,3,terminal,6,13,3,5,711
cell_712,3,terminal,6,13,3,5,712
cell_713,3,terminal,6,13,3,6,713
cell_714,3,terminal,6,13,3,6,714
cell_715,3,terminal,6,13,3,6,715
cell_716,3,terminal,6,13,3,6,716
cell_717,3,terminal,6,13,3,6,717
cell_718,3,terminal,6,13,3,6,718
cell_719,3,terminal,6,13,3,6,719
cell_720,3,terminal,6,13,3,6,720
cell_721,3,terminal,6,13,3,6,721
cell_722,3,terminal,6,13,3,6,722
cell_723,3,terminal,6,13,3,6,723
cell_724,3,terminal,6,13,3,6,724
cell_725,3,terminal,6,13,3,6,725
cell_726,3,terminal,6,13,3,6,726
cell_727,3,terminal,6,13,3,6,727
cell_728,3,terminal,6,13,3,6,728
cell_729,3,terminal,6,13,3,6,729
cell_730,3,terminal,6,13,3,6,730
cell_731,3,terminal,6,13,3,6,731
cell_732,3,terminal,6,13,3,5,732
cell_733,3,terminal,6,13,3,6,733
cell_734,3,terminal,6,13,3,6,734
cell_735,3,terminal,6,13,3,6,735
cell_736,3,terminal,6,13,3,6,736
cell_737,3,terminal,6,13,3,6,737
cell_738,12,internal_or_root,4,11,12,3,738
cell_739,3,terminal,6,13,3,5,739
cell_740,3,terminal,6,13,3,5,740
cell_741,3,terminal,6,13,3,5,741
cell_742,13,internal_or_root,5,12,13,4,742
cell_743,3,terminal,6,13,3,6,743
cell_744,12,internal_or_root,4,11,12,3,744
cell_745,3,terminal,6,13,3,6,745
cell_746,3,terminal,6,13,3,6,746
cell_747,3,terminal,6,13,3,6,747
cell_748,3,terminal,6,13,3,6,748
cell_749,3,terminal,6,13,3,6,749
cell_750,3,terminal,6,13,3,6,750
cell_751,3,terminal,6,13,3,6,751
cell_752,3,terminal,6,13,3,6,752
cell_753,3,terminal,6,13,3,6,753
cell_754,3,terminal,6,13,3,5,754
cell_755,3,terminal,6,13,3,6,755
cell_756,3,terminal,6,13,3,5,756
cell_757,3,terminal,6,13,3,6,757
cell_758,3,terminal,6,13,3,6,758
cell_759,3,terminal,6,13,3,6,759
cell_760,3,terminal,6,13,3,6,760
cell_761,3,terminal,6,13,3,6,761
cell_762,3,terminal,6,13,3,6,762
cell_763,3,terminal,6,13,3,6,763
cell_764,3,terminal,6,13,3,6,764
cell_765,3,terminal,6,13,3,6,765
cell_766,3,terminal,6,13,3,6,766
cell_767,3,terminal,6,13,3,6,767
cell_768,3,terminal,6,13,3,6,768
cell_769,3,terminal,6,13,3,6,769
cell_770,3,terminal,6,13,3,6,770
cell_771,3,terminal,6,13,3,6,771
cell_772,3,terminal,6,13,3,6,772
cell_773,3,terminal,6,13,3,6,773
cell_774,3,terminal,6,13,3,6,774
cell_775,3,terminal,6,13,3,6,775
cell_776,3,terminal,6,13,3,6,776
cell_777,3,terminal,6,13,3,6,777
cell_778,3,terminal,6,13,3,6,778
cell_779,3,terminal,6,13,3,6,779
cell_780,3,terminal,6,13,3,6,780
cell_781,3,terminal,6,13,3,6,781
cell_782,3,terminal,6,13,3,6,782
cell_783,3,terminal,6,13,3,6,783
cell_784,3,terminal,6,13,3,6,784
cell_785,3,terminal,6,13,3,6,785
cell_786,3,terminal,6,13,3,6,786
cell_787,3,terminal,6,13,3,6,787
cell_788,3,terminal,6,13,3,6,788
cell_789,3,terminal,6,13,3,6,789
cell_790,3,terminal,6,13,3,6,790
cell_791,3,terminal,6,13,3,6,791
cell_792,3,terminal,6,13,3,6,792
cell_793,3,terminal,6,13,3,6,793
cell_794,3,terminal,6,13,3,6,794
cell_795,3,terminal,6,13,3,6,795
cell_796,3,terminal,6,13,3,6,796
cell_797,3,terminal,6,13,3,6,797
cell_798,3,terminal,6,13,3,6,798
cell_799,3,terminal,6,13,3,6,799
cell_800,3,terminal,6,13,3,6,800
cell_801,3,terminal,6,13,3,6,801
cell_802,3,terminal,6,13,3,6,802
cell_803,3,terminal,6,13,3,6,803
cell_804,3,terminal,6,13,3,5,804
cell_805,3,terminal,6,13,3,6,805
cell_806,3,terminal,6,13,3,6,806
cell_807,3,terminal,6,13,3,6,807
cell_808,3,terminal,6,13,3,6,808
cell_809,3,terminal,6,13,3,6,809
cell_810,3,terminal,6,13,3,6,810
cell_811,3,terminal,6,13,3,6,811
cell_812,3,terminal,6,13,3,5,812
cell_813,3,terminal,6,13,3,6,813
cell_814,3,terminal,6,13,3,6,814
cell_815,3,terminal,6,13,3,6,815
cell_816,3,terminal,6,13,3,6,816
cell_817,3,terminal,6,13,3,5,817
cell_818,3,terminal,6,13,3,6,818
cell_819,13,internal_or_root,5,12,13,4,819
cell_820,3,terminal,6,13,3,5,820
cell_821,3,terminal,6,13,3,6,821
cell_822,3,terminal,6,13,3,6,822
cell_823,3,terminal,6,13,3,6,823
cell_824,3,terminal,6,13,3,6,824
cell_825,3,terminal,6,13,3,6,825
cell_826,3,terminal,6,13,3,6,826
cell_827,3,terminal,6,13,3,6,827
cell_828,3,terminal,6,13,3,6,828
cell_829,3,terminal,6,13,3,6,829
cell_830,3,terminal,6,13,3,5,830
cell_831,3,terminal,6,13,3,6,831
cell_832,3,terminal,6,13,3,6,832
cell_833,3,terminal,6,13,3,5,833
cell_834,13,internal_or_root,5,12,13,4,834
cell_835,13,internal_or_root,5,12,13,4,835
cell_836,13,internal_or_root,5,12,13,4,836
cell_837,3,terminal,6,13,3,6,837
cell_838,12,internal_or_root,4,11,12,3,838
cell_839,3,terminal,6,13,3,6,839
cell_840,3,terminal,6,13,3,6,840
cell_841,13,internal_or_root,5,12,13,4,841
cell_842,3,terminal,6,13,3,5,842
cell_843,12,internal_or_root,4,11,12,3,843
cell_844,12,internal_or_root,4,11,12,3,844
cell_845,3,terminal,6,13,3,5,845
cell_846,12,internal_or_root,4,11,12,3,846
cell_847,13,internal_or_root,5,12,13,4,847
cell_848,13,internal_or_root,5,12,13,4,848
cell_849,13,internal_or_root,5,12,13,4,849
cell_850,3,terminal,6,13,3,5,850
cell_851,3,terminal,6,13,3,5,851
cell_852,3,terminal,6,13,3,5,852
cell_853,3,terminal,6,13,3,6,853
cell_854,3,terminal,6,13,3,6,854
cell_855,3,terminal,6,13,3,6,855
cell_856,3,terminal,6,13,3,6,856
cell_857,12,internal_or_root,4,11,12,3,857
cell_858,3,terminal,6,13,3,5,858
cell_859,3,terminal,6,13,3,5,859
cell_860,3,terminal,6,13,3,5,860
cell_861,3,terminal,6,13,3,6,861
cell_862,12,internal_or_root,4,11,12,3,862
cell_863,3,terminal,6,13,3,6,863
cell_864,3,terminal,6,13,3,6,864
cell_865,3,terminal,6,13,3,6,865
cell_866,3,terminal,6,13,3,6,866
cell_867,3,terminal,6,13,3,6,867
cell_868,3,terminal,6,13,3,6,868
cell_869,3,terminal,6,13,3,6,869
cell_870,3,terminal,6,13,3,6,870
cell_871,3,terminal,6,13,3,6,871
cell_872,3,terminal,6,13,3,6,872
cell_873,3,terminal,6,13,3,5,873
cell_874,3,terminal,6,13,3,5,874
cell_875,3,terminal,6,13,3,6,875
cell_876,3,terminal,6,13,3,6,876
cell_877,3,terminal,6,13,3,6,877
cell_878,3,terminal,6,13,3,6,878
cell_879,3,terminal,6,13,3,6,879
cell_880,3,terminal,6,13,3,6,880
cell_881,3,terminal,6,13,3,6,881
cell_882,3,terminal,6,13,3,6,882
cell_883,3,terminal,6,13,3,6,883
cell_884,3,terminal,6,13,3,6,884
cell_885,3,terminal,6,13,3,6,885
cell_886,3,terminal,6,13,3,6,886
cell_887,3,terminal,6,13,3,6,887
cell_888,3,terminal,6,13,3,6,888
cell_889,3,terminal,6,13,3,6,889
cell_890,3,terminal,6,13,3,6,890
cell_891,3,terminal,6,13,3,6,891
cell_892,3,terminal,6,13,3,6,892
cell_893,3,terminal,6,13,3,5,893
cell_894,3,terminal,6,13,3,6,894
cell_895,3,terminal,6,13,3,6,895
cell_896,3,terminal,6,13,3,5,896
cell_897,3,terminal,6,13,3,6,897
cell_898,3,terminal,6,13,3,6,898
cell_899,3,terminal,6,13,3,6,899
cell_900,3,terminal,6,13,3,6,900
cell_901,3,terminal,6,13,3,6,901
cell_902,3,terminal,6,13,3,6,902
cell_903,3,terminal,6,13,3,6,903
cell_904,3,terminal,6,13,3,6,904
cell_905,3,terminal,6,13,3,6,905
cell_906,3,terminal,6,13,3,6,906
cell_907,3,terminal,6,13,3,6,907
cell_908,3,terminal,6,13,3,6,908
cell_909,3,terminal,6,13,3,6,909
cell_910,3,terminal,6,13,3,6,910
cell_911,3,terminal,6,13,3,6,911
cell_912,3,terminal,6,13,3,6,912
cell_913,3,terminal,6,13,3,6,913
cell_914,3,terminal,6,13,3,6,914
cell_915,3,terminal,6,13,3,6,915
cell_916,3,terminal,6,13,3,6,916
cell_917,3,terminal,6,13,3,6,917
cell_918,3,terminal,6,13,3,6,918
cell_919,3,terminal,6,13,3,6,919
cell_920,3,terminal,6,13,3,6,920
cell_921,3,terminal,6,13,3,6,921
cell_922,3,terminal,6,13,3,6,922
cell_923,3,terminal,6,13,3,6,923
cell_924,3,terminal,6,13,3,6,924
cell_925,3,terminal,6,13,3,6,925
cell_926,3,terminal,6,13,3,6,926
cell_927,3,terminal,6,13,3,6,927
cell_928,3,terminal,6,13,3,6,928
cell_929,3,terminal,6,13,3,6,929
cell_930,3,terminal,6,13,3,6,930
cell_931,3,terminal,6,13,3,6,931
cell_932,3,terminal,6,13,3,6,932
cell_933,3,terminal,6,13,3,6,933
cell_934,3,terminal,6,13,3,6,934
cell_935,3,terminal,6,13,3,6,935
cell_936,3,terminal,6,13,3,6,936
cell_937,3,terminal,6,13,3,6,937
cell_938,3,terminal,6,13,3,6,938
cell_939,3,terminal,6,13,3,6,939
cell_940,3,terminal,6,13,3,6,940
cell_941,3,terminal,6,13,3,6,941
cell_942,3,terminal,6,13,3,6,942
cell_943,3,terminal,6,13,3,6,943
cell_944,3,terminal,6,13,3,6,944
cell_945,3,terminal,6,13,3,6,945
cell_946,3,terminal,6,13,3,6,946
cell_947,3,terminal,6,13,3,6,947
cell_948,3,terminal,6,13,3,6,948
cell_949,3,terminal,6,13,3,6,949
cell_950,3,terminal,6,13,3,6,950
cell_951,3,terminal,6,13,3,6,951
cell_952,3,terminal,6,13,3,6,952
cell_953,3,terminal,6,13,3,6,953
cell_954,3,terminal,6,13,3,6,954
cell_955,3,terminal,6,13,3,6,955
cell_956,3,terminal,6,13,3,6,956
cell_957,3,terminal,6,13,3,6,957
cell_958,3,terminal,6,13,3,6,958
cell_959,3,terminal,6,13,3,6,959
cell_960,3,terminal,6,13,3,6,960
cell_961,3,terminal,6,13,3,6,961
cell_962,3,terminal,6,13,3,6,962
cell_963,3,terminal,6,13,3,6,963
cell_964,3,terminal,6,13,3,6,964
cell_965,3,terminal,6,13,3,6,965
cell_966,3,terminal,6,13,3,6,966
cell_967,3,terminal,6,13,3,6,967
cell_968,3,terminal,6,13,3,6,968
cell_969,3,terminal,6,13,3,6,969
cell_970,3,terminal,6,13,3,6,970
cell_971,3,terminal,6,13,3,6,971
cell_972,3,terminal,6,13,3,6,972
cell_973,3,terminal,6,13,3,6,973
cell_974,3,terminal,6,13,3,6,974
cell_975,3,terminal,6,13,3,6,975
cell_976,3,terminal,6,13,3,6,976
cell_977,3,terminal,6,13,3,6,977
cell_978,3,terminal,6,13,3,6,978
cell_979,3,terminal,6,13,3,6,979
cell_980,3,terminal,6,13,3,6,980
cell_981,3,terminal,6,13,3,6,981
cell_982,3,terminal,6,13,3,6,982
cell_983,3,terminal,6,13,3,6,983
cell_984,3,terminal,6,13,3,6,984
cell_985,3,terminal,6,13,3,6,985
cell_986,3,terminal,6,13,3,6,986
cell_987,3,terminal,6,13,3,6,987
cell_988,3,terminal,6,13,3,6,988
cell_989,3,terminal,6,13,3,6,989
cell_990,3,terminal,6,13,3,6,990
cell_991,3,terminal,6,13,3,6,991
cell_992,3,terminal,6,13,3,6,992
cell_993,3,terminal,6,13,3,6,993
cell_994,3,terminal,6,13,3,6,994
cell_995,3,terminal,6,13,3,6,995
cell_996,3,terminal,6,13,3,6,996
cell_997,3,terminal,6,13,3,6,997
cell_998,3,terminal,6,13,3,6,998
cell_999,3,terminal,6,13,3,6,999
cell_1000,3,terminal,6,13,3,6,1000
cell_1001,3,terminal,6,13,3,6,1001
cell_1002,3,terminal,6,13,3,6,1002
cell_1003,3,terminal,6,13,3,6,1003
cell_1004,3,terminal,6,13,3,6,1004
cell_1005,3,terminal,6,13,3,6,1005
cell_1006,3,terminal,6,13,3,6,1006
cell_1007,3,terminal,6,13,3,6,1007
cell_1008,3,terminal,6,13,3,6,1008
cell_1009,3,terminal,6,13,3,6,1009
cell_1010,3,terminal,6,13,3,6,1010
cell_1011,3,terminal,6,13,3,6,1011
cell_1012,3,terminal,6,13,3,6,1012
cell_1013,3,terminal,6,13,3,6,1013
cell_1014,3,terminal,6,13,3,6,1014
cell_1015,3,terminal,6,13,3,6,1015
cell_1016,3,terminal,6,13,3,6,1016
cell_1017,3,terminal,6,13,3,6,1017
cell_1018,3,terminal,6,13,3,6,1018
cell_1019,3,terminal,6,13,3,6,1019
cell_1020,3,terminal,6,13,3,6,1020
cell_1021,3,terminal,6,13,3,6,1021
cell_1022,3,terminal,6,13,3,6,1022
cell_1023,3,terminal,6,13,3,6,1023
cell_1024,3,terminal,6,13,3,6,1024
