cell_id	S1	S2	S3	S4	S5	S6	S7	S8
cell_1	13	8	2	3	-	0	2	0
cell_2	13	8	2	3	2	-	2	0
cell_3	13	-	-	3	2	0	-	0
cell_4	-	8	2	3	2	0	2	2
cell_5	13	8	-	3	2	-	2	0
cell_6	13	8	-	-	2	3	2	0
cell_7	13	8	2	-	2	0	2	0
cell_8	13	-	2	3	2	0	2	13
cell_9	13	-	2	3	2	0	2	-
cell_10	-	8	2	3	2	0	2	0
cell_11	-	8	2	3	2	3	2	0
cell_12	-	8	2	3	2	3	2	0
cell_13	13	8	2	3	2	2	2	0
cell_14	13	8	2	3	-	0	-	-
cell_15	-	8	2	3	2	6	-	0
cell_16	13	8	-	3	-	6	2	0
cell_17	13	8	2	3	2	24	2	-
cell_18	13	8	-	3	2	2	-	-
cell_19	13	8	-	3	2	0	-	-
cell_20	13	8	2	-	-	0	2	59
cell_21	13	8	-	-	2	0	-	2
cell_22	13	8	2	3	2	0	2	2
cell_23	13	8	2	3	2	2	2	-
cell_24	13	8	-	3	-	2	2	-
cell_25	13	8	2	3	2	2	2	2
cell_26	13	8	2	3	-	-	2	2
cell_27	13	8	2	3	2	2	2	0
cell_28	-	-	2	3	-	2	2	0
cell_29	13	8	-	3	2	2	-	5
cell_30	13	8	-	3	-	2	-	5
cell_31	13	-	2	3	-	2	2	2
cell_32	13	8	2	3	2	2	-	2
cell_33	-	8	2	3	2	0	2	2
cell_34	13	8	2	3	2	-	2	-
cell_35	13	8	2	-	2	2	2	2
cell_36	13	8	2	3	2	0	2	2
cell_37	13	8	-	3	2	-	2	2
cell_38	-	-	2	-	-	2	2	-
cell_39	13	8	-	-	2	0	2	2
cell_40	13	8	2	-	2	0	2	2
cell_41	13	8	2	3	2	2	2	2
cell_42	13	8	2	-	2	2	2	-
cell_43	13	-	2	-	2	2	2	2
cell_44	13	8	2	-	2	-	-	-
cell_45	13	8	2	3	2	0	2	2
cell_46	13	8	2	3	2	0	2	2
cell_47	13	8	2	3	-	0	2	2
cell_48	-	8	2	3	2	0	2	2
cell_49	13	8	2	-	2	10	2	2
cell_50	13	8	2	3	2	-	2	2
cell_51	13	8	2	-	2	10	2	2
cell_52	13	-	2	3	2	10	2	2
cell_53	-	8	-	3	2	0	2	2
cell_54	-	8	2	3	2	-	2	2
cell_55	-	8	-	3	2	0	2	2
cell_56	13	8	2	3	-	0	-	2
cell_57	13	8	2	3	-	2	2	0
cell_58	13	-	2	3	2	2	2	0
cell_59	13	8	2	3	2	2	2	5
cell_60	13	8	2	3	-	2	2	5
cell_61	13	8	2	-	2	2	2	0
cell_62	13	8	2	-	2	-	2	0
cell_63	13	8	2	-	2	2	2	0
cell_64	13	8	2	3	2	2	2	0
cell_65	13	8	2	0	2	6	2	3
cell_66	13	-	2	0	2	-	2	3
cell_67	-	8	2	4	2	6	2	3
cell_68	13	-	2	4	2	6	-	3
cell_69	13	8	2	6	2	6	-	3
cell_70	-	-	2	6	2	6	2	-
cell_71	13	-	2	0	-	-	2	3
cell_72	-	-	-	0	-	6	2	3
cell_73	-	8	-	16	2	0	2	3
cell_74	13	-	2	16	-	0	2	3
cell_75	13	8	-	-	2	0	2	3
cell_76	13	-	2	-	2	0	2	-
cell_77	13	8	2	16	2	2	2	3
cell_78	13	8	2	16	-	2	2	3
cell_79	13	8	2	16	2	2	2	3
cell_80	-	8	2	-	2	2	2	3
cell_81	13	8	-	2	2	0	-	3
cell_82	13	-	-	2	-	-	2	-
cell_83	13	8	2	2	2	0	2	3
cell_84	13	8	2	2	-	0	2	3
cell_85	13	8	2	2	2	-	2	3
cell_86	13	8	2	2	-	2	2	-
cell_87	13	8	2	2	2	0	2	3
cell_88	13	8	-	2	2	-	2	3
cell_89	13	8	-	2	2	3	-	3
cell_90	13	8	2	2	2	-	2	3
cell_91	13	8	-	0	2	3	2	-
cell_92	13	8	2	0	2	3	2	3
cell_93	13	8	2	2	2	3	2	3
cell_94	13	8	2	2	2	3	2	3
cell_95	13	8	-	2	-	-	2	3
cell_96	13	8	2	2	-	3	-	3
cell_97	-	8	2	13	-	-	-	0
cell_98	-	8	2	13	-	-	2	0
cell_99	-	8	2	13	-	0	2	2
cell_100	13	8	2	13	2	9	2	2
cell_101	13	8	-	-	-	2	-	0
cell_102	13	8	2	-	-	2	2	-
cell_103	13	8	-	-	2	0	-	5
cell_104	13	8	2	13	2	3	2	5
cell_105	13	8	2	-	2	-	2	0
cell_106	-	-	2	13	2	2	2	0
cell_107	13	8	2	-	2	-	2	5
cell_108	13	8	2	13	-	2	-	5
cell_109	13	8	2	-	2	2	2	2
cell_110	13	8	2	13	2	2	2	-
cell_111	13	8	2	13	2	2	2	-
cell_112	-	8	2	13	-	-	2	2
cell_113	13	8	2	13	-	2	2	0
cell_114	13	8	-	13	-	2	2	2
cell_115	13	8	-	13	2	-	2	4
cell_116	13	8	-	13	-	2	2	-
cell_117	13	8	2	-	2	2	2	-
cell_118	13	8	2	-	2	2	2	2
cell_119	13	8	2	13	2	2	2	0
cell_120	13	8	2	13	2	2	2	0
cell_121	13	8	2	13	2	2	2	0
cell_122	13	8	2	13	2	2	2	0
cell_123	13	8	-	13	2	2	2	0
cell_124	13	8	2	-	2	2	-	0
cell_125	13	8	2	-	2	2	2	0
cell_126	13	8	2	-	-	2	2	0
cell_127	13	-	-	-	2	2	-	0
cell_128	-	8	2	13	2	2	2	0
cell_129	13	2	2	-	2	2	2	-
cell_130	-	2	2	6	2	2	2	5
cell_131	13	-	2	6	-	0	2	-
cell_132	13	2	2	6	2	6	2	0
cell_133	13	5	2	6	-	0	2	0
cell_134	13	5	2	6	2	-	-	-
cell_135	13	2	2	6	-	0	2	0
cell_136	13	2	2	-	2	2	2	0
cell_137	13	0	2	6	-	-	2	-
cell_138	13	0	-	6	2	0	-	4
cell_139	-	0	-	6	2	14	2	0
cell_140	13	0	2	6	2	14	2	0
cell_141	13	0	2	6	2	0	-	3
cell_142	13	0	-	6	2	0	2	3
cell_143	13	0	2	6	2	0	2	3
cell_144	-	0	-	6	-	0	-	3
cell_145	13	2	-	-	2	2	2	2
cell_146	13	0	2	6	2	-	2	2
cell_147	13	15	2	-	2	2	2	2
cell_148	13	15	2	6	2	2	2	2
cell_149	13	0	-	6	2	2	2	2
cell_150	-	0	2	6	-	2	2	2
cell_151	13	-	2	6	2	2	2	2
cell_152	-	4	-	-	2	2	2	2
cell_153	13	4	-	6	2	2	2	2
cell_154	13	4	2	6	-	0	-	2
cell_155	13	4	2	-	-	0	2	2
cell_156	13	4	-	-	-	10	2	-
cell_157	13	-	2	6	-	-	2	2
cell_158	-	2	2	-	2	4	-	-
cell_159	13	2	2	6	2	4	2	2
cell_160	13	2	2	6	2	4	2	2
cell_161	13	4	-	-	2	0	2	37
cell_162	13	4	2	2	2	0	2	37
cell_163	13	0	2	-	2	0	2	37
cell_164	13	0	2	0	2	-	2	37
cell_165	13	0	2	0	2	0	-	37
cell_166	13	-	2	0	-	0	2	37
cell_167	-	-	2	0	-	0	2	37
cell_168	13	2	2	0	2	0	2	-
cell_169	13	0	2	2	2	0	-	37
cell_170	13	-	-	-	-	0	2	37
cell_171	-	0	2	-	2	0	2	37
cell_172	13	-	2	2	2	0	2	37
cell_173	13	-	2	-	2	13	2	-
cell_174	13	0	2	2	-	13	-	37
cell_175	13	0	2	2	2	-	2	37
cell_176	13	0	2	2	2	13	2	37
cell_177	-	0	2	0	2	5	-	37
cell_178	13	-	2	0	2	0	-	-
cell_179	13	0	2	0	2	0	-	37
cell_180	13	0	-	0	2	0	2	37
cell_181	13	2	2	18	2	-	-	-
cell_182	13	-	2	42	2	-	2	37
cell_183	13	0	2	-	-	-	2	37
cell_184	-	93	2	2	-	0	2	37
cell_185	13	2	-	0	-	21	-	37
cell_186	13	2	2	0	2	21	2	37
cell_187	13	2	2	0	-	21	2	37
cell_188	13	2	2	3	-	21	2	37
cell_189	13	-	2	0	2	0	2	-
cell_190	13	2	2	-	-	0	2	37
cell_191	13	0	-	0	-	2	2	37
cell_192	13	0	-	0	2	2	2	37
cell_193	13	9	-	-	-	-	-	-
cell_194	13	0	-	-	-	-	-	-
cell_195	13	5	-	-	-	-	-	-
cell_196	13	0	2	-	-	-	-	-
cell_197	13	-	2	-	-	-	-	-
cell_198	13	5	2	-	-	-	-	-
cell_199	13	3	-	-	-	-	-	-
cell_200	13	3	2	-	-	-	-	-
cell_201	-	2	-	-	-	-	-	-
cell_202	13	2	-	-	-	-	-	-
cell_203	13	2	2	-	-	-	-	-
cell_204	13	2	2	-	-	-	-	-
cell_205	13	2	-	-	-	-	-	-
cell_206	13	2	2	-	-	-	-	-
cell_207	13	2	-	-	-	-	-	-
cell_208	13	2	-	-	-	-	-	-
cell_209	13	-	2	-	-	-	-	-
cell_210	13	0	2	-	-	-	-	-
cell_211	-	0	2	-	-	-	-	-
cell_212	13	0	-	-	-	-	-	-
cell_213	13	-	2	-	-	-	-	-
cell_214	13	2	2	-	-	-	-	-
cell_215	13	0	-	-	-	-	-	-
cell_216	13	0	2	-	-	-	-	-
cell_217	13	-	2	-	-	-	-	-
cell_218	-	0	2	-	-	-	-	-
cell_219	-	-	2	-	-	-	-	-
cell_220	13	0	2	-	-	-	-	-
cell_221	-	8	2	-	-	-	-	-
cell_222	13	2	-	-	-	-	-	-
cell_223	13	2	2	-	-	-	-	-
cell_224	-	2	-	-	-	-	-	-
cell_225	13	19	2	-	-	-	-	-
cell_226	-	19	2	-	-	-	-	-
cell_227	13	19	2	-	-	-	-	-
cell_228	13	-	2	-	-	-	-	-
cell_229	13	-	2	-	-	-	-	-
cell_230	13	5	2	-	-	-	-	-
cell_231	13	-	2	-	-	-	-	-
cell_232	13	5	-	-	-	-	-	-
cell_233	13	5	2	-	-	-	-	-
cell_234	-	-	-	-	-	-	-	-
cell_235	13	5	2	-	-	-	-	-
cell_236	13	-	2	-	-	-	-	-
cell_237	-	5	2	-	-	-	-	-
cell_238	13	5	2	-	-	-	-	-
cell_239	13	-	2	-	-	-	-	-
cell_240	13	5	2	-	-	-	-	-
cell_241	-	8	-	-	-	-	-	-
cell_242	13	8	2	-	-	-	-	-
cell_243	13	-	-	-	-	-	-	-
cell_244	13	2	2	-	-	-	-	-
cell_245	-	2	-	-	-	-	-	-
cell_246	13	2	2	-	-	-	-	-
cell_247	13	4	2	-	-	-	-	-
cell_248	13	4	2	-	-	-	-	-
cell_249	13	2	-	-	-	-	-	-
cell_250	13	-	2	-	-	-	-	-
cell_251	13	2	2	-	-	-	-	-
cell_252	13	-	2	-	-	-	-	-
cell_253	-	2	2	-	-	-	-	-
cell_254	13	-	2	-	-	-	-	-
cell_255	13	-	2	-	-	-	-	-
cell_256	13	2	2	-	-	-	-	-
cell_257	13	-	-	-	2	2	21	-
cell_258	13	-	-	-	2	2	21	0
cell_259	13	-	-	-	2	2	21	-
cell_260	-	-	-	-	-	2	21	2
cell_261	13	-	-	-	-	2	21	2
cell_262	13	-	-	-	2	2	21	2
cell_263	13	-	-	-	2	-	21	0
cell_264	13	-	-	-	2	2	21	0
cell_265	-	-	-	-	2	2	21	0
cell_266	13	-	-	-	2	-	21	0
cell_267	-	-	-	-	2	2	21	0
cell_268	13	-	-	-	2	-	21	0
cell_269	13	-	-	-	-	2	21	-
cell_270	13	-	-	-	2	2	-	8
cell_271	13	-	-	-	2	-	21	19
cell_272	-	-	-	-	2	2	-	0
cell_273	-	-	-	-	2	2	21	2
cell_274	13	-	-	-	2	2	-	2
cell_275	13	-	-	-	2	-	21	2
cell_276	13	-	-	-	2	2	21	2
cell_277	13	-	-	-	-	2	21	2
cell_278	13	-	-	-	2	-	21	-
cell_279	13	-	-	-	2	2	-	2
cell_280	13	-	-	-	2	-	21	2
cell_281	-	-	-	-	2	2	21	2
cell_282	13	-	-	-	-	2	21	-
cell_283	13	-	-	-	-	2	21	2
cell_284	-	-	-	-	2	2	21	-
cell_285	13	-	-	-	2	2	21	2
cell_286	13	-	-	-	-	2	-	2
cell_287	13	-	-	-	-	2	21	2
cell_288	13	-	-	-	-	2	21	2
cell_289	13	-	-	-	2	2	21	2
cell_290	-	-	-	-	2	2	21	2
cell_291	13	-	-	-	-	2	21	2
cell_292	13	-	-	-	2	-	21	-
cell_293	13	-	-	-	-	2	21	2
cell_294	13	-	-	-	2	2	21	2
cell_295	-	-	-	-	2	2	-	2
cell_296	13	-	-	-	2	2	21	2
cell_297	13	-	-	-	2	2	21	2
cell_298	13	-	-	-	-	2	21	2
cell_299	13	-	-	-	2	2	21	-
cell_300	13	-	-	-	2	2	21	2
cell_301	-	-	-	-	2	2	21	-
cell_302	13	-	-	-	2	2	21	2
cell_303	-	-	-	-	2	2	-	2
cell_304	13	-	-	-	2	-	21	2
cell_305	13	-	-	-	2	-	21	9
cell_306	-	-	-	-	-	2	21	9
cell_307	13	-	-	-	2	2	21	9
cell_308	13	-	-	-	2	2	21	9
cell_309	13	-	-	-	2	-	21	-
cell_310	13	-	-	-	2	2	21	9
cell_311	13	-	-	-	-	2	-	9
cell_312	13	-	-	-	2	2	-	9
cell_313	13	-	-	-	2	2	21	5
cell_314	13	-	-	-	-	2	-	5
cell_315	13	-	-	-	2	2	-	5
cell_316	13	-	-	-	-	2	21	-
cell_317	13	-	-	-	2	2	21	5
cell_318	-	-	-	-	2	2	21	-
cell_319	13	-	-	-	2	2	21	5
cell_320	13	-	-	-	2	2	21	5
cell_321	13	5	3	-	-	25	21	2
cell_322	13	5	-	14	2	25	21	2
cell_323	13	5	-	14	2	25	21	2
cell_324	13	5	3	14	2	25	21	2
cell_325	13	-	3	14	2	-	21	2
cell_326	13	5	-	14	2	-	-	2
cell_327	13	5	3	14	2	2	21	2
cell_328	13	5	3	-	2	2	21	2
cell_329	13	-	-	14	2	0	21	2
cell_330	13	5	3	14	2	-	21	2
cell_331	13	-	3	14	2	2	21	-
cell_332	13	5	-	14	2	-	21	2
cell_333	13	5	-	14	2	-	21	2
cell_334	13	5	3	-	-	0	21	2
cell_335	13	5	3	-	2	-	21	2
cell_336	13	5	-	14	2	0	21	2
cell_337	13	5	3	14	2	2	21	2
cell_338	13	5	3	-	2	2	21	2
cell_339	13	5	-	14	2	2	21	2
cell_340	-	5	3	14	2	2	-	2
cell_341	13	5	3	14	2	2	-	-
cell_342	13	-	3	14	2	2	21	2
cell_343	13	5	3	-	2	2	21	2
cell_344	-	5	-	-	2	2	-	2
cell_345	-	5	3	14	2	2	21	2
cell_346	13	5	-	-	2	2	21	2
cell_347	13	-	3	14	2	-	-	2
cell_348	-	-	3	-	2	2	21	2
cell_349	13	5	3	14	2	2	-	2
cell_350	13	5	3	14	2	2	21	2
cell_351	13	5	3	14	2	-	21	-
cell_352	-	5	3	14	2	2	-	-
cell_353	13	5	3	-	2	2	21	2
cell_354	-	-	3	-	2	2	-	-
cell_355	13	5	3	-	2	-	21	2
cell_356	13	5	3	-	2	2	21	2
cell_357	13	5	3	14	-	-	21	2
cell_358	13	5	3	14	-	2	21	2
cell_359	13	5	3	14	2	2	-	-
cell_360	-	5	3	14	2	2	21	2
cell_361	13	5	3	14	2	2	21	2
cell_362	13	-	3	14	-	2	21	2
cell_363	13	5	3	14	2	2	21	2
cell_364	-	5	3	14	2	2	21	2
cell_365	13	5	3	14	2	2	21	-
cell_366	13	5	3	14	2	-	21	2
cell_367	13	5	3	-	2	2	21	2
cell_368	13	5	-	14	2	-	21	2
cell_369	13	5	3	14	2	2	21	2
cell_370	-	5	-	14	2	-	21	2
cell_371	-	5	3	14	2	2	21	2
cell_372	13	5	3	14	2	2	21	2
cell_373	13	5	3	-	2	-	21	2
cell_374	13	5	3	14	2	2	21	2
cell_375	13	5	3	14	2	2	-	2
cell_376	-	5	3	14	2	2	21	2
cell_377	13	-	3	14	2	2	21	2
cell_378	13	5	-	14	2	-	21	2
cell_379	13	-	3	14	-	-	21	-
cell_380	13	5	3	14	-	2	21	2
cell_381	13	5	-	14	2	2	21	2
cell_382	13	5	3	14	-	2	21	-
cell_383	13	5	3	14	2	2	21	2
cell_384	13	5	3	14	-	2	21	2
cell_385	13	2	2	12	2	13	-	2
cell_386	13	2	2	0	2	13	2	-
cell_387	13	2	2	2	2	0	5	2
cell_388	13	-	2	2	-	7	0	2
cell_389	13	-	2	-	-	-	5	0
cell_390	13	-	2	-	-	-	5	5
cell_391	13	-	2	0	2	3	5	4
cell_392	-	2	-	0	2	-	-	-
cell_393	13	-	2	2	2	0	2	0
cell_394	13	2	2	-	-	0	2	-
cell_395	13	2	2	0	2	-	2	2
cell_396	13	2	2	2	2	2	2	0
cell_397	-	-	2	4	-	-	0	0
cell_398	-	2	2	-	-	0	-	0
cell_399	-	2	-	-	2	3	0	0
cell_400	13	2	2	4	2	2	0	0
cell_401	13	2	2	0	2	2	12	12
cell_402	13	2	2	0	2	2	-	3
cell_403	13	2	-	-	2	2	-	2
cell_404	13	2	2	5	-	-	12	2
cell_405	13	2	2	5	2	2	0	4
cell_406	13	2	2	0	2	2	0	4
cell_407	13	2	2	-	2	2	-	4
cell_408	13	2	2	0	2	2	0	4
cell_409	-	2	2	0	2	3	3	29
cell_410	-	2	2	3	2	3	3	29
cell_411	13	2	-	2	2	3	3	-
cell_412	13	-	2	2	2	3	3	29
cell_413	-	-	2	2	2	0	3	3
cell_414	13	2	-	0	2	-	3	3
cell_415	13	2	2	-	2	-	3	3
cell_416	13	2	2	0	2	0	3	3
cell_417	13	2	-	0	2	0	2	3
cell_418	13	2	3	-	2	0	2	3
cell_419	13	-	3	0	2	0	-	3
cell_420	13	-	3	0	2	9	2	3
cell_421	13	2	-	-	2	2	2	0
cell_422	13	2	3	2	2	2	2	-
cell_423	13	2	-	2	2	-	2	-
cell_424	13	-	3	2	-	2	2	0
cell_425	13	2	3	0	-	0	2	-
cell_426	13	2	-	0	2	3	2	-
cell_427	13	2	3	0	2	26	2	0
cell_428	-	-	3	0	2	-	2	0
cell_429	13	2	3	0	2	-	2	0
cell_430	13	-	3	0	2	-	-	-
cell_431	-	2	3	2	2	0	-	4
cell_432	13	2	3	-	2	0	2	4
cell_433	13	2	-	2	2	0	65	5
cell_434	13	2	3	2	2	0	65	5
cell_435	13	-	3	2	2	-	65	0
cell_436	13	2	3	-	2	0	-	0
cell_437	-	2	3	2	-	5	0	0
cell_438	-	2	3	-	-	0	-	-
cell_439	-	2	3	2	2	2	0	2
cell_440	13	2	3	2	-	2	0	2
cell_441	13	2	3	2	2	0	2	-
cell_442	13	2	3	2	2	0	2	0
cell_443	13	2	3	2	2	-	2	0
cell_444	13	2	-	2	2	0	-	0
cell_445	-	-	3	2	2	2	-	0
cell_446	13	2	3	2	-	2	2	0
cell_447	13	2	3	2	2	2	2	-
cell_448	13	2	3	2	2	0	2	0
cell_449	13	0	14	5	-	-	2	0
cell_450	13	3	0	5	2	2	2	0
cell_451	-	2	0	3	2	0	2	26
cell_452	13	2	0	-	2	0	2	0
cell_453	-	-	0	5	2	0	-	0
cell_454	-	-	0	5	2	0	2	0
cell_455	13	0	0	-	2	-	2	0
cell_456	-	0	0	2	2	-	-	4
cell_457	13	5	-	-	-	-	2	2
cell_458	13	5	5	2	2	2	2	0
cell_459	13	-	5	2	2	2	2	0
cell_460	13	0	5	2	-	2	2	5
cell_461	-	5	5	0	2	2	-	-
cell_462	13	5	-	0	2	2	2	64
cell_463	13	-	5	-	2	-	-	0
cell_464	13	0	5	2	2	-	2	0
cell_465	13	0	3	0	2	-	2	4
cell_466	13	0	3	-	-	0	2	4
cell_467	13	5	3	0	2	0	-	4
cell_468	-	5	-	0	2	0	2	4
cell_469	13	0	3	0	2	4	5	0
cell_470	-	-	3	2	2	4	0	-
cell_471	-	0	3	0	2	2	2	2
cell_472	13	0	3	0	-	2	0	3
cell_473	13	-	2	8	2	0	2	-
cell_474	13	2	-	-	2	0	2	-
cell_475	-	-	2	-	2	0	-	0
cell_476	13	2	-	8	2	0	2	-
cell_477	-	2	0	8	2	14	-	5
cell_478	-	2	0	8	2	-	2	-
cell_479	13	2	2	8	2	0	-	-
cell_480	13	2	2	8	2	-	-	5
cell_481	13	-	3	0	-	4	0	2
cell_482	13	0	3	0	2	4	2	0
cell_483	13	5	3	0	-	-	0	0
cell_484	13	0	-	2	-	4	5	0
cell_485	13	0	-	0	2	5	3	2
cell_486	13	0	3	0	2	-	3	2
cell_487	13	0	3	2	-	5	0	2
cell_488	-	0	-	2	2	-	0	-
cell_489	13	0	3	4	2	-	2	0
cell_490	13	0	3	2	-	0	2	-
cell_491	13	5	3	0	2	2	2	0
cell_492	13	-	3	0	-	-	2	0
cell_493	13	0	3	0	2	7	2	0
cell_494	13	0	3	0	-	7	-	0
cell_495	13	0	3	0	2	-	2	0
cell_496	13	0	3	0	2	7	2	0
cell_497	13	2	2	5	2	2	-	-
cell_498	13	-	2	5	-	2	2	0
cell_499	13	2	-	5	2	2	2	0
cell_500	13	-	2	5	2	2	2	-
cell_501	13	2	-	5	2	-	2	0
cell_502	13	2	2	-	2	-	2	0
cell_503	13	2	2	5	2	2	-	13
cell_504	13	2	2	5	2	-	-	13
cell_505	-	-	-	5	2	-	-	5
cell_506	13	-	2	5	2	2	2	5
cell_507	-	2	3	5	2	-	2	5
cell_508	13	2	3	5	-	-	2	5
cell_509	13	2	0	5	2	-	2	5
cell_510	13	2	-	5	2	2	2	5
cell_511	13	2	10	5	2	2	2	5
cell_512	13	-	0	5	2	2	2	5
cell_513	2	0	2	2	2	2	2	5
cell_514	2	0	2	2	2	-	-	5
cell_515	2	-	0	-	2	2	2	-
cell_516	2	0	-	2	2	2	2	2
cell_517	2	2	0	2	2	-	2	0
cell_518	2	2	0	2	-	2	2	-
cell_519	2	-	0	2	2	-	2	2
cell_520	2	2	0	-	2	2	2	0
cell_521	4	-	0	2	2	-	2	19
cell_522	4	-	0	2	2	2	2	19
cell_523	4	2	0	-	-	2	2	19
cell_524	4	2	0	2	2	2	2	19
cell_525	4	2	3	2	2	2	2	2
cell_526	4	-	3	2	2	2	-	-
cell_527	4	-	0	2	2	2	2	2
cell_528	4	-	0	-	2	2	2	-
cell_529	0	5	2	2	2	-	2	2
cell_530	0	5	2	-	2	2	2	2
cell_531	0	-	2	2	2	2	2	2
cell_532	20	0	2	2	2	2	2	2
cell_533	0	0	2	2	2	2	-	2
cell_534	0	3	2	2	-	2	2	-
cell_535	-	0	2	-	2	2	2	2
cell_536	0	0	2	2	2	2	-	-
cell_537	5	14	-	2	2	-	2	-
cell_538	5	14	0	2	2	-	2	-
cell_539	0	0	4	2	-	-	2	0
cell_540	0	-	0	2	2	2	-	0
cell_541	0	-	0	2	2	2	2	2
cell_542	4	-	0	-	2	-	2	0
cell_543	8	-	2	2	2	-	-	2
cell_544	8	-	-	2	2	2	-	2
cell_545	-	0	-	-	-	-	2	0
cell_546	0	-	6	2	8	2	2	0
cell_547	8	2	6	2	8	2	2	0
cell_548	5	-	6	2	-	2	-	0
cell_549	0	0	6	2	8	2	2	3
cell_550	0	0	-	-	8	2	2	3
cell_551	0	-	-	2	8	2	2	3
cell_552	-	-	6	2	8	2	-	-
cell_553	11	2	6	2	5	2	2	5
cell_554	-	2	6	2	5	2	2	5
cell_555	11	0	6	2	5	2	2	2
cell_556	11	0	-	2	5	2	2	2
cell_557	-	0	6	2	5	-	2	0
cell_558	4	-	-	2	5	-	2	0
cell_559	0	0	-	2	-	-	2	0
cell_560	0	0	6	2	5	-	2	0
cell_561	3	2	-	2	0	2	2	-
cell_562	3	2	-	2	0	2	2	2
cell_563	-	2	6	2	0	2	2	-
cell_564	2	2	6	2	0	2	2	2
cell_565	-	2	6	2	0	-	2	0
cell_566	29	-	6	2	-	2	2	0
cell_567	-	2	6	2	2	2	2	5
cell_568	0	2	6	2	2	-	2	5
cell_569	2	2	6	2	2	2	-	0
cell_570	2	-	6	2	-	2	2	-
cell_571	2	2	6	2	-	2	2	0
cell_572	2	-	6	2	0	-	-	2
cell_573	2	2	-	2	0	2	2	0
cell_574	2	2	6	2	2	-	-	0
cell_575	2	2	6	2	-	-	2	2
cell_576	-	2	-	2	-	2	2	0
cell_577	0	0	2	2	2	2	2	5
cell_578	2	-	2	2	-	2	2	0
cell_579	0	0	2	2	2	-	2	-
cell_580	0	0	2	2	2	2	2	19
cell_581	-	3	2	2	2	-	2	16
cell_582	0	0	2	2	2	2	2	-
cell_583	2	0	2	-	2	2	2	10
cell_584	2	-	-	2	2	2	2	-
cell_585	2	2	-	2	2	2	-	8
cell_586	0	2	0	2	2	2	-	8
cell_587	0	0	0	2	-	2	2	-
cell_588	0	0	0	2	2	-	-	8
cell_589	5	0	0	2	2	2	2	8
cell_590	5	0	0	2	2	-	2	-
cell_591	27	0	-	-	2	-	2	8
cell_592	0	0	-	2	2	2	-	8
cell_593	-	2	0	2	2	2	2	12
cell_594	0	-	0	-	2	2	2	0
cell_595	5	0	-	2	2	2	2	0
cell_596	0	0	-	2	-	2	2	0
cell_597	0	0	0	2	2	-	2	9
cell_598	5	3	0	-	2	2	2	0
cell_599	0	-	0	2	2	-	-	2
cell_600	2	-	0	-	2	2	2	-
cell_601	5	-	0	-	2	2	2	-
cell_602	0	0	-	2	2	2	2	3
cell_603	-	-	5	2	2	-	2	0
cell_604	2	11	-	2	2	2	2	0
cell_605	0	-	0	2	2	2	-	3
cell_606	0	9	0	2	2	2	2	3
cell_607	0	-	0	2	2	2	-	-
cell_608	0	-	0	2	2	-	2	0
cell_609	2	0	-	2	2	2	-	4
cell_610	2	2	2	2	-	-	2	4
cell_611	2	2	2	-	2	2	2	4
cell_612	2	2	2	-	-	2	-	4
cell_613	2	0	2	2	2	2	-	-
cell_614	2	5	2	-	-	2	2	0
cell_615	2	5	2	2	-	2	2	-
cell_616	2	4	2	2	2	-	2	0
cell_617	-	0	2	-	-	2	2	5
cell_618	2	0	-	2	-	-	2	5
cell_619	2	0	2	2	2	2	2	5
cell_620	2	0	2	2	2	-	2	5
cell_621	2	4	2	2	2	-	2	0
cell_622	2	0	-	2	2	2	2	0
cell_623	2	0	2	2	2	2	2	0
cell_624	2	0	2	-	2	2	-	0
cell_625	2	2	2	-	2	-	-	2
cell_626	-	2	-	2	-	2	2	-
cell_627	2	2	2	-	2	-	2	2
cell_628	2	2	2	2	2	2	2	2
cell_629	2	2	2	2	-	2	2	5
cell_630	2	2	2	2	2	-	2	5
cell_631	2	2	2	2	2	2	2	-
cell_632	2	2	2	2	2	2	2	5
cell_633	2	2	-	-	2	2	2	12
cell_634	2	-	2	2	-	-	2	12
cell_635	-	2	-	2	-	2	2	12
cell_636	2	-	0	2	2	-	2	12
cell_637	-	2	0	2	2	2	2	12
cell_638	2	2	0	2	-	2	2	12
cell_639	2	-	4	2	2	2	2	12
cell_640	2	2	4	2	2	-	2	12
cell_641	0	3	2	3	-	2	2	5
cell_642	-	3	-	3	5	2	-	5
cell_643	0	3	2	3	5	2	2	5
cell_644	0	3	2	3	-	-	2	5
cell_645	2	3	-	3	5	2	2	5
cell_646	-	3	2	3	-	2	2	5
cell_647	2	3	2	3	-	2	2	5
cell_648	0	-	2	3	5	2	2	5
cell_649	-	-	-	3	0	-	2	-
cell_650	0	-	2	3	-	2	2	5
cell_651	0	3	2	-	0	2	-	5
cell_652	0	3	2	3	0	2	2	5
cell_653	2	-	2	3	-	2	2	5
cell_654	2	3	2	3	0	2	2	5
cell_655	2	3	2	3	0	2	2	5
cell_656	2	3	2	3	2	2	-	5
cell_657	0	0	2	-	2	2	2	5
cell_658	-	-	2	3	2	-	-	-
cell_659	2	0	2	3	2	2	2	5
cell_660	3	0	2	-	2	2	-	-
cell_661	0	0	2	3	2	-	-	5
cell_662	0	0	2	3	-	2	-	5
cell_663	0	0	-	3	-	2	-	-
cell_664	-	0	-	3	-	2	2	5
cell_665	2	11	2	3	-	2	2	5
cell_666	2	11	2	3	-	2	2	-
cell_667	-	5	2	-	2	2	2	5
cell_668	0	5	-	3	2	2	2	5
cell_669	-	2	2	3	2	2	2	5
cell_670	0	0	2	3	2	2	2	5
cell_671	-	-	2	3	-	2	2	5
cell_672	0	2	2	3	2	2	2	5
cell_673	2	2	2	0	2	2	2	5
cell_674	2	-	2	0	2	-	2	5
cell_675	2	2	2	0	2	2	2	5
cell_676	2	2	-	-	2	2	2	5
cell_677	2	2	2	0	2	2	2	5
cell_678	2	2	2	0	2	2	-	5
cell_679	2	2	2	-	-	2	2	5
cell_680	2	2	2	2	2	2	2	5
cell_681	-	2	-	-	2	2	2	-
cell_682	-	2	2	0	2	-	2	5
cell_683	2	2	2	0	2	2	2	-
cell_684	-	-	-	0	-	2	2	5
cell_685	2	2	2	-	-	2	-	5
cell_686	2	2	2	0	2	-	2	-
cell_687	-	2	2	0	2	2	2	5
cell_688	2	-	2	-	2	-	2	5
cell_689	2	2	2	0	2	2	2	5
cell_690	2	2	2	-	-	2	-	5
cell_691	-	0	2	-	2	2	2	5
cell_692	-	0	2	2	-	-	2	5
cell_693	-	3	2	7	2	2	2	5
cell_694	2	3	2	7	2	-	-	5
cell_695	2	3	2	7	2	2	2	5
cell_696	-	3	2	7	-	-	2	5
cell_697	2	2	2	0	-	2	2	5
cell_698	2	2	-	0	-	2	-	-
cell_699	2	2	2	0	2	2	-	5
cell_700	2	2	2	0	-	-	2	5
cell_701	2	2	-	-	2	-	2	5
cell_702	-	2	2	2	2	2	2	5
cell_703	2	2	2	2	-	-	2	5
cell_704	-	-	-	2	2	2	2	5
cell_705	2	0	0	9	2	2	2	5
cell_706	2	0	0	0	2	2	2	5
cell_707	2	0	0	49	2	2	2	5
cell_708	2	-	0	-	2	2	-	-
cell_709	-	0	0	0	-	2	2	5
cell_710	2	0	0	2	5	2	2	5
cell_711	-	-	5	5	2	2	2	-
cell_712	2	0	5	5	2	-	-	5
cell_713	0	2	0	0	0	2	2	5
cell_714	0	2	-	0	2	2	2	5
cell_715	0	-	0	0	0	2	2	-
cell_716	-	2	0	4	0	2	2	-
cell_717	0	2	-	2	0	2	-	5
cell_718	0	2	2	0	0	2	2	5
cell_719	2	2	0	0	2	2	2	5
cell_720	-	2	0	0	2	2	2	-
cell_721	-	0	-	-	2	2	-	5
cell_722	-	5	2	12	0	2	2	5
cell_723	-	0	-	12	0	2	-	5
cell_724	17	0	-	12	-	2	2	5
cell_725	0	2	0	-	5	2	2	5
cell_726	11	-	0	0	5	2	2	5
cell_727	-	2	-	0	2	-	2	5
cell_728	0	2	0	-	2	2	-	5
cell_729	12	8	0	0	15	2	-	-
cell_730	0	8	-	-	-	2	2	5
cell_731	2	-	0	-	-	2	2	5
cell_732	0	-	0	0	15	2	2	5
cell_733	0	0	0	0	15	2	2	5
cell_734	0	2	12	0	15	-	2	-
cell_735	5	-	0	2	15	-	-	-
cell_736	-	0	0	2	15	2	2	-
cell_737	-	2	-	5	0	2	-	5
cell_738	2	2	-	5	0	2	2	-
cell_739	2	2	2	5	2	2	2	5
cell_740	2	2	-	-	-	2	-	5
cell_741	2	2	2	5	2	2	2	-
cell_742	2	2	2	5	5	2	2	5
cell_743	2	2	-	5	65	-	2	5
cell_744	2	2	-	-	65	2	2	5
cell_745	2	2	2	5	5	2	-	5
cell_746	-	2	2	5	5	2	2	5
cell_747	2	0	2	5	-	2	2	5
cell_748	2	0	2	5	5	2	2	5
cell_749	-	3	2	5	2	2	2	-
cell_750	2	0	-	5	2	2	2	5
cell_751	-	10	2	5	2	2	2	5
cell_752	2	0	-	5	2	2	2	5
cell_753	2	0	-	5	2	2	-	5
cell_754	-	0	-	5	-	-	2	5
cell_755	-	-	0	5	-	2	2	5
cell_756	2	2	0	5	2	2	2	5
cell_757	2	2	0	-	2	-	2	5
cell_758	2	2	-	5	2	2	2	5
cell_759	2	0	2	-	2	2	-	5
cell_760	2	2	2	5	2	2	2	5
cell_761	2	2	3	5	0	2	2	5
cell_762	2	2	-	-	0	-	-	5
cell_763	2	2	0	5	-	2	2	5
cell_764	2	2	0	5	0	-	2	5
cell_765	-	2	2	-	2	2	2	-
cell_766	2	-	2	5	2	-	2	5
cell_767	2	2	2	5	-	2	2	5
cell_768	2	2	2	5	2	2	2	-
cell_769	16	2	-	2	-	2	2	2
cell_770	16	2	12	-	0	2	2	-
cell_771	16	-	12	-	0	2	2	-
cell_772	-	2	12	2	2	2	2	2
cell_773	16	2	12	2	-	2	2	-
cell_774	16	2	12	2	0	2	-	2
cell_775	16	2	12	2	0	-	2	2
cell_776	16	2	-	2	0	-	-	-
cell_777	16	2	12	5	-	2	2	2
cell_778	16	2	-	-	2	-	-	2
cell_779	16	-	12	5	-	2	2	2
cell_780	16	2	12	5	2	-	2	2
cell_781	16	2	12	5	-	2	-	2
cell_782	16	-	12	5	2	-	2	2
cell_783	16	2	12	5	2	2	2	-
cell_784	16	2	-	5	2	2	2	2
cell_785	16	2	-	8	2	2	2	2
cell_786	16	2	12	8	2	2	2	2
cell_787	16	2	12	8	2	2	2	2
cell_788	-	-	-	8	2	2	2	2
cell_789	16	-	12	8	-	2	2	2
cell_790	-	2	-	8	-	-	2	2
cell_791	16	-	12	8	2	2	-	2
cell_792	16	2	12	8	2	2	-	2
cell_793	16	2	12	0	2	2	2	2
cell_794	16	2	12	0	2	2	2	-
cell_795	-	2	12	-	2	2	2	2
cell_796	16	2	12	0	2	-	-	2
cell_797	-	2	-	-	2	2	2	-
cell_798	16	2	12	2	2	2	2	2
cell_799	-	2	12	0	-	2	2	2
cell_800	16	2	12	0	-	2	-	2
cell_801	16	2	12	0	7	5	2	2
cell_802	16	2	12	3	7	5	2	2
cell_803	16	2	12	0	-	0	-	-
cell_804	16	2	12	0	7	0	2	2
cell_805	16	2	12	0	7	0	2	2
cell_806	16	2	12	0	7	0	2	2
cell_807	16	2	12	2	-	0	2	2
cell_808	16	2	-	2	-	8	2	2
cell_809	16	2	-	0	5	0	2	-
cell_810	16	-	-	0	-	0	-	2
cell_811	16	2	12	2	0	2	2	2
cell_812	16	2	-	-	-	-	-	-
cell_813	16	-	-	0	5	0	2	2
cell_814	16	2	12	2	5	0	2	2
cell_815	16	2	-	0	5	2	2	-
cell_816	-	2	12	0	5	-	2	-
cell_817	16	2	12	2	0	2	-	2
cell_818	16	-	12	-	0	-	2	2
cell_819	-	2	12	-	0	-	2	-
cell_820	16	2	12	0	-	2	2	-
cell_821	16	2	12	2	2	-	2	2
cell_822	16	2	12	2	2	2	2	2
cell_823	16	2	12	3	2	-	2	2
cell_824	16	2	12	3	2	2	-	2
cell_825	16	2	12	2	5	-	-	2
cell_826	16	2	12	-	5	0	-	2
cell_827	16	2	12	-	5	2	2	-
cell_828	16	2	12	2	-	-	2	2
cell_829	16	2	12	6	0	0	2	2
cell_830	16	2	12	0	0	0	2	2
cell_831	16	2	12	-	0	2	2	-
cell_832	16	2	12	0	0	2	-	2
cell_833	16	2	-	2	5	8	-	0
cell_834	-	2	12	2	5	8	2	-
cell_835	16	-	12	0	5	8	2	5
cell_836	-	2	12	0	5	-	2	5
cell_837	16	2	12	0	5	-	2	0
cell_838	-	2	-	-	5	8	2	0
cell_839	16	2	12	2	5	8	2	-
cell_840	-	-	-	2	5	8	2	0
cell_841	16	2	12	4	5	8	2	3
cell_842	16	-	12	4	5	8	2	3
cell_843	16	2	12	4	5	8	2	-
cell_844	-	2	12	4	-	8	2	3
cell_845	16	2	12	4	5	8	2	-
cell_846	16	2	12	4	5	8	2	-
cell_847	16	2	12	4	-	8	-	3
cell_848	16	2	12	4	5	8	2	-
cell_849	16	-	12	5	5	8	-	-
cell_850	16	2	-	5	5	8	2	-
cell_851	16	2	12	5	5	-	2	0
cell_852	16	-	-	-	-	8	2	-
cell_853	16	2	-	5	5	8	2	0
cell_854	16	2	12	5	5	8	2	0
cell_855	-	-	-	5	5	8	2	-
cell_856	16	-	12	5	5	8	2	16
cell_857	16	2	12	5	5	8	2	0
cell_858	16	2	-	5	5	8	2	-
cell_859	16	2	12	5	-	8	2	0
cell_860	16	2	12	5	-	8	-	0
cell_861	16	2	12	-	5	-	2	0
cell_862	-	2	12	5	5	8	2	-
cell_863	16	2	12	5	5	8	2	-
cell_864	16	2	12	5	5	8	2	0
cell_865	16	-	12	0	2	8	-	28
cell_866	-	2	12	0	-	8	2	28
cell_867	16	2	12	-	0	8	2	28
cell_868	16	2	-	0	0	8	2	28
cell_869	16	2	12	3	0	8	-	28
cell_870	16	2	12	3	0	8	2	28
cell_871	16	2	-	3	0	-	2	28
cell_872	16	2	12	3	3	8	2	28
cell_873	16	2	12	0	-	8	-	0
cell_874	16	2	12	-	0	8	2	0
cell_875	16	2	-	0	0	-	2	0
cell_876	16	2	12	0	0	8	2	0
cell_877	16	2	12	2	5	8	2	0
cell_878	-	-	12	2	5	8	2	-
cell_879	16	2	12	0	0	-	2	-
cell_880	16	2	-	0	0	8	2	0
cell_881	16	-	12	3	-	8	2	0
cell_882	16	2	-	3	0	-	2	0
cell_883	-	2	-	3	0	8	2	0
cell_884	16	2	12	3	-	8	2	0
cell_885	16	2	12	3	-	8	-	-
cell_886	16	-	12	3	0	-	2	0
cell_887	16	2	-	3	0	8	2	0
cell_888	16	2	12	3	0	8	2	0
cell_889	-	2	12	3	0	8	2	0
cell_890	-	2	-	-	0	8	2	3
cell_891	16	2	-	3	0	8	2	0
cell_892	16	-	12	3	4	-	2	-
cell_893	-	2	12	3	3	8	2	3
cell_894	16	-	12	3	-	8	2	-
cell_895	16	2	12	3	0	8	-	0
cell_896	16	-	12	3	2	8	2	0
cell_897	16	0	12	2	0	-	2	-
cell_898	16	0	-	2	0	2	2	0
cell_899	16	2	-	2	0	2	2	0
cell_900	16	3	12	2	0	-	2	0
cell_901	16	4	12	2	2	-	2	0
cell_902	16	4	12	2	2	2	2	0
cell_903	16	4	12	2	2	2	-	0
cell_904	-	4	-	-	2	2	2	0
cell_905	-	2	12	2	2	2	2	2
cell_906	-	0	12	2	2	2	2	2
cell_907	16	0	12	2	-	2	2	2
cell_908	16	0	12	2	2	2	2	2
cell_909	16	0	12	-	-	2	-	-
cell_910	16	0	12	2	2	2	-	-
cell_911	16	-	-	2	2	2	-	0
cell_912	16	2	-	-	2	2	2	-
cell_913	16	0	-	-	26	2	2	2
cell_914	16	0	-	2	0	-	2	2
cell_915	-	0	12	2	0	2	2	2
cell_916	-	0	12	2	0	2	2	2
cell_917	16	0	12	2	-	-	2	2
cell_918	16	-	12	2	0	2	2	2
cell_919	16	0	12	2	8	2	2	-
cell_920	-	-	12	2	8	-	2	2
cell_921	16	0	-	-	2	2	2	-
cell_922	16	0	12	2	2	2	2	2
cell_923	-	-	12	2	2	2	-	5
cell_924	16	-	12	2	2	2	2	5
cell_925	16	0	12	2	2	2	2	6
cell_926	16	0	12	2	2	2	-	0
cell_927	16	0	12	2	2	2	2	-
cell_928	16	0	12	-	-	2	2	0
cell_929	-	-	-	-	-	-	-	-
cell_930	16	-	-	-	-	-	-	-
cell_931	16	-	-	-	-	-	-	-
cell_932	-	-	-	-	-	-	-	-
cell_933	16	-	-	-	-	-	-	-
cell_934	-	-	-	-	-	-	-	-
cell_935	16	-	-	-	-	-	-	-
cell_936	16	-	-	-	-	-	-	-
cell_937	16	-	-	-	-	-	-	-
cell_938	16	-	-	-	-	-	-	-
cell_939	-	-	-	-	-	-	-	-
cell_940	16	-	-	-	-	-	-	-
cell_941	16	-	-	-	-	-	-	-
cell_942	-	-	-	-	-	-	-	-
cell_943	16	-	-	-	-	-	-	-
cell_944	16	-	-	-	-	-	-	-
cell_945	16	3	12	2	12	2	2	2
cell_946	16	3	12	2	12	2	2	-
cell_947	16	3	-	2	12	-	2	2
cell_948	-	3	-	2	12	2	2	2
cell_949	16	3	12	2	12	2	2	-
cell_950	-	3	-	2	-	2	-	2
cell_951	16	3	12	2	12	-	2	2
cell_952	16	3	12	2	12	2	-	2
cell_953	16	2	12	2	12	2	2	-
cell_954	16	2	-	2	-	2	2	0
cell_955	-	3	12	2	-	2	2	3
cell_956	16	3	12	2	12	-	2	3
cell_957	16	-	12	2	-	2	2	2
cell_958	16	0	12	-	-	-	2	2
cell_959	-	2	12	2	12	2	2	-
cell_960	16	2	12	2	12	-	2	-
cell_961	-	0	12	-	-	2	-	0
cell_962	16	0	12	2	0	-	2	0
cell_963	16	2	-	-	2	2	2	-
cell_964	-	2	12	2	2	-	-	0
cell_965	16	0	-	2	0	2	2	-
cell_966	-	-	12	2	3	2	2	2
cell_967	16	-	-	2	0	2	2	0
cell_968	-	2	-	-	0	2	2	-
cell_969	16	0	-	2	2	2	2	-
cell_970	-	0	12	2	2	2	-	0
cell_971	16	-	12	2	-	2	2	-
cell_972	-	-	12	2	2	-	2	2
cell_973	16	2	12	-	0	-	2	-
cell_974	16	-	12	-	0	2	2	-
cell_975	-	0	12	2	0	2	2	0
cell_976	-	0	-	2	0	2	2	0
cell_977	16	-	12	2	2	-	2	0
cell_978	16	3	12	2	2	2	-	-
cell_979	16	3	-	2	2	2	2	2
cell_980	16	-	12	2	2	2	2	0
cell_981	16	3	12	2	2	2	2	-
cell_982	16	3	12	2	-	2	2	0
cell_983	16	-	12	2	-	2	2	-
cell_984	16	3	12	2	2	2	2	2
cell_985	16	3	12	2	0	-	2	0
cell_986	-	3	-	2	0	2	2	0
cell_987	16	3	12	2	0	-	2	0
cell_988	16	-	12	2	-	2	2	0
cell_989	16	3	12	2	4	2	-	11
cell_990	16	3	12	2	4	2	2	11
cell_991	-	-	12	2	4	2	2	11
cell_992	16	3	12	-	4	-	-	11
cell_993	16	6	12	3	0	-	2	2
cell_994	16	6	-	-	-	2	-	-
cell_995	16	6	-	3	11	2	2	2
cell_996	-	-	12	0	-	2	2	2
cell_997	16	6	12	3	0	2	2	-
cell_998	16	6	12	-	0	2	2	2
cell_999	16	6	12	0	3	2	-	2
cell_1000	16	6	12	-	3	2	2	2
cell_1001	16	6	12	5	0	2	-	2
cell_1002	16	-	12	5	0	-	2	2
cell_1003	16	-	12	5	0	-	2	2
cell_1004	-	6	-	5	0	2	-	-
cell_1005	-	6	12	2	0	2	2	2
cell_1006	16	-	12	2	0	2	-	2
cell_1007	16	6	-	2	-	2	2	2
cell_1008	16	6	12	-	4	2	2	-
cell_1009	16	6	12	27	0	2	2	2
cell_1010	-	6	12	27	0	2	2	-
cell_1011	16	6	-	-	0	2	2	2
cell_1012	-	6	12	27	-	2	2	-
cell_1013	16	6	-	2	-	2	2	2
cell_1014	16	6	12	-	0	-	2	2
cell_1015	16	6	-	0	3	2	-	2
cell_1016	16	6	12	0	2	2	2	2
cell_1017	16	6	12	4	2	2	2	2
cell_1018	16	6	12	-	2	2	2	-
cell_1019	16	-	12	2	2	2	2	2
cell_1020	16	6	12	2	2	2	2	2
cell_1021	-	6	12	0	2	-	-	2
cell_1022	-	-	12	0	2	2	2	2
cell_1023	16	6	12	0	2	2	2	2
cell_1024	-	6	-	3	2	2	-	2
