,S1,S2,S3,S4,S5,S6,S7,S8,S9,S10,S11,S12,S13,S14,S15,S16
cell_1,10,2,2,2,2,2,2,2,NA,2,2,0,2,2,3,5
cell_2,10,2,2,2,2,2,2,2,NA,2,2,0,2,NA,3,5
cell_3,10,NA,2,2,2,2,NA,2,0,2,NA,NA,2,2,NA,5
cell_4,10,2,2,2,2,2,2,2,NA,2,2,NA,2,2,3,5
cell_5,10,2,2,2,2,2,2,2,NA,2,NA,NA,2,2,3,NA
cell_6,10,2,2,2,2,2,2,NA,NA,2,2,NA,2,NA,3,5
cell_7,10,2,2,2,2,2,2,2,0,2,2,NA,2,2,3,NA
cell_8,10,2,2,2,2,NA,NA,2,0,2,2,5,2,2,3,5
cell_9,10,NA,2,2,2,NA,2,2,0,2,2,4,NA,2,NA,5
cell_10,10,NA,2,2,2,2,2,NA,0,NA,2,4,3,2,3,NA
cell_11,NA,2,2,2,2,2,NA,2,21,2,NA,4,3,NA,3,5
cell_12,NA,NA,2,NA,2,NA,2,2,0,2,2,NA,3,2,3,NA
cell_13,NA,2,2,2,2,2,2,2,2,2,NA,2,0,2,3,5
cell_14,10,2,2,2,2,NA,2,2,2,2,2,2,2,2,NA,NA
cell_15,10,2,NA,2,2,2,NA,2,2,NA,NA,NA,NA,2,3,5
cell_16,10,2,NA,NA,2,2,NA,2,2,2,NA,0,0,NA,3,5
cell_17,NA,2,NA,2,2,NA,2,2,2,2,NA,4,NA,2,2,5
cell_18,10,2,NA,2,NA,NA,2,2,2,2,2,NA,0,2,NA,5
cell_19,10,2,2,2,2,NA,2,2,2,2,2,0,0,2,2,5
cell_20,NA,2,2,2,2,2,2,2,NA,2,2,0,0,2,2,5
cell_21,10,2,2,2,2,2,2,2,0,2,2,NA,0,5,2,5
cell_22,10,2,2,2,2,2,2,2,0,2,2,2,0,0,2,5
cell_23,10,2,2,2,2,2,2,2,NA,2,2,NA,2,0,2,5
cell_24,10,NA,NA,2,2,NA,2,2,0,2,2,2,2,NA,2,5
cell_25,NA,2,NA,2,2,2,2,2,NA,2,2,0,47,0,12,5
cell_26,NA,NA,2,2,2,2,2,2,3,NA,2,NA,NA,0,12,5
cell_27,10,2,NA,2,2,2,2,2,2,NA,2,2,47,24,0,NA
cell_28,10,2,2,2,2,2,2,2,NA,2,2,2,NA,24,4,5
cell_29,NA,2,2,2,2,NA,2,2,0,2,2,5,47,0,5,5
cell_30,10,2,2,2,NA,2,2,2,3,2,2,0,NA,0,5,5
cell_31,10,2,NA,2,2,2,2,2,NA,2,2,0,47,0,NA,5
cell_32,10,2,2,2,2,2,2,2,0,2,NA,0,47,0,0,5
cell_33,10,NA,2,2,2,NA,2,2,3,NA,2,5,NA,NA,0,5
cell_34,10,2,2,2,0,2,2,2,NA,2,2,5,3,9,0,NA
cell_35,10,2,2,2,0,2,2,2,3,2,2,NA,3,9,0,5
cell_36,10,2,2,NA,0,NA,2,NA,NA,2,2,5,NA,9,3,5
cell_37,10,2,2,2,2,2,2,NA,2,2,2,5,3,0,2,NA
cell_38,NA,2,2,2,2,2,2,2,2,2,2,5,NA,0,2,5
cell_39,10,NA,2,2,2,2,NA,2,2,NA,2,5,3,0,2,5
cell_40,10,2,2,2,0,2,NA,2,2,2,NA,5,NA,0,2,5
cell_41,10,2,2,2,NA,2,2,2,2,NA,2,5,NA,NA,2,5
cell_42,NA,2,NA,2,0,2,NA,2,2,2,2,5,3,2,2,5
cell_43,NA,2,2,2,5,2,NA,NA,2,2,NA,NA,5,NA,2,5
cell_44,10,2,2,2,0,2,NA,NA,2,2,2,5,5,2,2,5
cell_45,10,2,2,2,NA,2,2,2,NA,2,NA,NA,3,0,2,5
cell_46,10,2,NA,2,0,NA,2,NA,NA,2,2,5,3,0,2,5
cell_47,10,2,2,NA,NA,2,2,NA,2,2,2,5,3,0,2,NA
cell_48,10,2,2,2,0,NA,2,2,2,2,2,5,3,NA,2,5
cell_49,10,2,NA,2,3,2,2,2,0,2,NA,5,2,5,NA,5
cell_50,10,NA,2,2,3,2,NA,2,3,2,2,5,2,5,0,5
cell_51,NA,2,2,2,NA,2,NA,2,0,2,2,5,2,NA,0,5
cell_52,10,2,2,2,3,2,NA,2,NA,2,NA,5,2,5,0,5
cell_53,10,NA,2,2,3,2,2,2,0,2,2,5,2,NA,2,5
cell_54,10,2,2,2,3,2,NA,NA,0,2,2,5,2,5,NA,5
cell_55,NA,2,2,2,0,2,2,2,0,2,NA,5,2,NA,0,5
cell_56,10,2,NA,2,0,2,NA,2,NA,2,2,5,NA,5,0,5
cell_57,NA,2,2,2,2,2,NA,2,0,2,2,NA,2,0,5,5
cell_58,10,2,2,2,2,2,NA,2,NA,2,2,NA,NA,0,NA,NA
cell_59,10,2,2,2,2,NA,2,2,0,2,NA,5,2,NA,NA,5
cell_60,10,2,2,2,2,2,2,2,0,NA,2,NA,2,0,5,5
cell_61,10,2,2,2,2,NA,2,2,NA,2,2,5,2,NA,NA,5
cell_62,10,2,2,2,NA,2,2,2,NA,2,2,5,2,0,NA,5
cell_63,10,2,2,2,NA,2,2,2,10,NA,2,5,2,0,0,5
cell_64,10,2,NA,2,NA,2,2,2,10,2,2,5,2,3,0,5
cell_65,NA,2,2,2,5,2,2,2,3,2,2,2,0,3,49,5
cell_66,10,NA,2,2,5,2,NA,2,3,2,2,2,0,3,49,5
cell_67,10,NA,2,2,5,2,2,2,3,2,2,NA,0,NA,0,NA
cell_68,10,2,2,NA,NA,2,2,2,3,2,2,2,0,3,0,5
cell_69,NA,2,2,2,0,2,2,2,NA,2,NA,2,2,3,NA,5
cell_70,10,2,2,NA,0,2,2,2,3,2,2,2,2,3,2,5
cell_71,10,2,2,NA,3,NA,2,2,3,2,2,2,4,3,0,5
cell_72,10,NA,2,2,3,2,2,2,3,NA,2,2,0,NA,NA,NA
cell_73,10,2,2,2,0,2,2,2,5,2,2,2,0,2,NA,5
cell_74,NA,2,2,2,0,2,2,NA,5,2,2,2,NA,0,0,5
cell_75,10,NA,2,2,2,2,2,2,5,NA,2,2,0,0,0,NA
cell_76,10,2,2,2,NA,2,2,NA,5,2,2,NA,NA,0,2,5
cell_77,NA,2,2,2,2,2,NA,NA,5,2,2,2,5,0,NA,5
cell_78,NA,2,2,2,2,2,2,2,5,2,NA,2,0,NA,NA,5
cell_79,10,2,2,2,2,2,2,2,5,2,2,2,0,0,NA,5
cell_80,10,2,2,NA,5,2,NA,NA,5,2,2,NA,0,0,2,5
cell_81,10,2,2,2,0,2,NA,2,6,2,2,NA,NA,NA,NA,5
cell_82,10,NA,2,2,NA,2,NA,2,6,2,2,2,2,8,2,5
cell_83,NA,2,2,2,2,NA,2,2,65,2,NA,NA,2,8,0,5
cell_84,NA,2,2,NA,NA,2,2,NA,65,2,2,2,2,NA,0,5
cell_85,10,2,2,NA,0,2,2,2,11,2,2,2,NA,8,2,5
cell_86,10,2,2,NA,0,2,2,2,11,NA,NA,2,2,8,2,5
cell_87,10,NA,2,2,3,2,2,NA,8,2,2,2,2,8,2,5
cell_88,NA,2,2,NA,5,NA,2,2,8,2,2,NA,NA,8,NA,5
cell_89,10,2,2,2,2,2,2,2,2,2,2,2,2,NA,2,5
cell_90,NA,2,2,2,NA,2,2,2,2,NA,NA,2,2,8,0,5
cell_91,NA,NA,2,2,0,2,NA,2,2,NA,2,2,2,8,2,5
cell_92,10,2,2,2,0,2,2,2,2,NA,2,2,2,8,2,5
cell_93,NA,NA,NA,2,0,2,2,2,2,2,2,2,2,8,2,5
cell_94,10,2,2,2,0,NA,2,2,NA,2,2,2,2,8,2,5
cell_95,10,NA,NA,NA,NA,2,2,2,2,2,2,2,2,8,2,5
cell_96,10,2,2,NA,NA,2,2,2,2,NA,2,2,2,8,2,5
cell_97,10,2,NA,2,NA,NA,NA,NA,NA,NA,NA,NA,NA,NA,NA,NA
cell_98,NA,2,2,2,0,2,2,2,11,2,2,NA,2,5,0,NA
cell_99,10,2,2,2,0,2,2,NA,11,NA,2,0,2,5,0,5
cell_100,10,2,2,2,0,NA,2,2,11,2,2,0,NA,5,NA,5
cell_101,10,2,2,2,2,2,2,2,11,2,NA,4,0,5,NA,5
cell_102,10,2,2,2,2,2,2,2,11,NA,NA,0,2,5,2,5
cell_103,10,2,2,2,NA,NA,2,2,11,2,2,2,0,5,0,5
cell_104,10,2,NA,2,NA,2,NA,2,11,NA,NA,0,0,5,NA,5
cell_105,10,2,2,2,NA,NA,NA,2,11,2,2,5,2,5,NA,5
cell_106,NA,NA,NA,2,0,2,2,2,11,2,2,5,2,5,8,NA
cell_107,NA,2,NA,2,2,2,NA,2,NA,2,NA,5,NA,5,0,5
cell_108,10,2,2,2,2,2,NA,2,11,2,2,NA,2,5,2,5
cell_109,10,NA,2,2,2,2,2,2,11,2,2,13,2,5,0,5
cell_110,NA,2,2,2,2,2,2,2,NA,2,2,13,0,5,0,5
cell_111,10,2,2,NA,2,2,2,2,11,2,2,0,0,5,0,5
cell_112,10,2,2,2,2,2,2,2,NA,NA,2,0,0,NA,0,NA
cell_113,10,2,2,2,2,NA,NA,2,11,2,2,NA,0,NA,2,5
cell_114,NA,2,2,2,2,2,2,2,11,2,NA,0,0,5,2,5
cell_115,10,2,2,NA,2,2,2,2,11,NA,2,0,0,5,NA,5
cell_116,10,NA,2,2,2,2,NA,2,11,2,NA,0,0,NA,2,5
cell_117,NA,2,2,NA,2,2,2,NA,11,2,2,NA,2,5,2,5
cell_118,NA,2,2,2,2,2,2,2,11,2,2,5,2,NA,2,5
cell_119,10,2,2,NA,2,2,2,2,11,NA,2,5,NA,NA,NA,5
cell_120,10,NA,2,2,2,2,2,2,11,2,2,5,2,5,2,5
cell_121,10,2,2,2,2,2,2,2,11,2,2,0,0,5,2,5
cell_122,10,NA,2,NA,NA,NA,2,2,11,2,2,NA,0,5,2,5
cell_123,10,2,2,NA,2,2,NA,NA,11,NA,2,0,0,5,2,5
cell_124,10,2,2,2,NA,2,2,NA,11,2,NA,0,0,5,2,NA
cell_125,10,2,2,2,2,2,2,2,11,NA,2,0,2,5,2,5
cell_126,10,NA,2,2,NA,2,2,2,11,2,2,5,NA,5,2,5
cell_127,10,NA,2,2,2,NA,NA,NA,11,2,2,3,NA,5,2,5
cell_128,10,2,NA,2,2,2,2,2,NA,2,2,NA,NA,5,2,5
cell_129,NA,NA,2,NA,5,NA,2,NA,2,2,2,NA,3,20,3,5
cell_130,10,12,2,2,5,2,2,NA,2,2,2,2,NA,20,3,5
cell_131,10,12,2,2,5,2,2,2,2,2,2,2,3,20,3,5
cell_132,10,12,NA,2,5,2,2,2,2,2,2,2,3,20,3,5
cell_133,10,0,2,2,5,2,2,2,NA,NA,2,NA,3,NA,3,5
cell_134,NA,0,2,2,5,2,2,2,NA,NA,NA,NA,NA,20,3,5
cell_135,NA,2,2,NA,5,2,2,NA,2,NA,2,2,3,20,3,5
cell_136,10,NA,2,2,5,2,NA,2,2,2,2,2,3,20,3,5
cell_137,10,2,2,NA,NA,2,2,2,2,2,NA,2,3,20,3,5
cell_138,10,2,2,2,5,2,2,2,2,NA,2,NA,3,20,3,5
cell_139,10,2,2,2,5,2,NA,2,2,2,2,NA,3,20,3,NA
cell_140,10,2,2,2,5,2,2,2,2,NA,2,NA,NA,20,3,NA
cell_141,10,2,2,2,5,2,2,2,2,2,2,2,3,20,3,5
cell_142,10,2,2,2,5,2,2,NA,NA,2,2,2,NA,20,3,NA
cell_143,10,NA,2,2,5,2,NA,2,2,2,2,NA,3,20,3,5
cell_144,NA,2,NA,2,5,2,NA,2,NA,2,2,2,3,20,3,NA
cell_145,10,0,2,2,5,2,2,2,2,2,2,2,3,20,3,5
cell_146,10,0,2,2,5,2,NA,2,2,2,2,2,3,20,3,5
cell_147,10,0,2,NA,5,2,2,2,2,2,2,2,NA,20,3,5
cell_148,10,2,2,2,5,2,2,NA,2,2,2,2,3,20,NA,5
cell_149,10,2,2,2,5,NA,2,2,2,2,2,2,3,NA,NA,5
cell_150,10,2,2,2,NA,2,2,2,2,2,2,2,3,20,3,5
cell_151,10,2,2,2,5,2,NA,NA,2,2,2,2,3,20,NA,5
cell_152,10,2,2,2,5,2,2,2,2,2,2,2,3,20,3,5
cell_153,NA,2,NA,2,NA,2,2,2,2,NA,2,2,NA,NA,3,5
cell_154,10,2,2,2,5,NA,2,2,2,2,2,2,3,NA,NA,5
cell_155,10,2,NA,2,5,2,2,2,2,NA,2,2,3,20,3,NA
cell_156,10,2,2,NA,5,2,2,2,NA,2,2,2,3,20,3,5
cell_157,10,2,2,2,NA,2,NA,2,NA,2,NA,2,3,20,NA,5
cell_158,10,2,2,NA,5,2,2,NA,2,NA,2,2,3,20,3,5
cell_159,10,2,NA,NA,5,NA,2,2,2,2,2,2,NA,20,3,5
cell_160,10,NA,2,2,NA,2,NA,2,2,NA,2,2,3,NA,3,5
cell_161,10,0,NA,NA,5,NA,2,NA,13,NA,2,2,3,20,3,5
cell_162,10,0,2,2,5,NA,2,2,2,2,2,2,NA,20,3,5
cell_163,10,NA,2,2,5,NA,2,NA,0,2,2,2,3,20,3,5
cell_164,NA,0,2,2,5,2,NA,NA,0,2,2,2,NA,20,3,5
cell_165,10,NA,2,2,5,NA,2,2,0,2,NA,NA,3,20,3,5
cell_166,10,0,2,NA,5,2,2,2,0,2,NA,2,3,20,NA,NA
cell_167,10,0,2,2,5,2,2,2,2,2,2,2,3,20,3,5
cell_168,10,0,NA,2,5,2,2,2,2,2,2,2,3,20,NA,5
cell_169,10,NA,NA,2,5,2,2,NA,0,2,2,NA,3,20,NA,5
cell_170,10,NA,NA,2,NA,2,2,2,0,NA,2,2,3,20,NA,NA
cell_171,NA,NA,NA,2,5,2,2,2,NA,2,2,2,3,20,3,5
cell_172,10,0,NA,2,5,NA,2,2,0,2,NA,2,3,20,3,NA
cell_173,10,2,NA,2,5,2,2,2,NA,2,2,2,NA,NA,3,NA
cell_174,10,0,2,2,5,2,2,2,2,2,2,2,3,NA,3,5
cell_175,10,0,2,2,5,2,2,2,NA,2,2,2,3,20,NA,5
cell_176,NA,0,NA,NA,5,2,NA,2,0,2,2,NA,3,20,3,5
cell_177,10,NA,NA,2,NA,2,2,2,0,2,2,2,3,20,3,5
cell_178,10,NA,2,2,NA,NA,2,2,NA,2,2,2,3,20,3,5
cell_179,10,NA,2,2,5,2,2,2,0,2,NA,2,3,20,3,5
cell_180,10,NA,2,NA,5,2,2,NA,NA,2,2,2,3,NA,NA,NA
cell_181,10,2,2,2,5,NA,2,2,2,2,2,2,3,20,3,NA
cell_182,10,2,2,2,5,2,2,2,NA,NA,NA,2,3,20,NA,5
cell_183,10,NA,2,2,5,2,2,2,2,NA,2,2,3,20,3,NA
cell_184,10,NA,2,2,5,2,2,2,2,2,2,2,3,20,3,5
cell_185,NA,2,2,2,NA,2,NA,2,0,2,NA,NA,3,20,3,5
cell_186,10,2,2,2,5,NA,NA,NA,0,2,2,2,3,20,3,NA
cell_187,10,2,2,2,5,2,NA,2,NA,2,2,2,3,20,3,NA
cell_188,10,NA,2,NA,NA,2,2,2,0,2,2,2,3,20,NA,NA
cell_189,10,2,2,2,5,2,2,2,NA,2,2,2,3,20,3,NA
cell_190,10,2,2,2,5,2,2,NA,0,2,2,NA,3,20,3,5
cell_191,10,2,2,2,5,2,2,2,4,NA,NA,NA,3,20,3,5
cell_192,10,2,2,2,5,2,2,2,NA,2,2,2,NA,20,3,5
cell_193,NA,0,2,2,NA,2,2,5,2,NA,2,2,3,NA,3,5
cell_194,NA,8,2,2,2,NA,2,5,2,2,2,2,3,NA,NA,5
cell_195,10,0,2,2,NA,2,2,5,2,2,2,NA,3,20,3,5
cell_196,10,0,NA,2,2,2,2,5,2,2,2,2,3,20,3,5
cell_197,10,0,2,2,2,NA,NA,5,0,2,NA,2,NA,20,3,5
cell_198,10,2,2,2,NA,2,NA,5,NA,2,2,2,3,20,3,5
cell_199,10,NA,2,2,2,2,2,5,NA,2,2,2,3,NA,3,5
cell_200,10,NA,NA,2,NA,2,2,5,74,2,2,2,NA,NA,3,5
cell_201,NA,0,2,2,3,NA,2,NA,2,2,2,2,3,20,3,5
cell_202,10,0,2,2,NA,NA,2,5,2,2,2,2,3,NA,3,5
cell_203,10,2,2,2,3,2,2,5,0,2,2,NA,3,20,3,5
cell_204,10,2,2,2,3,2,2,5,0,2,2,2,3,20,3,5
cell_205,10,0,2,2,3,2,2,5,0,2,NA,2,3,20,3,5
cell_206,10,NA,2,2,3,2,2,5,0,2,2,2,3,20,3,5
cell_207,NA,0,NA,2,3,2,2,5,0,NA,2,NA,3,NA,NA,5
cell_208,10,0,NA,2,3,2,NA,5,0,2,2,2,3,20,3,NA
cell_209,10,11,2,2,3,2,2,5,2,NA,2,NA,3,20,3,5
cell_210,10,NA,2,2,3,2,2,5,2,NA,2,2,3,20,3,5
cell_211,10,4,2,NA,NA,2,2,5,2,2,2,2,3,20,3,5
cell_212,10,4,2,2,3,2,2,5,2,2,2,2,3,20,3,5
cell_213,NA,3,2,2,NA,2,2,5,NA,NA,2,2,3,20,3,5
cell_214,10,3,2,2,10,2,2,5,NA,2,2,2,3,NA,3,NA
cell_215,NA,3,2,2,10,2,2,5,2,NA,2,NA,NA,20,3,5
cell_216,10,3,2,2,10,2,2,NA,NA,2,2,2,3,20,3,5
cell_217,10,NA,NA,2,0,NA,2,NA,8,2,NA,2,NA,NA,3,5
cell_218,10,0,2,2,0,2,2,5,8,NA,2,2,3,20,3,5
cell_219,10,0,2,NA,0,2,NA,5,8,2,2,2,NA,20,3,5
cell_220,10,2,2,2,0,2,NA,5,8,2,NA,NA,3,20,3,5
cell_221,NA,2,2,2,2,2,2,5,NA,2,2,2,3,20,3,5
cell_222,10,0,2,2,NA,2,2,5,NA,NA,2,NA,3,20,3,5
cell_223,10,5,NA,2,NA,2,2,NA,0,NA,2,2,3,20,3,5
cell_224,10,NA,NA,2,0,NA,2,5,0,NA,2,NA,3,20,NA,5
cell_225,10,2,2,NA,5,NA,2,5,3,NA,2,2,3,20,NA,5
cell_226,10,2,2,NA,0,NA,2,5,3,2,2,2,3,20,3,5
cell_227,10,2,2,2,30,2,2,5,3,NA,2,2,3,20,NA,NA
cell_228,10,2,2,NA,5,2,2,NA,NA,2,2,NA,NA,NA,NA,5
cell_229,10,2,2,2,0,2,2,5,3,2,2,2,3,20,3,5
cell_230,10,NA,2,2,0,NA,2,5,3,NA,2,2,3,20,3,5
cell_231,10,2,NA,2,3,NA,NA,5,3,2,2,2,3,20,3,5
cell_232,10,2,NA,2,0,2,2,NA,3,2,2,2,3,20,3,5
cell_233,NA,0,2,2,5,2,NA,5,3,2,2,2,3,NA,3,NA
cell_234,NA,0,2,2,5,2,2,5,NA,2,2,2,3,20,3,5
cell_235,10,0,NA,NA,5,2,2,5,NA,NA,2,2,3,NA,NA,5
cell_236,10,NA,2,2,NA,2,2,NA,3,2,2,2,3,20,3,5
cell_237,10,0,2,2,NA,NA,2,5,3,2,2,2,3,20,3,5
cell_238,10,0,2,2,0,2,2,5,3,NA,2,2,3,20,3,5
cell_239,NA,3,2,2,0,2,2,5,3,NA,2,2,3,20,3,5
cell_240,10,3,2,2,0,NA,2,5,NA,NA,2,NA,3,NA,3,5
cell_241,10,2,2,2,NA,2,2,5,0,NA,2,2,3,20,3,5
cell_242,10,2,2,2,2,2,NA,5,0,2,NA,2,3,NA,NA,NA
cell_243,10,2,2,2,NA,2,2,5,NA,NA,NA,2,NA,20,3,NA
cell_244,10,2,2,2,2,2,2,5,0,NA,2,NA,3,20,3,5
cell_245,10,2,2,NA,NA,2,2,5,2,2,NA,NA,3,20,3,5
cell_246,10,2,2,2,2,2,NA,5,2,2,2,2,3,20,3,5
cell_247,NA,2,2,2,2,2,2,5,2,2,2,2,3,NA,NA,5
cell_248,10,2,2,2,2,2,2,NA,2,NA,2,2,NA,20,NA,5
cell_249,10,2,2,2,2,2,2,5,5,2,2,NA,3,20,NA,5
cell_250,10,NA,2,2,2,NA,2,NA,5,NA,NA,2,3,20,NA,5
cell_251,10,2,NA,2,2,2,2,5,0,2,2,2,3,20,3,5
cell_252,10,2,2,2,2,2,NA,5,NA,2,2,2,NA,NA,3,5
cell_253,10,2,NA,NA,2,2,2,5,NA,2,2,2,3,20,3,5
cell_254,10,2,2,2,2,2,2,5,0,2,NA,2,NA,20,3,5
cell_255,NA,2,NA,2,2,NA,2,5,2,2,NA,2,3,20,3,5
cell_256,10,2,2,2,2,2,NA,5,NA,2,2,2,3,20,3,5
cell_257,10,2,NA,2,3,2,5,2,NA,2,2,5,2,2,2,NA
cell_258,NA,0,13,2,3,2,NA,2,NA,2,2,NA,NA,NA,0,5
cell_259,10,2,13,2,3,2,NA,2,NA,2,2,5,2,NA,NA,5
cell_260,10,2,13,2,NA,2,5,2,6,2,2,NA,2,2,0,5
cell_261,10,5,8,NA,3,2,NA,NA,6,2,NA,5,2,2,0,5
cell_262,10,0,NA,NA,3,2,5,2,6,2,2,5,2,2,0,5
cell_263,NA,2,0,2,NA,2,5,2,NA,2,2,NA,NA,2,0,NA
cell_264,10,2,0,2,NA,2,5,2,6,2,2,NA,2,2,9,5
cell_265,NA,NA,0,2,3,2,5,2,24,NA,NA,5,2,2,2,5
cell_266,10,2,0,NA,NA,2,5,2,0,2,NA,5,2,2,2,5
cell_267,10,2,0,NA,3,2,NA,NA,3,2,2,5,2,2,0,5
cell_268,NA,2,0,2,3,2,5,2,3,2,2,NA,2,2,0,5
cell_269,10,2,3,2,3,2,5,2,0,2,2,NA,2,2,0,5
cell_270,10,NA,3,2,3,2,5,2,NA,2,2,5,2,2,0,5
cell_271,10,2,3,NA,3,2,5,2,0,2,2,5,2,2,0,NA
cell_272,10,2,NA,2,NA,2,NA,2,2,2,2,5,2,2,0,NA
cell_273,10,2,NA,2,NA,2,2,2,2,NA,2,5,3,2,NA,5
cell_274,NA,2,2,2,3,2,NA,2,2,2,2,5,3,2,2,5
cell_275,10,2,NA,2,3,NA,2,NA,2,NA,2,5,NA,2,0,5
cell_276,10,2,2,NA,3,2,2,NA,2,2,NA,5,3,2,0,5
cell_277,10,2,NA,NA,3,2,2,2,5,2,NA,5,3,2,2,NA
cell_278,NA,2,2,NA,3,2,2,2,NA,2,2,5,3,2,2,5
cell_279,10,2,2,2,3,2,NA,2,5,2,2,5,NA,2,0,5
cell_280,10,2,NA,NA,3,2,2,NA,5,2,2,5,3,2,0,NA
cell_281,10,2,2,2,3,2,2,2,0,NA,2,5,3,NA,3,5
cell_282,10,2,NA,2,3,NA,2,2,NA,2,NA,5,3,2,NA,5
cell_283,NA,2,2,2,3,2,2,NA,2,NA,NA,5,3,2,0,5
cell_284,NA,2,2,2,3,2,2,2,2,NA,2,5,3,NA,0,5
cell_285,10,2,2,2,3,2,2,NA,NA,2,2,5,3,2,2,5
cell_286,10,2,2,2,NA,2,2,NA,0,2,2,5,3,2,0,NA
cell_287,10,2,NA,2,NA,2,NA,NA,0,2,2,5,3,2,2,5
cell_288,10,2,2,2,3,2,2,2,0,NA,2,5,3,2,2,5
cell_289,10,0,2,2,3,2,2,5,0,2,NA,NA,2,0,5,5
cell_290,10,0,2,2,NA,2,NA,5,0,2,2,2,2,NA,5,5
cell_291,10,2,NA,2,NA,NA,2,NA,0,2,2,0,2,0,5,5
cell_292,10,2,2,2,NA,2,2,5,0,2,2,0,2,0,5,5
cell_293,10,0,2,2,3,NA,2,0,NA,2,2,NA,NA,0,5,5
cell_294,10,0,2,NA,3,2,2,0,2,2,2,5,NA,0,NA,5
cell_295,10,5,NA,2,3,2,2,5,0,2,2,NA,2,0,NA,5
cell_296,10,5,2,2,3,2,2,5,0,2,2,5,2,0,NA,5
cell_297,10,0,4,2,3,2,2,0,NA,2,2,4,NA,NA,5,NA
cell_298,10,0,NA,2,NA,2,2,2,0,2,2,4,2,2,5,5
cell_299,10,NA,NA,NA,3,2,2,3,0,2,2,4,NA,2,0,5
cell_300,10,10,4,NA,3,2,2,3,0,2,2,4,2,2,0,5
cell_301,10,0,NA,2,3,2,2,0,2,NA,2,0,2,2,2,NA
cell_302,10,0,4,2,3,2,2,0,2,2,2,0,NA,2,0,5
cell_303,10,0,4,NA,NA,NA,2,0,2,2,2,5,2,NA,3,5
cell_304,10,0,4,2,3,2,NA,0,2,2,2,5,2,2,0,5
cell_305,10,2,2,2,3,NA,2,4,0,2,2,NA,NA,0,3,5
cell_306,10,2,2,2,NA,2,2,NA,0,2,2,3,0,55,3,5
cell_307,10,2,0,NA,3,NA,2,NA,0,2,NA,0,5,4,3,5
cell_308,10,2,0,NA,3,NA,2,0,NA,2,2,5,0,4,3,5
cell_309,10,NA,NA,2,3,2,2,0,0,2,2,0,2,0,3,5
cell_310,NA,2,0,2,3,NA,2,NA,2,2,2,NA,NA,0,3,NA
cell_311,10,NA,2,2,3,2,2,0,0,2,NA,2,0,3,3,5
cell_312,10,2,2,2,3,2,2,0,0,2,2,2,0,3,3,NA
cell_313,10,2,0,2,3,2,NA,0,2,2,2,5,0,0,NA,NA
cell_314,10,NA,0,2,3,2,2,0,0,NA,2,5,0,0,NA,NA
cell_315,10,2,NA,2,3,2,NA,2,NA,2,2,5,4,0,2,5
cell_316,10,2,0,2,NA,2,2,2,0,2,NA,5,4,0,NA,5
cell_317,NA,2,0,2,3,2,2,0,0,2,2,5,0,0,0,5
cell_318,10,2,0,2,3,NA,2,0,0,NA,2,5,0,0,NA,5
cell_319,10,NA,3,2,3,2,2,0,0,2,2,5,0,0,0,NA
cell_320,10,2,3,NA,3,2,NA,2,0,2,2,5,0,0,0,5
cell_321,10,3,2,2,3,2,2,NA,0,2,2,15,5,0,2,5
cell_322,10,3,2,NA,3,2,2,0,0,2,NA,15,NA,0,2,NA
cell_323,10,NA,2,2,3,NA,NA,0,0,NA,2,15,NA,0,8,5
cell_324,10,3,2,NA,3,2,2,0,0,2,NA,15,NA,NA,0,NA
cell_325,10,3,3,2,3,2,2,0,2,NA,2,15,0,3,3,5
cell_326,10,3,3,2,3,2,NA,0,0,2,NA,15,0,0,3,5
cell_327,NA,3,3,2,3,2,2,0,0,NA,2,NA,0,NA,0,5
cell_328,NA,NA,NA,2,3,2,NA,0,3,2,NA,15,0,0,0,5
cell_329,10,3,NA,NA,3,2,2,0,2,2,2,15,2,0,5,5
cell_330,NA,3,0,2,3,2,2,0,NA,2,2,NA,2,0,5,5
cell_331,10,3,0,2,3,2,2,0,2,NA,2,15,2,2,0,NA
cell_332,10,3,NA,2,3,2,2,0,2,2,2,15,2,2,0,5
cell_333,10,3,NA,2,3,2,NA,0,NA,NA,NA,15,2,3,6,NA
cell_334,10,3,5,2,3,2,2,0,2,NA,NA,15,2,NA,6,5
cell_335,10,3,0,2,NA,2,2,NA,2,2,2,15,2,3,0,5
cell_336,10,3,NA,2,3,2,2,0,2,2,NA,15,2,NA,0,5
cell_337,NA,3,NA,2,3,2,NA,NA,NA,NA,NA,NA,NA,NA,NA,5
cell_338,NA,3,3,2,NA,2,NA,NA,NA,NA,NA,NA,NA,NA,NA,5
cell_339,NA,3,3,2,3,2,NA,NA,NA,NA,NA,NA,NA,NA,NA,5
cell_340,NA,3,3,2,3,NA,NA,NA,NA,NA,NA,NA,NA,NA,NA,NA
cell_341,10,3,0,2,3,2,NA,NA,NA,NA,NA,NA,NA,NA,NA,5
cell_342,10,NA,0,2,3,2,NA,NA,NA,NA,NA,NA,NA,NA,NA,NA
cell_343,10,3,0,2,NA,2,NA,NA,NA,NA,NA,NA,NA,NA,NA,5
cell_344,NA,NA,0,2,3,2,NA,NA,NA,NA,NA,NA,NA,NA,NA,5
cell_345,NA,3,2,2,3,2,NA,0,NA,2,NA,15,NA,0,2,5
cell_346,10,3,2,2,3,2,0,0,2,2,2,15,2,0,NA,5
cell_347,10,3,2,2,3,2,0,0,3,2,2,15,2,NA,2,5
cell_348,10,NA,2,2,NA,2,0,0,NA,2,2,15,2,NA,2,5
cell_349,10,NA,0,NA,3,2,0,0,2,2,NA,15,2,NA,0,NA
cell_350,10,3,0,2,NA,2,NA,0,0,2,2,15,2,2,0,5
cell_351,10,3,0,2,3,NA,0,NA,NA,2,2,15,2,0,NA,5
cell_352,10,3,0,NA,3,2,0,NA,0,2,2,15,2,NA,0,5
cell_353,NA,2,NA,2,NA,2,5,8,2,2,2,NA,2,3,2,5
cell_354,10,2,8,NA,3,2,5,8,2,2,2,15,0,3,2,5
cell_355,10,NA,0,NA,3,2,5,8,2,2,NA,15,5,2,0,5
cell_356,10,2,0,2,3,2,5,8,2,2,2,NA,NA,2,0,5
cell_357,10,2,3,2,3,2,5,NA,0,2,2,NA,2,2,4,NA
cell_358,10,2,3,2,3,2,5,NA,0,2,2,15,0,0,4,5
cell_359,10,2,NA,NA,3,2,5,8,0,2,2,15,0,11,4,5
cell_360,10,NA,2,2,3,NA,5,8,0,2,2,NA,0,0,4,5
cell_361,NA,NA,NA,2,3,2,5,8,0,2,2,NA,3,5,2,5
cell_362,NA,2,0,2,3,NA,5,8,0,2,NA,15,3,5,2,5
cell_363,10,2,0,2,3,2,5,8,0,2,2,15,NA,5,2,5
cell_364,10,2,0,2,3,NA,NA,NA,NA,2,2,NA,3,5,NA,5
cell_365,10,2,0,2,3,2,5,NA,0,2,2,15,NA,5,0,5
cell_366,10,2,0,2,NA,2,NA,8,0,2,2,15,3,NA,0,5
cell_367,NA,2,0,2,3,2,5,8,27,2,2,NA,3,5,0,5
cell_368,10,2,NA,2,3,2,5,NA,4,2,2,15,NA,5,NA,5
cell_369,10,2,3,2,3,2,NA,4,2,2,2,15,0,2,0,5
cell_370,NA,2,3,2,3,2,0,NA,2,2,NA,15,NA,2,0,NA
cell_371,10,2,3,2,3,2,2,4,2,2,2,15,NA,2,0,5
cell_372,10,NA,NA,NA,3,NA,0,4,2,2,2,15,2,2,0,5
cell_373,NA,2,3,2,3,2,2,11,2,2,2,15,NA,2,2,5
cell_374,10,2,3,2,NA,NA,0,11,2,2,2,15,NA,2,2,5
cell_375,NA,2,NA,2,3,2,2,11,2,2,2,15,0,2,2,5
cell_376,NA,2,NA,NA,3,NA,2,11,2,2,2,15,0,2,2,NA
cell_377,10,2,NA,NA,3,2,3,NA,2,2,2,15,5,2,0,5
cell_378,10,2,0,2,3,2,3,3,2,2,2,15,5,2,0,5
cell_379,10,2,0,2,NA,2,NA,3,2,2,NA,15,0,2,3,5
cell_380,10,2,NA,NA,NA,NA,3,3,2,2,2,15,0,2,2,5
cell_381,10,2,3,NA,3,2,2,2,2,2,2,15,3,2,7,5
cell_382,NA,2,0,2,NA,2,2,2,2,2,NA,15,3,2,7,NA
cell_383,10,2,5,2,3,NA,0,2,2,NA,2,15,NA,2,0,5
cell_384,NA,NA,5,2,NA,2,0,2,2,2,2,15,0,2,0,5
cell_385,10,0,2,NA,NA,2,2,NA,9,2,2,0,2,9,2,5
cell_386,10,NA,2,NA,0,2,2,3,9,2,NA,0,0,0,2,5
cell_387,10,NA,2,2,NA,2,2,0,9,2,NA,4,NA,2,0,5
cell_388,10,NA,2,2,2,NA,2,0,9,2,NA,4,NA,NA,5,5
cell_389,10,2,NA,2,2,NA,2,2,NA,2,2,0,NA,16,NA,5
cell_390,10,2,2,2,2,2,NA,2,9,2,2,0,0,16,0,5
cell_391,NA,2,2,2,2,2,NA,2,9,2,2,5,0,0,3,5
cell_392,10,2,2,2,0,2,2,2,9,2,2,NA,0,5,3,NA
cell_393,NA,NA,0,2,0,NA,NA,0,9,2,2,4,0,11,0,5
cell_394,10,NA,0,2,NA,2,2,4,9,2,2,4,2,11,3,NA
cell_395,10,0,2,2,0,2,2,3,9,2,2,4,49,NA,0,5
cell_396,10,0,2,NA,9,2,2,0,9,2,NA,4,49,11,0,5
cell_397,10,NA,0,2,4,2,2,0,NA,NA,2,NA,2,NA,2,5
cell_398,10,0,NA,NA,0,2,2,0,9,2,2,4,NA,NA,0,5
cell_399,10,0,2,2,0,NA,2,0,9,2,2,4,2,NA,NA,NA
cell_400,10,2,NA,2,0,NA,2,0,NA,2,2,NA,2,0,0,5
cell_401,10,0,0,2,2,2,0,2,9,2,NA,0,2,2,2,5
cell_402,10,NA,NA,NA,3,2,0,2,NA,2,0,0,2,2,NA,NA
cell_403,10,NA,NA,NA,NA,NA,NA,NA,NA,NA,NA,9,2,2,NA,5
cell_404,NA,NA,NA,NA,0,2,0,2,9,2,NA,NA,NA,NA,NA,5
cell_405,10,0,NA,2,NA,NA,NA,0,NA,2,0,0,2,2,0,5
cell_406,10,NA,2,2,0,2,0,0,9,NA,0,0,2,2,0,5
cell_407,10,2,2,NA,2,2,0,2,9,2,NA,0,2,2,0,5
cell_408,10,2,NA,2,2,2,0,0,NA,NA,2,0,2,2,0,5
cell_409,10,0,2,2,0,2,0,0,NA,2,5,NA,2,0,2,NA
cell_410,10,0,2,2,2,NA,0,0,9,2,0,3,NA,0,2,NA
cell_411,NA,0,2,NA,0,NA,0,0,NA,2,0,NA,2,2,2,5
cell_412,10,0,2,2,0,2,8,0,9,2,0,3,2,0,NA,5
cell_413,10,2,0,2,0,2,0,0,9,NA,0,2,2,12,2,NA
cell_414,NA,0,0,NA,0,NA,0,0,9,2,0,0,NA,12,2,NA
cell_415,10,NA,2,2,NA,2,0,NA,9,2,0,2,2,NA,2,5
cell_416,NA,4,NA,2,2,2,0,0,NA,2,0,NA,NA,NA,2,5
cell_417,10,3,36,2,2,2,0,0,NA,2,2,2,0,NA,0,5
cell_418,10,3,36,2,2,2,0,0,9,2,2,2,0,0,2,5
cell_419,NA,3,36,2,NA,2,0,0,NA,2,2,NA,NA,NA,2,5
cell_420,10,3,36,2,2,2,0,3,9,2,2,NA,0,0,2,5
cell_421,NA,3,36,2,2,2,0,3,9,2,NA,NA,0,NA,2,5
cell_422,NA,NA,36,2,2,2,NA,0,9,2,2,2,0,0,2,5
cell_423,10,3,36,2,2,NA,NA,0,NA,NA,2,2,0,2,2,5
cell_424,10,NA,36,2,NA,2,0,NA,9,2,2,2,0,2,2,NA
cell_425,10,0,36,2,2,2,9,2,9,2,2,5,5,NA,3,5
cell_426,10,0,36,2,2,2,9,2,9,2,2,NA,0,2,3,5
cell_427,10,3,36,NA,NA,2,9,0,9,2,2,2,0,2,3,5
cell_428,10,3,36,2,2,NA,9,NA,NA,NA,2,0,0,2,3,5
cell_429,10,4,36,2,2,NA,NA,NA,NA,2,2,0,5,0,NA,NA
cell_430,10,4,36,NA,NA,2,9,3,9,2,2,2,5,2,NA,5
cell_431,10,4,36,2,2,NA,9,3,9,2,2,0,2,0,NA,5
cell_432,10,4,NA,2,2,NA,9,3,9,2,2,0,2,0,2,5
cell_433,10,2,36,2,2,NA,3,NA,NA,NA,NA,NA,NA,4,0,NA
cell_434,10,2,NA,2,2,2,3,NA,NA,NA,NA,NA,9,4,0,5
cell_435,10,0,36,2,2,2,0,NA,NA,NA,NA,NA,9,4,2,NA
cell_436,10,0,NA,2,2,2,0,NA,NA,NA,NA,NA,9,4,0,5
cell_437,NA,0,36,2,NA,2,2,NA,NA,NA,NA,NA,9,0,0,5
cell_438,10,0,36,2,NA,2,2,NA,NA,NA,NA,NA,9,5,0,5
cell_439,10,7,36,2,NA,NA,2,NA,NA,NA,NA,NA,9,NA,NA,5
cell_440,10,NA,36,2,2,2,2,NA,NA,NA,NA,NA,9,NA,4,5
cell_441,10,0,36,2,2,2,2,0,9,2,19,NA,9,0,NA,5
cell_442,10,NA,36,2,2,2,NA,0,9,2,19,NA,9,NA,2,5
cell_443,10,0,36,2,2,2,2,0,9,2,19,3,9,10,NA,5
cell_444,10,NA,36,NA,NA,2,2,0,NA,NA,NA,3,9,10,NA,5
cell_445,10,NA,NA,2,2,2,0,NA,9,2,19,3,NA,NA,120,5
cell_446,10,NA,36,2,2,2,0,2,9,2,19,3,NA,0,120,5
cell_447,10,0,36,2,2,2,2,0,9,NA,19,NA,NA,0,120,5
cell_448,10,0,36,2,2,2,2,NA,9,NA,19,3,9,0,120,5
cell_449,10,2,5,2,2,NA,5,2,5,2,NA,3,2,2,NA,5
cell_450,10,2,5,2,NA,NA,NA,2,5,2,2,3,NA,2,2,5
cell_451,10,2,5,2,27,2,5,2,5,2,0,NA,0,2,2,NA
cell_452,10,2,5,NA,27,NA,5,2,5,2,0,NA,0,2,2,5
cell_453,NA,2,5,2,NA,2,5,2,5,2,2,3,3,NA,NA,NA
cell_454,10,NA,5,NA,2,2,5,NA,5,NA,2,3,0,2,NA,5
cell_455,10,2,5,2,NA,2,5,2,5,2,2,3,NA,2,2,5
cell_456,10,NA,5,2,0,2,5,NA,5,NA,2,NA,0,NA,2,5
cell_457,NA,2,5,2,0,2,0,2,5,2,2,3,NA,2,2,5
cell_458,10,2,5,2,2,2,2,2,5,NA,0,NA,2,2,NA,5
cell_459,10,2,NA,2,0,2,0,NA,5,2,NA,3,2,2,2,NA
cell_460,10,2,5,2,0,NA,NA,2,NA,2,0,NA,0,2,2,5
cell_461,10,2,5,2,0,2,NA,2,NA,2,0,3,2,2,2,5
cell_462,10,2,5,2,0,NA,0,2,5,2,0,3,2,2,2,5
cell_463,10,2,5,NA,0,2,0,2,5,2,NA,3,2,2,2,5
cell_464,10,2,5,2,NA,2,0,2,5,NA,0,3,2,2,2,5
cell_465,10,NA,NA,2,NA,NA,NA,2,5,2,71,0,2,4,2,5
cell_466,10,2,5,NA,NA,2,0,2,NA,2,71,0,2,4,2,5
cell_467,10,NA,5,2,2,2,0,2,5,2,71,0,NA,4,2,5
cell_468,10,NA,5,NA,2,NA,3,2,NA,2,71,0,2,4,2,5
cell_469,10,NA,5,2,0,2,0,4,5,2,2,NA,2,4,2,5
cell_470,10,2,5,2,0,2,2,0,5,2,0,0,2,4,NA,5
cell_471,10,2,5,2,NA,2,0,2,5,2,NA,0,2,4,2,5
cell_472,10,2,5,2,0,2,2,2,NA,2,0,0,2,4,2,5
cell_473,NA,2,NA,2,NA,2,0,0,5,2,0,0,2,4,2,5
cell_474,NA,NA,5,2,0,2,0,0,5,2,2,0,NA,4,2,5
cell_475,10,2,5,NA,0,2,0,NA,5,2,0,NA,NA,4,2,5
cell_476,NA,2,NA,2,0,2,0,NA,NA,NA,0,2,2,4,2,5
cell_477,10,2,5,2,0,NA,0,2,NA,2,NA,0,NA,4,2,5
cell_478,10,2,5,NA,0,2,0,2,5,2,NA,2,2,4,2,5
cell_479,10,2,5,2,0,2,0,0,5,2,2,0,2,NA,2,5
cell_480,10,2,5,2,0,2,NA,0,5,2,2,0,2,4,2,5
cell_481,10,NA,5,NA,0,2,2,2,0,NA,0,NA,2,5,8,NA
cell_482,NA,NA,NA,2,0,2,2,2,0,2,0,0,2,0,8,5
cell_483,10,2,5,2,NA,2,2,2,NA,2,2,2,NA,5,NA,5
cell_484,10,NA,NA,2,0,2,2,2,0,2,2,NA,2,5,8,5
cell_485,10,NA,NA,NA,2,2,NA,2,0,2,0,2,2,0,NA,5
cell_486,10,2,5,2,2,2,0,2,0,2,0,0,2,0,NA,NA
cell_487,10,2,5,2,2,2,NA,2,14,NA,NA,0,2,5,NA,NA
cell_488,10,2,5,2,2,NA,0,2,NA,2,2,NA,NA,0,8,5
cell_489,10,2,5,2,2,2,0,2,NA,NA,NA,5,2,NA,0,5
cell_490,10,2,NA,2,NA,2,0,2,0,2,2,5,2,NA,0,5
cell_491,10,2,NA,2,2,2,0,2,0,2,2,5,2,6,0,NA
cell_492,10,NA,NA,2,2,2,0,NA,NA,2,NA,NA,2,NA,0,5
cell_493,10,2,5,2,2,2,11,2,2,2,NA,5,2,6,2,5
cell_494,NA,2,5,2,0,NA,11,NA,NA,2,2,5,NA,6,NA,5
cell_495,10,2,5,NA,0,2,11,NA,2,2,2,5,2,6,8,5
cell_496,NA,NA,NA,2,0,2,11,2,2,2,2,5,2,NA,NA,5
cell_497,10,5,5,NA,5,2,2,NA,0,NA,2,0,NA,0,0,5
cell_498,10,5,5,2,NA,2,2,0,0,2,2,0,2,0,5,NA
cell_499,10,NA,5,2,5,NA,2,0,7,2,NA,2,0,0,0,NA
cell_500,10,5,NA,2,5,2,2,NA,5,2,2,2,0,0,2,5
cell_501,10,0,5,2,5,NA,2,0,2,2,2,NA,0,0,NA,5
cell_502,10,0,5,NA,5,2,2,0,NA,NA,0,8,0,0,74,5
cell_503,10,0,5,NA,5,2,2,12,NA,2,0,NA,2,0,74,5
cell_504,NA,0,5,NA,5,2,2,12,2,2,0,0,2,0,74,5
cell_505,10,NA,5,2,0,2,2,0,8,2,2,0,NA,5,NA,5
cell_506,10,0,5,2,4,2,2,0,8,2,NA,NA,0,5,2,5
cell_507,10,0,5,NA,0,2,2,NA,NA,2,NA,2,0,5,2,5
cell_508,NA,0,5,2,0,2,2,0,0,2,2,2,2,5,2,5
cell_509,10,0,5,2,31,2,2,NA,0,2,2,2,0,5,2,5
cell_510,10,2,5,2,31,2,2,0,0,2,2,NA,2,5,2,5
cell_511,10,NA,5,2,31,2,2,2,0,NA,2,2,3,NA,0,5
cell_512,10,57,NA,2,31,2,2,2,5,2,2,2,NA,5,0,5
cell_513,8,NA,2,2,NA,5,0,NA,2,73,10,5,2,2,2,NA
cell_514,NA,9,2,2,NA,NA,0,3,NA,73,10,0,2,2,2,0
cell_515,8,9,2,2,2,5,0,3,2,73,10,0,2,NA,2,0
cell_516,NA,9,2,2,2,5,NA,3,2,NA,10,0,2,2,NA,0
cell_517,8,NA,NA,2,2,5,NA,3,2,73,10,0,2,2,2,NA
cell_518,NA,9,2,2,2,5,42,3,2,73,10,NA,NA,2,2,28
cell_519,8,9,2,2,2,5,42,NA,2,73,10,5,NA,2,2,28
cell_520,8,9,2,2,2,5,42,3,2,73,NA,0,NA,2,2,28
cell_521,2,9,2,2,2,5,2,NA,2,73,10,NA,2,2,2,0
cell_522,2,NA,NA,2,NA,5,2,NA,2,73,10,20,2,2,2,0
cell_523,NA,NA,2,2,2,5,2,NA,2,73,10,20,2,2,2,2
cell_524,NA,NA,2,NA,2,5,NA,NA,2,73,NA,20,2,2,2,NA
cell_525,2,9,2,2,2,5,NA,3,2,73,10,20,2,2,2,2
cell_526,NA,NA,2,2,NA,5,2,3,2,73,10,20,2,2,2,2
cell_527,13,9,NA,2,2,5,NA,3,2,NA,10,20,NA,NA,2,2
cell_528,13,9,2,2,2,5,0,3,2,73,10,NA,2,2,2,2
cell_529,2,9,2,NA,2,NA,2,3,2,73,10,2,2,2,2,2
cell_530,NA,9,NA,2,2,5,2,3,2,NA,10,NA,2,2,2,2
cell_531,2,NA,NA,2,2,5,0,3,2,73,10,2,NA,2,2,2
cell_532,2,9,NA,2,2,5,NA,3,NA,NA,NA,2,NA,2,NA,2
cell_533,2,NA,2,2,NA,5,0,3,NA,73,NA,0,2,2,2,2
cell_534,2,9,NA,2,2,5,NA,3,2,73,10,NA,2,2,2,2
cell_535,2,9,2,NA,NA,5,3,NA,2,73,10,NA,2,NA,2,2
cell_536,2,9,NA,2,2,5,NA,3,NA,73,10,0,2,2,2,NA
cell_537,2,9,2,NA,2,5,NA,3,2,73,NA,6,2,2,2,2
cell_538,NA,9,2,2,2,5,7,NA,2,73,10,6,2,NA,NA,2
cell_539,0,9,2,NA,2,NA,NA,3,NA,73,10,6,2,2,2,NA
cell_540,NA,9,2,2,2,5,7,3,2,NA,10,6,2,NA,2,2
cell_541,0,9,2,2,2,5,NA,3,2,73,10,NA,2,2,2,2
cell_542,0,9,2,2,2,5,7,3,2,NA,10,NA,2,2,NA,2
cell_543,0,9,2,NA,2,5,NA,3,2,73,10,6,2,2,2,NA
cell_544,2,9,2,2,2,5,NA,3,2,73,NA,NA,2,NA,2,2
cell_545,2,9,2,2,17,5,0,2,2,2,NA,11,2,NA,2,NA
cell_546,2,9,2,2,17,5,0,2,NA,2,0,11,2,2,2,12
cell_547,2,9,NA,2,17,5,0,NA,2,2,0,11,NA,2,2,12
cell_548,2,9,2,2,17,5,4,2,2,2,2,11,2,2,2,12
cell_549,2,9,2,NA,17,5,0,2,2,2,3,11,NA,2,NA,12
cell_550,NA,9,2,2,NA,5,0,2,NA,2,3,11,2,2,2,NA
cell_551,2,NA,2,2,17,5,0,2,2,2,3,11,2,2,2,12
cell_552,2,NA,NA,2,NA,5,NA,2,2,2,NA,11,2,2,2,12
cell_553,3,NA,2,2,17,5,NA,0,2,NA,2,11,2,2,2,NA
cell_554,NA,9,2,2,17,NA,3,0,2,2,2,11,2,2,2,0
cell_555,NA,9,NA,2,17,5,3,0,NA,2,0,11,2,2,NA,0
cell_556,3,9,2,2,17,5,3,NA,2,2,0,11,2,2,2,0
cell_557,0,9,2,2,17,5,0,2,2,2,0,11,2,NA,2,2
cell_558,2,9,2,2,NA,5,2,2,2,NA,0,11,2,2,2,2
cell_559,0,NA,2,NA,NA,5,3,2,NA,2,0,11,2,2,NA,2
cell_560,0,9,2,2,17,NA,3,NA,NA,NA,NA,11,2,NA,NA,2
cell_561,0,9,2,2,17,5,2,2,2,NA,0,NA,2,NA,2,4
cell_562,NA,9,2,NA,17,5,2,2,NA,2,0,11,2,2,2,4
cell_563,4,9,2,2,17,NA,2,2,2,2,NA,11,2,2,NA,NA
cell_564,4,9,2,2,17,5,NA,2,NA,2,2,NA,2,2,2,4
cell_565,0,9,2,2,17,5,0,15,2,2,2,11,NA,2,NA,4
cell_566,0,9,2,2,17,5,5,NA,NA,2,2,NA,2,2,2,4
cell_567,0,9,2,2,NA,5,2,NA,2,2,5,11,NA,NA,NA,4
cell_568,0,NA,NA,NA,17,5,0,2,NA,2,5,NA,NA,NA,2,4
cell_569,NA,9,2,2,NA,5,2,0,NA,5,2,11,2,2,2,0
cell_570,2,9,2,NA,17,5,2,2,2,NA,2,11,NA,2,NA,NA
cell_571,2,9,2,2,17,5,2,92,NA,NA,2,11,NA,2,2,0
cell_572,NA,9,2,2,17,5,NA,92,2,0,2,NA,NA,2,2,0
cell_573,2,NA,2,2,17,5,NA,0,2,0,NA,11,2,2,2,2
cell_574,NA,9,NA,2,17,5,2,NA,NA,0,2,11,2,2,2,NA
cell_575,2,NA,2,2,NA,NA,0,5,NA,0,2,NA,2,NA,NA,NA
cell_576,NA,9,2,2,17,5,NA,5,2,0,NA,11,NA,2,2,NA
cell_577,4,9,2,2,NA,NA,2,2,0,2,NA,0,2,0,2,NA
cell_578,4,NA,2,NA,2,5,2,2,0,2,2,0,2,0,NA,0
cell_579,4,9,2,2,2,5,NA,2,0,2,NA,5,2,3,2,2
cell_580,NA,NA,2,2,2,5,2,2,0,2,2,5,2,3,NA,0
cell_581,4,9,2,2,2,5,2,NA,2,2,2,0,2,NA,2,0
cell_582,4,9,2,NA,2,5,2,2,0,2,2,0,NA,0,2,0
cell_583,4,9,2,NA,2,5,2,2,0,NA,2,NA,2,0,2,5
cell_584,NA,9,2,NA,NA,5,2,NA,0,2,2,NA,NA,0,NA,0
cell_585,NA,9,2,NA,2,5,2,2,NA,2,NA,0,2,NA,2,0
cell_586,NA,9,NA,2,2,5,2,2,NA,2,0,NA,NA,2,NA,0
cell_587,4,NA,2,NA,2,5,2,NA,8,2,0,NA,2,2,2,NA
cell_588,4,9,NA,2,2,5,2,NA,8,2,NA,0,2,2,2,0
cell_589,4,9,2,2,NA,NA,2,2,0,NA,2,0,2,0,2,0
cell_590,4,9,2,2,2,5,2,2,0,2,2,0,2,0,2,0
cell_591,4,NA,NA,2,2,5,2,2,NA,2,2,3,2,2,NA,2
cell_592,4,9,NA,2,2,5,2,2,0,NA,2,0,2,NA,2,2
cell_593,NA,9,2,2,NA,5,NA,2,3,2,NA,NA,2,2,NA,0
cell_594,4,9,2,2,2,5,2,2,NA,2,NA,2,2,2,NA,5
cell_595,4,9,2,2,NA,NA,2,2,3,2,0,0,2,0,2,2
cell_596,4,9,2,2,2,NA,2,2,3,2,0,0,2,0,NA,0
cell_597,4,9,2,NA,2,5,2,NA,3,2,0,2,2,0,2,2
cell_598,4,9,2,2,2,5,2,2,3,2,NA,0,2,NA,2,0
cell_599,4,9,2,2,2,5,2,NA,3,2,2,5,NA,0,2,0
cell_600,4,9,NA,2,NA,5,NA,2,3,2,0,0,2,0,2,NA
cell_601,4,9,2,2,2,5,2,2,3,2,0,NA,2,5,2,0
cell_602,NA,9,2,2,NA,5,2,NA,3,NA,0,8,2,5,2,0
cell_603,NA,NA,2,2,2,5,2,2,3,NA,0,8,2,5,2,NA
cell_604,4,9,2,2,2,5,2,2,3,2,2,8,2,5,2,0
cell_605,4,9,2,NA,NA,NA,2,2,3,2,2,4,2,5,2,3
cell_606,4,9,NA,NA,2,5,NA,2,3,2,0,0,2,5,2,NA
cell_607,4,9,2,2,2,5,2,NA,3,NA,NA,5,2,5,2,3
cell_608,4,NA,NA,2,2,5,2,2,3,2,0,NA,2,5,2,3
cell_609,2,9,2,2,2,5,2,2,0,2,NA,NA,2,2,2,0
cell_610,2,9,NA,2,2,NA,2,2,0,2,NA,NA,2,2,2,0
cell_611,2,9,2,2,2,NA,2,NA,4,2,NA,NA,NA,2,NA,NA
cell_612,2,9,2,2,NA,NA,2,2,4,2,NA,NA,2,2,2,0
cell_613,2,9,2,2,2,NA,2,2,2,2,NA,NA,2,2,2,0
cell_614,2,9,NA,2,2,5,2,NA,2,2,NA,NA,2,2,2,0
cell_615,2,9,2,NA,2,5,2,2,2,2,NA,NA,NA,2,2,0
cell_616,2,9,2,2,2,5,2,2,2,NA,NA,NA,NA,2,2,3
cell_617,NA,9,2,2,NA,5,2,2,0,2,0,NA,2,2,2,11
cell_618,2,9,2,2,NA,5,2,2,0,2,4,92,NA,2,2,0
cell_619,2,NA,2,2,NA,5,2,2,0,2,NA,92,2,2,NA,NA
cell_620,2,9,NA,2,2,5,2,2,NA,2,2,NA,2,2,2,NA
cell_621,2,9,NA,2,2,5,2,2,0,2,2,5,2,2,NA,NA
cell_622,2,NA,2,2,NA,NA,2,2,0,2,0,5,2,NA,2,5
cell_623,2,NA,2,2,2,5,2,2,2,2,0,5,2,2,2,5
cell_624,2,9,2,NA,2,NA,2,NA,2,NA,NA,5,NA,2,2,5
cell_625,NA,9,2,2,NA,NA,2,2,NA,2,NA,NA,NA,0,2,2
cell_626,2,NA,2,2,2,5,NA,2,NA,2,2,11,2,0,2,2
cell_627,2,9,2,2,2,5,2,2,NA,NA,NA,0,2,5,NA,2
cell_628,2,9,2,NA,2,NA,NA,NA,2,NA,2,2,2,5,2,2
cell_629,NA,9,2,2,2,NA,2,2,0,2,5,0,NA,2,2,2
cell_630,2,NA,2,2,2,5,2,2,0,2,5,0,NA,0,2,2
cell_631,2,9,2,2,NA,5,2,2,0,2,0,4,2,0,2,2
cell_632,2,9,NA,2,2,5,2,NA,0,2,3,4,2,0,2,NA
cell_633,NA,9,2,2,2,5,2,2,5,2,0,2,2,0,2,0
cell_634,2,9,2,2,NA,5,2,NA,5,2,0,NA,2,NA,2,0
cell_635,2,9,2,2,2,5,2,NA,5,2,3,NA,NA,0,2,2
cell_636,2,NA,2,2,2,5,2,NA,5,2,NA,2,2,NA,2,NA
cell_637,2,9,2,2,2,5,2,2,NA,2,2,0,2,0,2,2
cell_638,2,9,2,2,2,5,2,2,NA,NA,NA,NA,NA,NA,2,2
cell_639,2,NA,2,2,2,5,2,2,5,2,2,2,NA,3,2,2
cell_640,NA,9,2,2,NA,5,2,2,5,2,2,5,2,NA,2,2
cell_641,0,9,2,2,16,5,0,NA,NA,5,2,NA,NA,NA,3,2
cell_642,0,9,2,NA,16,5,0,0,3,0,2,NA,2,0,NA,2
cell_643,0,NA,NA,NA,16,5,0,NA,3,0,0,2,2,3,3,2
cell_644,NA,9,2,2,16,5,0,0,3,0,5,2,2,0,3,NA
cell_645,0,NA,NA,2,16,5,0,2,NA,0,NA,2,NA,NA,3,NA
cell_646,0,NA,2,2,16,5,0,2,2,NA,2,2,2,0,3,2
cell_647,0,NA,2,2,16,5,3,NA,0,NA,2,2,2,0,3,2
cell_648,0,9,2,2,16,NA,5,0,NA,2,0,2,2,0,3,2
cell_649,0,NA,2,2,16,5,5,NA,NA,5,2,2,2,2,3,NA
cell_650,NA,9,2,2,16,5,NA,3,2,NA,2,2,2,2,3,NA
cell_651,21,NA,2,NA,NA,5,17,NA,2,0,2,2,2,2,3,2
cell_652,21,9,NA,2,16,5,0,3,2,2,2,NA,2,NA,NA,2
cell_653,5,NA,NA,NA,16,NA,0,NA,NA,3,2,2,2,2,3,2
cell_654,NA,9,2,2,16,5,0,3,NA,8,2,2,2,2,3,2
cell_655,0,9,2,2,NA,5,0,NA,2,NA,2,2,2,2,3,2
cell_656,0,NA,2,2,16,NA,2,3,2,2,2,NA,2,2,3,2
cell_657,NA,NA,2,2,16,NA,0,3,NA,NA,0,5,NA,2,13,2
cell_658,3,9,2,2,NA,NA,NA,3,0,2,3,5,2,2,13,2
cell_659,3,9,2,2,16,5,NA,NA,0,NA,29,NA,2,NA,NA,2
cell_660,3,NA,NA,2,16,5,0,NA,0,2,NA,5,2,2,13,NA
cell_661,0,9,2,2,16,5,2,3,NA,2,NA,5,2,NA,NA,2
cell_662,0,9,NA,NA,16,NA,2,3,0,2,0,5,2,2,13,2
cell_663,0,9,2,NA,16,NA,6,3,NA,2,4,5,2,2,13,2
cell_664,2,9,2,2,16,NA,5,3,0,NA,4,NA,2,2,13,2
cell_665,4,9,2,2,16,5,2,2,2,2,2,NA,2,NA,2,2
cell_666,NA,NA,2,2,16,5,2,2,2,2,2,5,2,2,2,NA
cell_667,4,9,2,2,NA,5,2,2,2,2,2,5,2,2,5,2
cell_668,4,9,2,2,16,5,2,2,2,2,2,5,NA,2,0,NA
cell_669,4,9,2,2,16,5,NA,0,3,NA,2,5,2,2,2,2
cell_670,4,NA,2,NA,16,5,0,0,3,NA,2,5,2,2,2,2
cell_671,4,9,2,2,NA,5,0,0,3,2,2,5,2,NA,0,NA
cell_672,NA,9,2,2,16,5,5,0,3,NA,2,5,NA,2,0,2
cell_673,NA,9,2,2,16,5,NA,2,0,3,0,0,2,2,NA,4
cell_674,5,NA,2,2,NA,5,2,2,0,3,0,0,NA,NA,2,4
cell_675,5,9,2,NA,16,NA,2,2,0,3,0,0,2,NA,2,4
cell_676,5,9,NA,2,16,5,2,2,0,NA,0,0,2,2,2,4
cell_677,5,9,2,NA,16,5,2,0,0,3,2,0,2,2,2,4
cell_678,5,9,2,2,16,5,2,0,2,3,NA,0,2,2,2,4
cell_679,5,NA,2,NA,NA,5,2,4,0,3,0,0,2,2,2,4
cell_680,5,9,NA,NA,16,5,2,NA,2,3,0,0,2,2,2,NA
cell_681,5,9,2,2,16,5,2,5,2,NA,NA,NA,2,2,2,4
cell_682,NA,9,2,NA,16,NA,2,5,2,3,2,3,2,2,NA,NA
cell_683,5,NA,2,2,NA,5,2,5,0,3,2,0,2,2,2,4
cell_684,5,9,2,NA,16,5,NA,NA,2,3,2,0,2,2,2,4
cell_685,5,9,2,2,16,5,2,4,0,3,NA,0,2,2,2,4
cell_686,5,9,2,2,16,5,2,4,0,3,2,0,2,2,NA,NA
cell_687,5,9,2,2,16,5,2,4,0,3,2,2,2,2,2,4
cell_688,5,NA,2,NA,16,5,NA,4,NA,3,NA,0,2,2,2,4
cell_689,5,9,NA,2,16,5,2,3,NA,NA,12,NA,2,NA,2,0
cell_690,5,NA,2,2,16,5,2,3,0,NA,12,8,NA,5,2,0
cell_691,NA,9,2,NA,16,5,2,NA,5,3,0,NA,2,0,0,2
cell_692,5,9,2,2,NA,5,2,3,5,NA,0,3,NA,0,NA,19
cell_693,5,9,2,2,16,5,2,2,0,NA,0,NA,2,2,5,5
cell_694,5,9,2,2,16,NA,2,0,0,3,0,2,2,2,5,5
cell_695,NA,9,2,2,16,5,NA,0,2,3,4,2,2,2,4,0
cell_696,5,NA,2,2,16,5,NA,0,2,3,4,2,2,2,0,0
cell_697,5,9,2,2,16,5,2,2,0,3,0,NA,2,2,2,NA
cell_698,5,9,2,2,16,5,2,2,0,3,0,3,2,2,2,3
cell_699,5,9,2,2,16,5,NA,2,5,3,0,3,2,2,2,3
cell_700,5,9,NA,NA,16,5,2,NA,5,NA,0,3,NA,2,2,3
cell_701,5,9,2,NA,16,5,2,0,2,3,0,NA,2,3,2,3
cell_702,NA,NA,NA,2,NA,5,2,5,2,3,0,4,2,3,2,3
cell_703,5,9,2,2,16,5,2,0,16,3,NA,NA,2,3,2,3
cell_704,5,NA,2,NA,NA,NA,2,0,16,NA,NA,NA,2,3,2,3
cell_705,2,9,2,NA,16,NA,2,NA,2,3,NA,5,NA,14,2,2
cell_706,2,9,2,2,16,5,0,0,2,NA,NA,5,2,14,2,2
cell_707,2,NA,2,2,16,NA,0,2,NA,NA,2,NA,2,NA,2,2
cell_708,2,9,NA,2,16,5,NA,2,2,0,2,5,NA,14,2,2
cell_709,2,9,NA,NA,16,5,5,0,2,0,NA,5,2,14,NA,2
cell_710,2,9,2,2,16,5,5,2,NA,0,NA,5,2,14,9,NA
cell_711,NA,9,2,2,16,5,5,0,2,0,4,5,2,14,0,2
cell_712,NA,9,2,2,16,5,5,0,2,NA,4,NA,2,14,0,NA
cell_713,2,9,2,2,16,5,NA,0,2,2,NA,5,2,NA,NA,11
cell_714,2,NA,2,2,NA,5,2,NA,2,2,NA,5,NA,14,0,11
cell_715,2,9,NA,2,16,5,2,10,2,2,0,5,2,NA,2,11
cell_716,2,9,2,2,NA,5,2,10,2,NA,0,5,2,14,0,11
cell_717,NA,9,2,2,16,5,2,NA,2,NA,2,5,2,14,5,11
cell_718,2,9,2,2,16,5,2,4,2,2,2,5,2,NA,5,11
cell_719,2,NA,2,2,16,5,2,4,NA,NA,2,5,2,NA,9,11
cell_720,2,9,2,2,16,NA,2,4,2,NA,2,5,2,14,3,11
cell_721,2,9,2,2,16,5,2,NA,NA,NA,2,2,NA,2,2,NA
cell_722,2,NA,2,2,16,5,2,3,2,NA,2,2,2,NA,2,0
cell_723,2,9,2,2,NA,5,2,3,2,5,NA,NA,2,2,2,0
cell_724,NA,9,2,2,16,5,2,3,2,5,NA,2,2,2,NA,0
cell_725,NA,NA,2,NA,16,NA,NA,3,2,5,2,2,2,NA,2,4
cell_726,NA,9,2,2,16,5,2,3,2,5,NA,2,2,2,NA,4
cell_727,2,9,NA,2,NA,5,2,3,2,5,2,2,2,2,0,0
cell_728,2,9,NA,2,16,NA,NA,3,2,5,NA,2,2,2,0,2
cell_729,2,9,2,2,16,5,NA,NA,2,0,3,2,NA,2,2,3
cell_730,2,NA,2,NA,16,5,2,3,2,2,3,2,2,0,NA,3
cell_731,NA,NA,2,2,NA,5,2,3,NA,0,NA,2,2,0,2,2
cell_732,2,9,2,2,16,5,2,3,2,0,3,2,2,0,2,0
cell_733,2,9,2,2,16,5,2,3,2,0,3,2,NA,0,0,NA
cell_734,2,NA,2,2,16,5,2,3,NA,0,3,2,NA,0,0,2
cell_735,NA,9,2,2,16,NA,2,3,2,NA,3,2,2,2,0,2
cell_736,2,9,2,2,16,5,2,3,2,NA,NA,NA,2,2,4,2
cell_737,2,9,2,2,16,5,5,2,2,2,0,6,2,0,NA,0
cell_738,2,NA,NA,2,16,5,5,2,2,2,NA,6,2,NA,2,NA
cell_739,2,9,2,2,16,5,5,0,2,NA,2,NA,NA,0,2,2
cell_740,2,9,2,2,NA,5,5,0,2,2,5,6,2,0,NA,2
cell_741,2,9,2,2,16,5,NA,0,NA,2,5,6,2,0,2,NA
cell_742,2,9,2,2,16,5,5,0,0,NA,0,6,2,0,2,19
cell_743,NA,NA,2,2,16,5,5,NA,NA,NA,NA,NA,NA,NA,NA,19
cell_744,2,9,2,2,16,5,5,NA,NA,NA,NA,NA,NA,NA,2,19
cell_745,2,9,2,2,16,5,5,5,0,NA,2,6,2,NA,2,3
cell_746,2,9,2,2,16,5,5,5,12,NA,2,6,NA,5,NA,3
cell_747,NA,9,2,NA,NA,5,5,5,0,2,2,6,2,2,2,3
cell_748,2,9,NA,NA,16,NA,NA,5,NA,2,NA,NA,NA,2,2,NA
cell_749,2,9,2,2,16,5,5,5,0,2,2,6,2,0,2,3
cell_750,2,9,2,2,16,5,5,5,4,2,2,6,2,0,2,3
cell_751,2,9,2,2,NA,5,5,NA,2,2,2,6,2,0,2,3
cell_752,NA,9,NA,2,16,5,5,NA,NA,2,NA,6,2,0,2,NA
cell_753,2,9,2,2,16,5,0,0,NA,NA,2,2,2,0,2,2
cell_754,2,NA,2,2,16,NA,0,NA,NA,2,2,2,2,NA,2,2
cell_755,2,NA,2,2,16,5,9,NA,2,2,0,2,2,0,2,2
cell_756,2,9,NA,2,NA,5,9,NA,2,2,NA,2,NA,5,2,2
cell_757,2,NA,2,2,16,5,0,10,0,2,0,3,2,NA,2,2
cell_758,2,9,2,2,16,5,0,10,0,2,0,NA,2,59,2,2
cell_759,NA,9,2,2,NA,5,0,0,0,NA,0,0,2,59,2,2
cell_760,2,9,NA,2,16,NA,0,0,0,2,2,0,2,NA,2,2
cell_761,NA,9,2,2,16,5,2,0,0,2,2,9,2,4,2,2
cell_762,2,9,NA,2,16,5,2,NA,0,2,2,9,2,NA,2,2
cell_763,NA,NA,2,2,16,5,2,NA,3,2,0,9,2,0,2,3
cell_764,2,9,NA,2,16,NA,NA,2,3,2,0,9,2,NA,2,NA
cell_765,2,9,2,2,NA,5,0,NA,NA,2,NA,2,2,0,NA,2
cell_766,2,9,2,2,16,5,0,0,NA,2,0,2,2,0,2,0
cell_767,2,NA,NA,2,NA,5,NA,0,0,2,0,0,2,0,NA,2
cell_768,2,9,2,2,16,5,0,0,0,2,3,0,2,0,NA,2
cell_769,3,NA,2,2,3,2,2,2,2,2,2,2,2,2,2,2
cell_770,3,9,NA,NA,3,NA,2,2,NA,2,NA,NA,NA,0,2,0
cell_771,3,NA,2,2,3,2,2,2,2,2,2,2,0,NA,0,NA
cell_772,3,9,2,2,NA,2,2,NA,2,2,2,2,0,0,2,0
cell_773,3,9,2,2,3,2,2,2,NA,2,0,2,14,2,2,NA
cell_774,3,9,2,2,3,2,2,2,NA,NA,0,2,0,2,0,2
cell_775,3,NA,NA,2,3,NA,2,NA,NA,NA,0,2,0,2,8,2
cell_776,NA,9,2,2,3,NA,2,2,0,NA,2,2,0,2,8,2
cell_777,NA,9,NA,2,3,NA,2,2,NA,2,0,2,2,2,0,NA
cell_778,3,NA,2,2,3,NA,2,2,NA,NA,0,NA,NA,NA,2,3
cell_779,3,9,2,2,3,2,2,2,2,2,0,2,0,2,0,3
cell_780,3,9,2,2,3,NA,2,2,2,2,NA,2,0,NA,NA,3
cell_781,NA,9,2,2,3,2,2,2,2,NA,3,2,NA,2,50,3
cell_782,3,9,2,NA,3,2,2,2,2,2,0,2,0,2,50,3
cell_783,3,9,NA,NA,3,2,2,2,NA,2,NA,NA,0,2,NA,0
cell_784,3,9,2,NA,3,2,2,2,2,2,0,2,0,2,50,0
cell_785,2,9,NA,NA,NA,NA,NA,NA,NA,NA,NA,NA,NA,NA,NA,NA
cell_786,2,9,2,2,NA,NA,NA,NA,NA,NA,NA,NA,NA,NA,NA,NA
cell_787,0,9,2,2,3,NA,NA,NA,NA,NA,NA,NA,NA,NA,NA,NA
cell_788,NA,9,2,2,3,NA,NA,NA,NA,NA,NA,NA,NA,NA,NA,NA
cell_789,0,9,2,NA,3,0,2,2,NA,NA,NA,NA,NA,NA,NA,0
cell_790,10,NA,2,2,3,2,2,2,NA,NA,NA,NA,NA,NA,2,0
cell_791,0,9,2,2,3,2,2,2,NA,NA,NA,NA,NA,NA,0,NA
cell_792,0,9,2,2,3,3,2,2,NA,NA,NA,NA,NA,NA,0,0
cell_793,2,9,2,2,3,2,2,2,0,2,0,2,0,2,64,2
cell_794,NA,9,2,2,3,2,NA,2,0,2,NA,2,0,2,64,NA
cell_795,2,NA,2,2,3,2,2,2,NA,NA,64,2,3,2,64,0
cell_796,2,9,NA,2,3,2,NA,2,2,2,NA,2,3,2,64,2
cell_797,0,9,2,NA,3,2,2,2,5,2,0,2,0,2,0,11
cell_798,NA,9,2,NA,3,2,2,NA,5,NA,0,NA,0,NA,0,NA
cell_799,NA,9,2,2,3,2,NA,NA,NA,2,0,2,NA,2,2,0
cell_800,2,9,2,2,NA,2,2,2,5,2,0,2,NA,2,2,0
cell_801,NA,9,2,2,3,NA,2,2,3,2,0,2,0,5,4,0
cell_802,2,NA,2,NA,3,0,NA,2,3,2,0,2,0,5,4,NA
cell_803,2,9,NA,2,3,0,2,2,NA,2,0,2,16,NA,4,0
cell_804,2,9,2,2,NA,2,2,2,3,2,0,2,16,5,4,0
cell_805,2,NA,2,2,3,5,2,NA,3,NA,0,2,2,2,4,0
cell_806,2,9,NA,2,3,0,NA,2,3,2,0,2,2,0,4,NA
cell_807,2,9,2,2,3,NA,2,2,3,2,0,2,2,0,4,NA
cell_808,2,9,2,2,3,2,2,2,3,2,NA,2,2,0,NA,0
cell_809,2,NA,2,2,3,NA,NA,2,NA,2,2,2,3,0,4,2
cell_810,2,9,2,NA,3,NA,2,2,2,2,0,2,3,0,4,2
cell_811,2,NA,NA,2,3,NA,2,NA,0,2,10,2,3,0,4,2
cell_812,NA,9,2,2,NA,0,NA,NA,0,2,10,2,3,0,4,3
cell_813,2,9,2,2,3,0,2,2,2,2,10,2,3,2,NA,0
cell_814,2,9,2,2,3,NA,2,2,2,2,10,2,3,NA,NA,NA
cell_815,2,NA,2,2,NA,0,NA,2,NA,2,0,NA,NA,0,4,0
cell_816,2,9,2,2,3,0,2,NA,2,2,0,2,NA,0,4,0
cell_817,2,9,NA,NA,3,50,2,2,0,2,0,NA,2,0,NA,0
cell_818,2,NA,2,2,3,50,NA,2,0,2,0,2,NA,0,NA,NA
cell_819,NA,NA,2,2,3,2,2,2,0,2,NA,2,2,0,4,3
cell_820,0,NA,NA,2,3,0,2,2,0,2,NA,2,2,0,4,3
cell_821,NA,9,2,2,3,3,NA,2,0,2,2,2,0,0,4,0
cell_822,0,9,2,2,3,3,NA,2,3,2,2,2,5,0,NA,0
cell_823,NA,9,NA,2,3,NA,2,2,2,2,2,NA,2,NA,4,0
cell_824,0,NA,2,2,3,3,2,2,0,2,2,2,2,0,4,0
cell_825,NA,NA,NA,NA,NA,NA,2,2,NA,2,0,NA,NA,NA,NA,20
cell_826,NA,NA,NA,NA,NA,NA,2,NA,2,2,0,2,5,NA,NA,20
cell_827,NA,NA,NA,NA,NA,NA,2,2,0,2,0,2,NA,0,4,20
cell_828,NA,NA,NA,NA,NA,NA,2,2,NA,NA,0,2,5,5,4,20
cell_829,NA,NA,NA,NA,NA,NA,NA,2,NA,2,NA,2,5,0,NA,20
cell_830,NA,NA,NA,NA,NA,NA,2,2,0,2,NA,2,5,0,4,20
cell_831,NA,NA,NA,NA,NA,NA,2,2,0,2,0,2,5,0,4,20
cell_832,NA,NA,NA,NA,NA,NA,2,2,NA,NA,0,2,NA,NA,NA,20
cell_833,0,9,2,2,3,NA,2,2,4,2,2,2,4,NA,2,2
cell_834,0,NA,2,2,3,0,2,2,4,2,2,2,4,0,2,2
cell_835,2,9,2,2,3,0,2,2,4,2,NA,2,4,0,2,2
cell_836,NA,9,2,2,3,2,2,2,4,2,2,2,4,0,2,2
cell_837,0,NA,2,2,3,NA,2,2,NA,2,NA,NA,4,NA,2,2
cell_838,5,NA,2,2,3,5,2,2,NA,2,2,2,4,2,2,2
cell_839,NA,NA,2,2,NA,NA,2,2,NA,2,2,2,4,2,NA,2
cell_840,3,9,2,2,NA,NA,NA,2,4,2,2,2,4,0,2,2
cell_841,0,9,2,2,3,2,2,2,4,2,2,2,4,2,2,2
cell_842,NA,9,2,2,3,0,2,NA,4,NA,2,2,NA,2,2,NA
cell_843,5,9,2,2,3,NA,2,NA,4,2,2,2,4,2,2,0
cell_844,0,9,2,2,3,0,2,2,4,2,2,2,4,2,NA,0
cell_845,NA,9,2,2,NA,2,2,2,4,2,2,2,NA,5,2,0
cell_846,0,9,NA,2,3,2,2,2,NA,2,2,NA,4,5,2,0
cell_847,NA,9,NA,2,NA,2,NA,2,4,2,2,2,NA,2,NA,3
cell_848,0,9,2,2,NA,2,2,2,4,2,2,2,NA,NA,2,NA
cell_849,2,9,NA,NA,3,NA,2,2,NA,2,2,NA,NA,2,2,2
cell_850,NA,NA,2,NA,3,NA,2,NA,4,2,2,2,4,2,2,5
cell_851,0,9,2,2,3,0,2,2,4,2,2,NA,4,2,2,NA
cell_852,0,NA,2,2,3,0,NA,2,NA,2,2,2,4,2,2,NA
cell_853,5,9,NA,NA,3,0,2,NA,4,2,2,2,4,2,NA,NA
cell_854,5,9,2,NA,NA,NA,2,NA,NA,2,2,2,4,NA,2,3
cell_855,3,9,2,2,3,0,2,2,4,2,2,2,4,2,2,0
cell_856,2,9,2,2,NA,0,2,2,4,2,2,NA,NA,2,2,NA
cell_857,NA,9,2,2,3,0,2,2,4,2,2,2,4,11,2,0
cell_858,2,NA,2,NA,NA,0,2,NA,4,2,2,2,4,11,0,5
cell_859,NA,9,2,2,3,0,2,2,4,NA,2,2,4,5,3,0
cell_860,2,9,NA,2,NA,3,NA,2,4,2,2,NA,4,0,3,0
cell_861,0,9,2,2,3,2,2,NA,NA,2,NA,NA,4,12,0,0
cell_862,0,NA,2,2,NA,2,2,2,4,2,2,2,4,12,0,NA
cell_863,3,9,2,2,3,2,NA,2,4,2,2,2,NA,0,0,0
cell_864,0,9,2,2,NA,NA,2,2,4,2,2,2,NA,NA,NA,0
cell_865,2,9,2,2,3,NA,2,2,4,2,2,NA,0,4,2,NA
cell_866,NA,9,2,2,3,2,NA,2,4,2,2,2,0,4,2,2
cell_867,2,9,2,NA,NA,NA,2,2,NA,2,2,2,11,4,NA,2
cell_868,2,9,2,NA,3,2,2,2,4,2,2,2,2,4,NA,2
cell_869,2,9,2,2,3,NA,NA,2,4,2,2,NA,2,NA,2,NA
cell_870,NA,9,NA,2,3,2,2,2,4,NA,2,NA,2,NA,2,2
cell_871,2,NA,2,2,3,2,2,2,4,2,2,2,2,4,2,2
cell_872,2,9,2,2,3,NA,NA,2,4,2,NA,NA,NA,4,2,2
cell_873,21,9,2,2,3,2,2,NA,4,2,2,2,0,NA,2,2
cell_874,21,9,2,2,3,2,2,2,NA,2,2,2,NA,4,2,NA
cell_875,21,9,NA,2,3,2,2,NA,4,2,2,NA,13,NA,2,NA
cell_876,NA,NA,2,2,3,2,2,2,NA,NA,NA,2,NA,4,2,NA
cell_877,0,NA,2,NA,3,2,2,2,4,2,2,2,5,4,2,2
cell_878,NA,9,2,2,3,NA,2,2,4,NA,2,2,2,NA,2,NA
cell_879,4,9,2,2,3,2,2,2,NA,2,2,2,2,4,NA,2
cell_880,0,9,2,2,NA,NA,2,NA,4,2,NA,2,2,4,2,2
cell_881,NA,9,2,2,NA,2,2,2,4,2,2,NA,2,0,2,NA
cell_882,NA,9,2,2,3,2,2,2,4,2,2,2,NA,0,2,2
cell_883,2,9,2,2,NA,2,NA,2,NA,2,2,2,NA,2,2,2
cell_884,2,9,2,2,3,2,2,NA,4,2,NA,NA,NA,0,2,2
cell_885,6,NA,NA,2,3,2,NA,2,4,2,2,2,0,0,2,2
cell_886,0,9,2,2,NA,2,NA,2,4,2,2,2,0,0,2,2
cell_887,0,9,2,2,3,2,NA,2,4,2,2,NA,0,NA,2,2
cell_888,0,9,NA,2,3,NA,NA,2,4,2,2,2,NA,0,2,2
cell_889,7,9,2,NA,3,2,2,2,4,NA,2,NA,0,0,NA,NA
cell_890,NA,NA,NA,2,3,2,2,NA,NA,NA,2,2,2,0,2,NA
cell_891,7,NA,2,NA,3,2,2,2,NA,2,NA,2,0,0,2,2
cell_892,NA,9,2,2,NA,2,NA,NA,4,2,2,2,0,0,NA,NA
cell_893,7,9,2,2,NA,2,2,2,4,NA,2,2,0,2,2,2
cell_894,7,NA,2,2,3,2,2,NA,4,2,2,2,NA,5,2,2
cell_895,7,9,2,2,NA,2,2,2,4,2,2,2,5,3,2,2
cell_896,7,9,NA,2,3,2,2,2,4,2,2,2,2,3,2,NA
cell_897,2,9,2,NA,3,2,NA,2,NA,2,15,5,2,2,3,12
cell_898,2,9,2,2,3,2,0,2,NA,2,15,5,NA,2,3,NA
cell_899,2,9,2,2,3,2,0,2,NA,2,15,5,2,2,3,12
cell_900,2,9,NA,2,3,2,NA,2,20,NA,15,NA,2,2,NA,12
cell_901,2,9,NA,NA,3,2,2,2,20,2,15,NA,2,5,3,12
cell_902,2,9,2,2,3,NA,2,NA,NA,2,NA,5,2,5,3,12
cell_903,2,NA,2,2,3,2,2,NA,20,2,15,5,2,5,3,NA
cell_904,2,9,2,NA,3,2,2,2,20,2,15,5,2,5,3,12
cell_905,0,9,2,2,3,2,0,2,20,NA,15,5,2,NA,NA,12
cell_906,2,9,2,2,3,2,0,2,NA,2,15,5,2,10,3,12
cell_907,0,NA,2,2,3,2,2,2,NA,2,15,5,2,10,3,12
cell_908,0,9,NA,NA,NA,2,2,2,20,2,15,5,2,NA,NA,12
cell_909,2,9,2,2,3,2,0,2,20,NA,15,5,NA,NA,3,NA
cell_910,2,9,2,2,3,NA,0,2,20,2,15,NA,2,10,NA,NA
cell_911,2,9,2,2,3,2,8,2,20,2,NA,5,2,10,3,12
cell_912,2,NA,NA,2,3,2,0,2,20,NA,15,NA,2,NA,3,12
cell_913,0,9,2,2,3,NA,2,2,20,2,15,5,NA,2,3,12
cell_914,0,9,2,NA,3,NA,2,2,20,2,15,5,2,NA,3,12
cell_915,NA,9,2,2,3,2,2,2,20,2,15,5,NA,2,NA,12
cell_916,0,9,2,2,NA,2,2,2,20,2,NA,5,2,2,3,12
cell_917,5,9,NA,2,3,2,0,2,20,NA,15,5,2,2,NA,12
cell_918,5,NA,2,2,3,2,0,2,20,NA,NA,5,2,2,3,12
cell_919,0,NA,2,2,3,2,NA,2,20,2,15,5,2,NA,3,12
cell_920,0,NA,2,NA,3,2,0,2,20,2,NA,5,2,NA,3,12
cell_921,31,9,2,NA,3,2,NA,2,20,2,15,5,2,16,3,12
cell_922,31,9,2,2,3,NA,NA,NA,NA,NA,15,5,2,NA,3,12
cell_923,31,9,2,2,3,2,0,2,NA,NA,15,5,2,NA,3,12
cell_924,31,9,2,2,3,2,5,2,20,2,15,5,2,0,3,12
cell_925,6,9,NA,2,3,2,2,2,NA,NA,15,5,2,0,3,12
cell_926,6,9,2,2,3,NA,2,2,20,NA,15,5,NA,0,3,12
cell_927,0,NA,2,2,3,2,12,2,20,NA,15,5,2,2,3,12
cell_928,0,9,NA,2,3,2,12,2,20,2,NA,5,2,2,3,12
cell_929,NA,NA,NA,NA,NA,NA,0,2,20,NA,15,5,2,11,3,6
cell_930,NA,NA,NA,NA,NA,NA,0,2,NA,2,15,5,2,NA,3,6
cell_931,NA,NA,NA,NA,NA,NA,0,2,20,2,15,5,2,NA,3,6
cell_932,NA,NA,NA,NA,NA,NA,NA,NA,20,NA,NA,5,2,11,NA,NA
cell_933,NA,NA,NA,NA,NA,NA,0,NA,20,2,15,5,2,11,3,6
cell_934,NA,NA,NA,NA,NA,NA,NA,2,20,2,15,5,2,11,NA,NA
cell_935,NA,NA,NA,NA,NA,NA,0,NA,20,2,15,5,2,11,3,6
cell_936,NA,NA,NA,NA,NA,NA,0,2,20,2,15,5,NA,11,NA,6
cell_937,NA,NA,NA,NA,NA,NA,2,2,20,2,NA,5,2,11,3,6
cell_938,NA,NA,NA,NA,NA,NA,0,2,NA,2,15,5,NA,11,3,6
cell_939,NA,NA,NA,NA,NA,NA,NA,2,NA,2,NA,5,2,11,3,6
cell_940,NA,NA,NA,NA,NA,NA,2,2,20,2,NA,5,2,NA,3,NA
cell_941,NA,NA,NA,NA,NA,NA,0,2,NA,NA,15,NA,2,11,3,6
cell_942,NA,NA,NA,NA,NA,NA,0,NA,20,2,15,NA,2,11,3,6
cell_943,NA,NA,NA,NA,NA,NA,15,2,20,2,15,5,2,11,3,6
cell_944,NA,NA,NA,NA,NA,NA,0,NA,NA,NA,NA,5,2,11,NA,NA
cell_945,NA,NA,2,2,3,0,NA,2,NA,2,NA,5,NA,11,3,6
cell_946,0,9,2,2,3,0,0,2,NA,2,15,NA,2,11,NA,NA
cell_947,NA,9,2,2,NA,NA,2,2,20,2,15,5,2,11,3,6
cell_948,0,9,2,2,NA,0,4,2,20,2,15,5,NA,NA,NA,6
cell_949,0,9,2,2,3,NA,0,2,20,NA,NA,5,2,11,3,6
cell_950,NA,9,2,2,3,NA,0,2,20,2,15,5,NA,11,3,NA
cell_951,0,9,2,2,3,3,2,2,20,2,15,5,NA,11,3,6
cell_952,0,9,2,2,3,NA,0,NA,20,2,15,5,NA,11,3,6
cell_953,0,9,2,2,3,5,0,2,20,2,15,5,2,NA,3,6
cell_954,0,9,2,2,NA,5,0,2,20,NA,15,5,2,11,NA,6
cell_955,NA,9,2,2,3,2,2,2,20,2,15,5,NA,NA,3,6
cell_956,0,NA,2,2,3,2,2,NA,20,2,15,5,2,11,3,6
cell_957,2,NA,2,2,3,2,0,2,20,2,15,NA,2,11,3,6
cell_958,2,9,2,2,3,0,NA,2,NA,2,NA,5,2,11,3,6
cell_959,NA,9,2,2,3,0,0,2,20,2,15,5,2,11,3,6
cell_960,0,9,2,NA,3,NA,NA,2,20,2,15,5,2,NA,3,6
cell_961,2,9,2,2,3,0,NA,2,2,NA,15,5,2,2,3,0
cell_962,NA,NA,NA,NA,3,0,2,2,2,2,15,5,2,2,3,0
cell_963,5,9,2,2,3,5,2,2,2,2,15,5,2,27,3,5
cell_964,5,9,NA,2,3,5,2,2,2,2,15,5,2,NA,NA,0
cell_965,2,9,2,NA,3,3,2,2,2,2,15,5,2,2,3,2
cell_966,2,9,2,2,3,NA,2,2,NA,2,NA,5,2,2,3,2
cell_967,2,9,2,2,3,NA,NA,NA,2,2,15,NA,2,0,3,2
cell_968,2,9,2,NA,3,NA,2,2,2,2,15,5,2,0,3,2
cell_969,0,NA,2,2,NA,5,2,NA,2,2,15,NA,2,0,NA,2
cell_970,0,9,2,2,3,5,2,2,2,2,15,5,2,2,3,2
cell_971,NA,9,2,2,3,5,2,2,2,2,15,NA,2,NA,NA,2
cell_972,2,9,2,2,3,5,2,2,2,2,15,5,2,NA,3,2
cell_973,0,9,2,2,3,3,2,2,2,2,15,NA,2,NA,NA,2
cell_974,0,NA,2,2,3,0,2,2,2,2,15,5,2,NA,NA,NA
cell_975,NA,9,2,NA,3,0,2,2,2,NA,15,5,2,NA,3,2
cell_976,0,NA,2,2,3,NA,2,2,2,2,15,NA,2,0,3,2
cell_977,0,NA,2,2,3,0,2,2,2,NA,15,5,0,0,3,NA
cell_978,0,NA,2,2,3,NA,2,2,2,2,15,5,0,0,3,3
cell_979,NA,NA,2,2,3,0,2,2,2,2,15,NA,2,0,3,3
cell_980,4,9,2,2,3,0,2,2,2,2,15,5,0,0,3,3
cell_981,2,9,2,2,3,NA,2,2,NA,2,15,5,NA,3,3,0
cell_982,0,9,2,2,3,NA,2,2,2,2,NA,NA,0,3,NA,0
cell_983,0,9,2,2,3,NA,2,2,2,2,15,NA,2,3,3,0
cell_984,0,9,NA,NA,3,0,2,2,2,2,15,5,2,NA,3,2
cell_985,0,9,2,2,3,24,2,2,2,2,15,5,NA,NA,3,5
cell_986,0,9,2,2,3,24,NA,2,2,2,15,NA,0,9,3,5
cell_987,2,9,NA,NA,3,10,NA,2,2,2,15,5,0,NA,3,0
cell_988,2,9,2,2,3,10,2,2,2,2,15,5,NA,9,3,3
cell_989,NA,9,NA,NA,3,3,2,2,2,2,15,5,2,NA,3,2
cell_990,3,9,2,2,3,3,2,2,NA,2,15,NA,2,0,3,5
cell_991,NA,9,2,2,3,3,2,2,2,2,15,5,NA,2,3,0
cell_992,2,9,2,2,NA,3,2,2,2,NA,NA,NA,NA,0,3,NA
cell_993,2,9,NA,2,3,3,0,NA,5,2,15,5,3,NA,3,0
cell_994,2,NA,2,2,3,3,10,2,5,2,NA,5,3,0,3,NA
cell_995,2,9,NA,NA,3,3,5,NA,5,2,15,5,3,0,NA,3
cell_996,2,NA,2,2,3,3,NA,2,5,NA,15,5,3,NA,3,NA
cell_997,2,9,2,2,3,3,7,2,5,NA,15,5,NA,2,3,2
cell_998,NA,9,2,2,3,3,7,2,5,2,NA,NA,NA,0,NA,2
cell_999,2,NA,2,2,3,3,0,NA,5,2,15,5,3,12,NA,2
cell_1000,2,NA,2,2,NA,3,NA,2,5,2,15,5,3,12,3,2
cell_1001,NA,9,NA,NA,3,11,2,2,5,NA,NA,5,3,2,3,2
cell_1002,2,9,2,2,3,NA,2,NA,5,2,15,5,3,2,3,2
cell_1003,NA,9,2,2,3,11,2,2,5,NA,15,NA,NA,NA,3,2
cell_1004,2,9,2,2,3,11,2,2,5,2,15,5,3,2,3,2
cell_1005,2,9,2,2,3,NA,2,2,5,2,15,5,3,NA,3,2
cell_1006,2,9,2,2,NA,11,2,2,NA,2,NA,5,3,5,3,2
cell_1007,2,9,2,2,3,11,0,2,NA,2,15,NA,3,NA,3,2
cell_1008,2,9,2,2,3,11,4,2,NA,2,NA,5,3,2,3,2
cell_1009,2,9,2,2,3,0,5,2,5,2,NA,NA,3,49,3,2
cell_1010,NA,9,2,2,NA,NA,5,2,5,NA,NA,5,3,49,3,2
cell_1011,2,9,2,2,3,2,5,2,5,NA,15,NA,3,49,3,2
cell_1012,2,9,2,NA,3,2,5,2,5,NA,NA,5,3,49,3,2
cell_1013,2,NA,NA,NA,NA,NA,5,2,5,NA,NA,5,3,49,3,2
cell_1014,2,9,2,NA,3,2,5,2,5,2,15,NA,NA,49,3,2
cell_1015,2,9,NA,NA,3,2,5,2,5,2,NA,5,3,49,3,2
cell_1016,2,9,2,2,NA,2,5,2,5,2,15,5,3,49,3,2
cell_1017,2,9,2,2,3,0,4,2,5,2,NA,5,3,49,NA,2
cell_1018,2,9,2,2,3,0,4,2,5,NA,15,5,NA,49,3,2
cell_1019,2,9,NA,2,3,NA,NA,NA,5,2,NA,5,3,NA,NA,2
cell_1020,2,9,NA,NA,3,2,NA,2,NA,2,15,NA,3,NA,NA,2
cell_1021,2,9,2,2,NA,2,4,2,5,2,15,NA,3,49,3,2
cell_1022,2,9,2,2,3,2,4,2,5,2,15,NA,3,49,NA,NA
cell_1023,2,9,2,2,3,0,4,2,5,2,15,5,3,49,3,2
cell_1024,2,9,2,2,3,2,4,2,5,2,15,5,3,49,NA,2
