cell_id,S1,S2,S3,S4,S5,S6,S7,S8,S9,S10,S11,S12
cell_1,4,37,-,2,-,9,2,2,-,-,2,3
cell_2,4,37,3,2,12,-,2,2,-,5,2,3
cell_3,4,37,-,2,-,-,-,2,5,5,2,3
cell_4,4,37,3,2,12,9,2,-,5,5,2,3
cell_5,4,-,3,2,12,9,2,2,5,5,-,3
cell_6,4,37,3,2,-,9,2,2,5,5,2,3
cell_7,4,37,-,2,12,9,-,-,5,5,2,3
cell_8,4,37,3,2,-,9,2,2,5,-,2,-
cell_9,4,37,3,-,12,9,2,2,5,5,3,-
cell_10,4,37,3,-,12,9,2,-,-,5,-,3
cell_11,4,37,3,0,-,9,2,2,5,5,-,-
cell_12,4,37,-,0,12,9,-,2,5,5,2,3
cell_13,4,37,3,-,12,9,2,2,5,5,2,3
cell_14,4,37,3,2,12,9,2,2,5,5,2,-
cell_15,4,37,3,2,-,9,2,2,5,5,2,3
cell_16,4,37,3,-,-,9,2,2,5,-,2,3
cell_17,4,37,3,-,12,9,2,-,5,-,4,3
cell_18,4,37,3,2,12,9,-,-,-,5,4,3
cell_19,4,37,3,2,12,9,-,-,5,5,4,3
cell_20,4,37,3,-,12,-,2,2,5,5,4,3
cell_21,4,37,3,0,12,9,2,2,5,5,4,-
cell_22,4,37,3,0,12,9,-,2,5,5,4,3
cell_23,4,37,3,2,12,9,2,2,5,5,-,3
cell_24,4,37,3,5,12,9,-,2,5,5,-,-
cell_25,4,37,3,5,12,9,2,-,-,-,4,3
cell_26,4,37,-,5,12,9,2,2,5,5,4,3
cell_27,4,37,3,5,-,9,2,2,5,5,4,3
cell_28,-,37,3,5,12,9,2,2,5,5,4,-
cell_29,4,37,3,5,12,9,2,2,5,-,-,-
cell_30,4,37,3,5,12,9,2,2,-,5,-,3
cell_31,-,37,3,-,12,9,2,2,5,-,4,3
cell_32,-,37,-,5,12,-,2,-,5,5,4,3
cell_33,4,-,-,3,-,9,2,2,-,5,0,3
cell_34,4,-,3,-,12,-,2,2,5,5,3,3
cell_35,-,3,3,3,12,-,2,2,5,5,-,-
cell_36,4,-,3,3,12,9,2,2,5,5,0,3
cell_37,4,3,3,3,12,9,2,-,5,-,2,3
cell_38,4,3,-,-,12,9,2,2,5,5,2,3
cell_39,-,3,-,-,12,9,-,2,5,5,2,3
cell_40,4,3,3,3,12,-,2,2,5,5,2,-
cell_41,4,0,-,0,12,-,2,2,5,5,0,3
cell_42,4,3,3,-,12,-,2,-,5,5,0,3
cell_43,4,-,-,0,12,9,2,2,5,5,0,3
cell_44,-,-,3,3,12,9,-,-,-,5,0,3
cell_45,4,0,-,11,-,9,2,2,5,5,2,3
cell_46,4,2,3,11,12,9,-,2,5,5,2,3
cell_47,4,2,3,20,-,9,2,-,-,-,0,3
cell_48,4,2,3,0,12,-,2,2,5,5,0,-
cell_49,4,0,3,6,12,9,2,2,-,5,0,3
cell_50,4,0,3,6,12,9,2,2,5,5,0,3
cell_51,-,0,3,6,12,9,2,2,-,5,5,3
cell_52,-,-,-,6,12,-,2,2,5,5,0,3
cell_53,4,3,-,2,-,9,2,-,-,5,-,3
cell_54,4,3,3,0,12,-,2,-,5,5,2,3
cell_55,4,2,3,0,-,9,2,2,5,5,-,3
cell_56,4,2,3,-,-,9,-,2,-,-,2,3
cell_57,4,0,3,0,12,-,2,2,5,-,0,3
cell_58,4,0,3,0,12,9,2,2,5,5,0,-
cell_59,4,12,3,0,12,9,-,2,5,5,2,3
cell_60,-,2,3,2,12,9,2,2,5,5,2,3
cell_61,4,6,3,3,-,9,2,-,5,5,-,3
cell_62,4,6,3,0,12,9,2,2,5,5,0,3
cell_63,-,-,-,0,12,9,2,2,5,-,0,3
cell_64,4,0,3,0,12,9,2,-,5,5,0,3
cell_65,4,2,3,2,12,9,-,-,5,5,29,-
cell_66,4,2,3,2,-,9,2,2,5,5,29,3
cell_67,4,2,3,2,12,9,-,2,5,5,2,-
cell_68,4,-,3,-,12,-,2,2,-,5,2,-
cell_69,4,2,-,2,12,9,2,2,5,-,0,3
cell_70,4,2,-,2,12,9,-,2,5,5,0,3
cell_71,-,2,-,-,12,9,2,2,5,5,3,-
cell_72,4,-,3,2,12,9,2,2,5,-,0,3
cell_73,4,2,3,2,12,-,2,2,-,-,0,3
cell_74,4,2,3,-,-,9,2,-,-,5,2,3
cell_75,4,2,3,2,12,9,2,2,5,-,0,3
cell_76,4,2,3,2,12,9,2,2,5,-,0,3
cell_77,4,-,-,-,12,-,-,-,5,5,2,3
cell_78,4,-,3,2,12,-,2,2,5,5,2,-
cell_79,-,2,3,2,12,9,2,2,5,5,0,3
cell_80,4,-,-,2,-,9,2,2,5,5,-,-
cell_81,4,2,3,2,12,9,2,-,5,5,-,-
cell_82,4,2,3,2,12,-,2,2,5,-,0,-
cell_83,4,2,3,2,12,9,2,2,5,5,3,0
cell_84,4,2,3,-,12,9,2,-,5,5,3,0
cell_85,4,2,3,-,12,-,2,-,5,-,0,2
cell_86,4,2,-,-,12,-,2,-,5,-,-,0
cell_87,4,2,3,2,12,9,2,2,5,5,-,0
cell_88,4,2,3,2,12,9,2,2,5,5,0,0
cell_89,4,2,3,2,-,-,2,2,-,5,0,0
cell_90,-,2,-,2,12,9,2,2,5,5,-,0
cell_91,4,2,3,2,12,9,2,-,5,5,0,0
cell_92,-,2,3,2,-,-,2,2,5,5,13,0
cell_93,4,2,3,-,-,9,-,2,5,5,-,0
cell_94,-,2,3,2,12,-,2,2,5,-,4,0
cell_95,4,2,3,2,12,-,2,2,5,5,4,9
cell_96,4,2,-,2,12,9,-,2,5,5,4,0
cell_97,-,2,3,4,12,9,2,2,5,5,0,0
cell_98,4,2,-,4,12,9,2,2,5,-,0,0
cell_99,4,2,3,4,12,-,2,2,5,5,2,0
cell_100,4,2,3,4,-,9,2,-,-,5,-,0
cell_101,4,2,3,4,12,9,2,2,-,5,0,-
cell_102,4,2,-,4,12,-,-,2,-,5,0,0
cell_103,4,2,-,4,12,9,2,2,5,5,0,-
cell_104,4,2,3,-,12,9,2,-,5,-,0,0
cell_105,4,2,3,4,12,9,2,2,5,5,0,2
cell_106,4,2,3,4,12,-,2,2,5,5,2,2
cell_107,-,2,-,4,12,9,2,2,5,5,0,2
cell_108,4,2,3,4,12,9,2,2,-,5,11,2
cell_109,4,2,3,4,12,9,2,2,-,5,0,-
cell_110,4,2,-,4,12,9,2,2,5,5,-,0
cell_111,-,2,-,4,12,9,2,2,5,-,2,2
cell_112,4,-,3,4,-,-,2,-,-,-,2,-
cell_113,-,-,3,4,-,9,-,2,-,5,0,0
cell_114,4,-,3,-,12,-,2,-,5,5,-,0
cell_115,4,2,3,4,12,-,-,2,-,-,-,2
cell_116,4,2,3,-,12,9,2,2,5,-,0,2
cell_117,-,2,3,0,12,9,2,-,5,-,2,0
cell_118,4,2,-,-,12,9,2,-,5,5,-,-
cell_119,4,2,3,0,12,-,2,-,-,5,0,2
cell_120,4,2,3,0,12,9,2,2,5,5,-,0
cell_121,4,2,3,0,-,9,2,2,5,-,2,0
cell_122,-,2,-,0,12,9,2,2,5,5,-,0
cell_123,4,2,-,0,-,9,2,2,5,5,-,2
cell_124,4,-,3,2,-,9,2,2,5,5,0,2
cell_125,4,2,3,5,12,9,2,2,5,5,2,0
cell_126,4,2,3,5,-,9,2,-,5,5,2,0
cell_127,4,2,3,5,12,9,2,2,-,5,-,-
cell_128,-,2,3,-,12,9,-,-,5,5,2,5
cell_129,-,5,3,-,12,-,2,2,5,5,5,2
cell_130,4,5,-,-,12,-,2,-,5,5,-,2
cell_131,4,-,3,-,12,9,2,2,5,5,-,2
cell_132,4,0,3,0,12,9,2,2,5,5,5,2
cell_133,4,3,3,3,12,-,2,2,-,5,5,2
cell_134,4,-,3,3,12,9,2,2,-,5,5,2
cell_135,-,-,3,0,12,-,2,-,5,5,5,-
cell_136,4,3,3,-,-,9,2,-,5,-,5,-
cell_137,4,5,3,2,12,9,2,2,5,5,5,2
cell_138,4,0,-,2,12,9,2,-,5,5,5,2
cell_139,4,7,-,5,-,9,2,2,5,5,5,-
cell_140,4,0,-,5,12,9,2,2,5,-,5,2
cell_141,-,0,3,3,-,-,2,2,5,5,5,2
cell_142,4,0,3,3,12,9,2,2,5,5,5,2
cell_143,-,0,-,3,12,-,-,2,5,5,5,2
cell_144,4,0,-,3,12,9,2,-,5,-,5,2
cell_145,-,0,3,2,-,9,2,2,5,5,5,2
cell_146,4,0,3,0,12,9,2,2,-,5,5,2
cell_147,4,0,3,0,-,9,2,2,5,5,5,2
cell_148,4,0,-,14,-,9,2,2,-,5,-,2
cell_149,4,5,-,5,12,9,2,2,5,5,-,2
cell_150,4,2,-,5,-,9,2,2,5,-,5,2
cell_151,-,2,3,5,12,9,2,-,-,5,-,2
cell_152,4,-,-,5,-,9,2,-,5,5,-,2
cell_153,4,2,3,-,-,9,2,2,5,5,5,2
cell_154,-,2,3,-,12,9,2,2,5,5,5,2
cell_155,4,2,3,3,-,-,-,2,5,5,-,-
cell_156,-,-,3,0,12,9,2,2,-,5,5,-
cell_157,4,2,3,4,12,-,-,-,5,5,-,2
cell_158,4,2,3,4,12,9,2,-,5,5,5,2
cell_159,4,2,3,-,12,9,2,2,5,5,5,-
cell_160,4,2,3,4,12,-,2,2,-,5,5,-
cell_161,4,-,-,3,12,-,2,-,5,5,5,2
cell_162,4,0,-,3,12,9,-,2,5,5,5,2
cell_163,-,2,-,3,12,9,2,2,5,5,-,2
cell_164,-,-,3,-,12,9,2,2,-,5,5,2
cell_165,4,0,3,3,12,9,2,2,5,-,5,2
cell_166,4,5,3,3,12,9,2,-,5,5,-,2
cell_167,4,-,3,3,12,9,2,2,5,-,5,2
cell_168,4,0,3,-,12,9,2,2,5,5,-,2
cell_169,4,-,-,3,-,9,2,2,-,0,5,2
cell_170,-,2,3,3,12,9,2,2,5,0,5,2
cell_171,4,2,3,3,12,9,2,2,5,0,5,2
cell_172,4,2,3,3,12,9,2,2,5,0,5,2
cell_173,4,-,3,3,12,9,-,2,5,0,5,2
cell_174,4,4,3,3,12,9,2,2,5,0,5,-
cell_175,4,2,-,3,-,9,2,2,5,0,5,2
cell_176,4,-,-,3,-,-,2,2,5,0,5,-
cell_177,-,2,-,-,12,9,2,2,5,8,-,2
cell_178,-,-,3,3,12,9,-,2,-,8,5,2
cell_179,-,2,-,3,12,-,2,2,-,8,5,2
cell_180,4,2,3,3,-,9,-,2,5,8,5,2
cell_181,4,0,3,3,12,9,2,2,5,8,-,-
cell_182,4,0,3,3,-,9,-,2,5,-,5,2
cell_183,4,0,3,3,12,9,2,-,5,8,5,2
cell_184,4,0,-,3,12,9,2,2,5,8,5,2
cell_185,4,0,3,3,12,9,2,2,-,8,5,2
cell_186,-,0,3,3,12,9,2,2,5,8,5,2
cell_187,-,0,3,3,-,9,2,2,5,8,-,2
cell_188,4,0,3,3,12,9,2,-,5,8,5,2
cell_189,4,0,3,-,12,9,2,2,5,-,-,2
cell_190,4,0,3,3,-,9,2,-,-,-,-,2
cell_191,-,5,3,3,-,9,2,2,5,8,5,2
cell_192,-,3,3,3,-,-,2,2,5,-,5,-
cell_193,4,2,3,2,12,9,2,2,5,0,5,-
cell_194,-,2,3,-,12,9,-,-,5,0,5,2
cell_195,4,2,3,2,-,-,2,2,5,-,5,2
cell_196,4,2,3,2,-,-,2,2,-,-,5,2
cell_197,4,2,3,2,12,9,2,2,5,27,5,2
cell_198,-,2,3,2,12,-,2,-,5,27,5,2
cell_199,-,2,3,2,12,9,2,2,5,0,5,-
cell_200,4,2,3,2,12,9,2,2,5,0,5,-
cell_201,-,2,3,2,12,9,2,2,5,5,5,2
cell_202,4,-,3,-,12,9,2,2,5,5,5,2
cell_203,4,2,3,-,12,9,-,2,5,5,5,2
cell_204,-,2,3,2,12,9,2,2,5,5,5,2
cell_205,4,2,3,2,12,-,-,2,5,-,5,-
cell_206,-,2,-,-,12,9,-,2,-,5,5,2
cell_207,4,2,3,-,-,9,2,2,5,5,5,2
cell_208,4,-,3,2,12,9,-,2,5,-,5,-
cell_209,4,2,3,2,12,9,2,2,5,3,5,2
cell_210,-,2,3,2,-,9,2,2,5,3,5,2
cell_211,4,2,-,-,12,-,2,-,5,-,5,2
cell_212,-,2,3,2,12,9,2,2,-,0,-,-
cell_213,4,-,3,2,12,9,2,2,5,-,5,2
cell_214,4,-,3,-,12,-,2,2,-,2,-,2
cell_215,4,2,3,2,-,9,-,2,5,2,5,2
cell_216,4,2,-,2,12,9,2,2,-,2,5,2
cell_217,4,2,3,2,-,9,2,2,5,2,5,2
cell_218,4,2,3,2,12,9,2,2,-,2,-,2
cell_219,4,-,3,2,12,9,2,2,-,2,5,-
cell_220,4,2,-,2,-,9,2,2,5,2,5,2
cell_221,4,2,3,2,12,9,2,2,5,0,-,2
cell_222,4,2,-,-,12,9,-,2,-,2,-,2
cell_223,4,2,3,2,12,9,2,2,5,0,5,2
cell_224,4,2,3,-,12,9,2,2,5,-,-,2
cell_225,4,2,-,2,12,-,2,2,5,9,5,2
cell_226,4,-,3,2,12,-,-,2,5,-,5,2
cell_227,-,2,-,2,12,9,2,2,5,-,5,2
cell_228,4,-,3,-,-,9,2,2,5,9,5,-
cell_229,4,2,3,-,12,9,2,2,5,9,5,2
cell_230,4,-,3,2,-,9,-,-,5,9,5,2
cell_231,-,2,3,2,12,9,2,2,5,9,5,2
cell_232,4,2,3,2,12,-,2,-,5,9,5,-
cell_233,4,2,3,2,-,-,2,2,5,0,-,2
cell_234,-,2,-,2,-,9,2,2,-,0,5,2
cell_235,4,2,3,2,12,9,2,2,-,0,5,2
cell_236,4,2,3,-,12,9,2,2,5,-,5,2
cell_237,4,-,-,2,12,9,2,2,5,0,5,2
cell_238,4,2,3,2,12,9,2,2,5,2,-,2
cell_239,4,2,3,2,-,9,2,-,5,0,5,2
cell_240,4,2,3,-,12,9,-,2,5,0,5,2
cell_241,4,2,3,2,12,-,2,2,5,0,5,2
cell_242,4,2,3,2,12,9,2,2,5,0,5,-
cell_243,-,-,3,2,-,-,2,2,5,2,5,2
cell_244,4,2,-,2,-,9,2,2,5,0,5,2
cell_245,4,2,3,2,12,9,2,-,-,-,5,2
cell_246,4,2,3,2,12,9,2,2,-,0,5,2
cell_247,4,2,-,2,12,-,2,2,5,-,-,-
cell_248,4,2,3,2,12,-,2,2,5,0,5,2
cell_249,-,2,3,-,-,-,2,2,5,-,5,2
cell_250,-,2,3,2,12,9,2,2,-,2,-,2
cell_251,4,2,3,-,12,9,2,2,5,2,5,2
cell_252,4,2,3,2,12,9,-,2,-,2,-,2
cell_253,4,-,-,2,12,-,-,2,5,-,5,2
cell_254,4,2,-,2,12,-,2,2,5,2,5,2
cell_255,4,-,-,2,12,9,2,2,5,0,5,2
cell_256,-,2,3,2,-,-,2,2,5,0,5,2
cell_257,11,2,3,2,12,5,2,2,-,7,2,2
cell_258,2,2,3,2,12,5,-,2,2,-,2,2
cell_259,-,2,3,2,-,5,-,2,2,7,2,2
cell_260,0,2,-,2,12,5,2,2,2,7,2,2
cell_261,0,2,3,0,-,-,-,2,2,7,3,-
cell_262,0,2,3,0,12,5,2,2,2,7,3,2
cell_263,-,2,3,0,-,-,2,-,2,7,0,2
cell_264,0,2,3,5,-,5,2,2,2,7,0,2
cell_265,0,2,3,8,12,-,2,2,2,7,0,2
cell_266,0,2,-,8,12,5,-,2,2,7,3,2
cell_267,2,2,3,8,12,5,2,2,2,7,-,2
cell_268,2,2,-,8,12,-,2,2,-,7,2,2
cell_269,2,2,3,2,12,5,2,2,2,-,15,2
cell_270,2,2,3,-,12,5,2,2,-,7,15,2
cell_271,0,2,-,0,12,5,-,2,2,-,-,2
cell_272,0,-,-,-,-,5,2,2,2,-,0,2
cell_273,5,2,3,0,12,5,2,2,2,7,4,2
cell_274,5,2,3,3,12,-,2,2,2,7,4,2
cell_275,0,2,3,0,12,5,-,-,2,7,4,-
cell_276,0,2,3,0,12,5,-,-,-,7,4,2
cell_277,2,2,-,12,12,5,2,2,2,7,4,2
cell_278,0,-,3,0,12,5,2,2,2,7,-,2
cell_279,0,2,3,-,12,5,2,2,2,7,4,2
cell_280,0,2,3,0,12,-,2,2,2,-,4,2
cell_281,2,2,-,-,12,5,-,2,2,7,-,2
cell_282,2,2,3,-,12,5,2,2,2,-,3,2
cell_283,2,-,3,2,12,5,2,2,2,7,3,-
cell_284,2,2,3,2,-,-,2,-,-,7,3,2
cell_285,2,-,-,2,12,5,2,2,-,7,59,2
cell_286,2,2,3,2,12,5,2,2,2,7,59,2
cell_287,2,2,3,2,12,5,-,2,2,-,3,-
cell_288,2,2,3,2,12,5,2,2,-,7,3,2
cell_289,2,2,3,5,12,5,2,2,2,-,0,-
cell_290,2,2,3,5,12,5,-,2,2,7,0,2
cell_291,2,2,3,5,12,5,2,2,2,-,-,2
cell_292,2,2,3,-,12,5,2,-,2,-,-,-
cell_293,-,2,-,-,12,5,-,-,2,-,2,-
cell_294,-,2,3,5,12,5,2,2,2,7,2,2
cell_295,2,2,3,5,12,5,2,2,2,7,2,2
cell_296,2,2,-,5,12,5,2,2,-,7,-,2
cell_297,0,2,3,-,12,-,2,2,2,7,5,2
cell_298,-,2,-,5,12,5,2,2,2,7,-,2
cell_299,2,2,-,5,12,5,-,2,2,-,5,2
cell_300,0,2,-,5,12,5,-,-,-,-,5,2
cell_301,2,2,3,-,12,5,2,2,-,7,-,2
cell_302,2,2,3,5,12,-,2,2,2,-,-,2
cell_303,0,2,3,5,12,-,2,2,-,7,0,-
cell_304,2,2,3,-,12,5,2,-,2,7,0,2
cell_305,-,2,3,5,-,-,-,2,2,7,15,-
cell_306,2,2,3,5,12,5,2,2,2,7,15,2
cell_307,2,2,3,5,-,5,2,2,2,7,15,2
cell_308,2,2,3,-,12,-,2,2,-,7,15,2
cell_309,-,2,-,5,12,5,2,2,2,7,15,2
cell_310,-,2,3,5,12,5,2,-,2,7,15,2
cell_311,2,2,-,5,12,5,2,2,2,-,15,2
cell_312,8,2,3,5,12,5,2,2,2,-,15,2
cell_313,0,2,3,5,12,5,2,2,2,7,-,2
cell_314,-,2,3,5,12,-,-,2,-,7,15,-
cell_315,2,2,3,5,12,5,2,-,2,-,15,2
cell_316,0,-,3,-,12,5,2,2,-,7,15,-
cell_317,-,2,3,5,12,5,2,2,2,7,15,-
cell_318,2,2,3,-,-,5,2,2,-,7,15,2
cell_319,3,2,-,-,12,-,2,2,2,-,15,2
cell_320,0,2,3,5,-,5,2,2,2,7,15,2
cell_321,73,2,3,8,12,0,-,2,-,7,0,-
cell_322,73,2,3,8,12,12,2,2,2,-,2,-
cell_323,73,-,3,8,12,0,2,2,2,7,0,2
cell_324,73,2,3,8,12,0,2,2,2,7,0,-
cell_325,73,2,-,8,12,3,2,2,2,7,4,2
cell_326,73,2,3,8,12,-,2,-,2,7,4,2
cell_327,73,2,3,8,12,-,2,2,2,7,4,2
cell_328,73,2,3,-,-,3,2,2,2,7,4,2
cell_329,73,-,3,3,12,0,2,2,-,-,8,-
cell_330,-,2,3,3,12,-,2,-,2,7,8,2
cell_331,73,2,3,0,12,0,2,2,-,7,-,2
cell_332,-,2,3,-,12,0,2,2,2,7,0,-
cell_333,73,2,3,2,12,0,2,-,2,7,-,2
cell_334,73,-,3,-,12,0,2,2,2,-,0,2
cell_335,73,-,3,0,12,3,-,2,2,7,2,2
cell_336,73,2,3,-,12,0,2,-,2,7,2,2
cell_337,0,2,3,0,12,2,-,2,2,7,2,-
cell_338,0,2,3,0,-,0,2,2,2,7,-,2
cell_339,0,2,3,7,12,39,2,2,2,7,2,2
cell_340,2,2,3,-,12,39,2,2,-,7,2,2
cell_341,0,2,3,2,12,0,2,2,2,7,2,2
cell_342,0,2,3,2,12,2,-,2,2,7,2,2
cell_343,5,-,3,2,12,12,2,-,2,7,2,2
cell_344,5,2,3,2,-,12,-,-,2,7,2,2
cell_345,2,2,3,0,12,2,2,2,2,7,2,-
cell_346,2,2,3,-,12,2,2,-,2,7,2,2
cell_347,0,2,3,2,12,-,2,-,-,-,2,-
cell_348,2,2,-,-,12,-,2,2,-,7,2,2
cell_349,2,2,3,0,12,2,-,2,2,7,2,2
cell_350,0,-,3,-,-,2,2,-,-,7,2,2
cell_351,0,2,-,2,-,2,2,-,2,7,2,2
cell_352,2,2,-,2,-,-,2,2,-,7,2,2
cell_353,-,-,-,-,-,-,-,-,-,-,-,2
cell_354,-,-,-,-,-,-,-,-,-,-,-,2
cell_355,-,-,-,-,-,-,-,-,-,-,-,2
cell_356,-,-,-,-,-,-,-,-,-,-,-,2
cell_357,-,-,-,-,-,-,-,-,-,-,-,2
cell_358,-,-,-,-,-,-,-,-,-,-,-,2
cell_359,-,-,-,-,-,-,-,-,-,-,-,2
cell_360,-,-,-,-,-,-,-,-,-,-,-,2
cell_361,-,-,-,-,-,-,-,-,-,-,-,2
cell_362,-,-,-,-,-,-,-,-,-,-,-,2
cell_363,-,-,-,-,-,-,-,-,-,-,-,2
cell_364,-,-,-,-,-,-,-,-,-,-,-,2
cell_365,-,-,-,-,-,-,-,-,-,-,-,2
cell_366,-,-,-,-,-,-,-,-,-,-,-,2
cell_367,-,-,-,-,-,-,-,-,-,-,-,2
cell_368,-,-,-,-,-,-,-,-,-,-,-,2
cell_369,-,-,-,-,-,-,-,-,-,-,-,2
cell_370,-,-,-,-,-,-,-,-,-,-,-,2
cell_371,-,-,-,-,-,-,-,-,-,-,-,2
cell_372,-,-,-,-,-,-,-,-,-,-,-,-
cell_373,-,-,-,-,-,-,-,-,-,-,-,2
cell_374,-,-,-,-,-,-,-,-,-,-,-,2
cell_375,-,-,-,-,-,-,-,-,-,-,-,2
cell_376,-,-,-,-,-,-,-,-,-,-,-,2
cell_377,-,-,-,-,-,-,-,-,-,-,-,2
cell_378,-,-,-,-,-,-,-,-,-,-,-,2
cell_379,-,-,-,-,-,-,-,-,-,-,-,2
cell_380,-,-,-,-,-,-,-,-,-,-,-,2
cell_381,-,-,-,-,-,-,-,-,-,-,-,2
cell_382,-,-,-,-,-,-,-,-,-,-,-,2
cell_383,-,-,-,-,-,-,-,-,-,-,-,-
cell_384,-,-,-,-,-,-,-,-,-,-,-,2
cell_385,2,2,3,2,-,0,2,2,-,-,0,-
cell_386,2,2,3,-,12,0,2,2,2,5,0,2
cell_387,2,2,-,2,12,0,2,-,2,5,8,2
cell_388,2,-,3,-,12,0,-,2,-,5,-,2
cell_389,2,-,3,-,12,2,2,2,-,-,3,2
cell_390,-,2,3,2,12,2,2,2,2,5,3,2
cell_391,2,2,3,-,12,2,2,2,2,5,-,2
cell_392,2,2,-,-,12,2,2,2,2,5,3,2
cell_393,-,2,3,2,12,0,2,2,2,-,4,-
cell_394,2,2,3,2,12,0,-,2,2,5,4,2
cell_395,2,2,3,2,-,0,2,-,2,5,0,2
cell_396,2,2,3,2,12,-,2,2,2,5,-,2
cell_397,2,2,3,2,12,10,2,2,2,5,0,-
cell_398,-,2,3,2,12,-,2,-,2,5,2,2
cell_399,-,-,3,2,12,0,2,2,2,5,-,2
cell_400,2,2,3,2,12,0,-,2,-,5,2,2
cell_401,2,2,3,2,12,5,2,-,-,-,8,-
cell_402,2,2,-,2,12,-,2,2,2,5,8,2
cell_403,2,2,3,2,12,4,-,-,2,5,8,2
cell_404,2,2,-,2,-,-,-,2,-,5,8,2
cell_405,2,2,3,2,-,5,-,2,2,5,-,-
cell_406,2,2,3,2,12,5,2,2,2,5,2,-
cell_407,2,2,3,2,12,0,2,-,2,-,2,2
cell_408,2,2,3,2,12,-,2,2,2,5,-,2
cell_409,2,2,3,-,12,0,2,2,2,5,-,2
cell_410,2,-,-,2,12,0,2,2,-,5,0,2
cell_411,2,2,3,2,12,0,-,2,2,5,2,2
cell_412,2,2,3,2,12,-,-,2,2,5,2,-
cell_413,-,2,3,-,12,-,2,2,2,5,0,2
cell_414,-,-,3,2,12,2,2,2,2,5,0,2
cell_415,2,2,3,2,12,2,2,-,2,-,-,2
cell_416,2,-,3,2,12,2,2,2,2,-,0,2
cell_417,2,2,-,-,12,-,2,2,2,5,3,2
cell_418,2,2,3,11,12,0,2,2,2,0,-,-
cell_419,2,2,3,0,12,0,2,2,2,0,3,2
cell_420,2,2,3,3,12,4,2,-,2,0,3,-
cell_421,2,2,3,4,12,0,-,2,2,-,3,2
cell_422,2,-,3,4,12,-,2,2,2,0,3,2
cell_423,-,2,3,-,12,2,2,2,2,0,-,2
cell_424,2,2,-,6,12,-,2,2,2,0,3,2
cell_425,2,2,-,0,-,2,2,-,2,0,2,-
cell_426,2,2,3,-,12,-,2,-,2,0,2,2
cell_427,2,2,3,0,-,0,2,2,2,-,2,2
cell_428,2,2,3,0,-,0,-,2,-,-,2,-
cell_429,-,-,-,2,12,-,2,-,2,15,2,2
cell_430,2,2,3,2,12,5,2,-,2,-,2,-
cell_431,-,2,3,2,12,-,2,2,-,3,2,2
cell_432,2,2,3,-,-,0,2,2,2,0,-,2
cell_433,2,2,3,0,12,61,2,2,-,2,0,2
cell_434,2,2,3,0,12,61,2,2,2,2,-,2
cell_435,2,2,3,-,12,61,2,2,2,0,0,2
cell_436,2,2,-,0,12,61,2,2,2,0,3,2
cell_437,-,2,3,0,12,61,2,2,2,0,0,2
cell_438,-,2,3,0,12,61,2,2,-,0,-,2
cell_439,2,2,3,2,12,-,2,-,2,0,0,2
cell_440,2,2,-,0,12,61,2,2,2,0,6,2
cell_441,2,2,-,0,12,61,2,-,2,0,0,2
cell_442,2,2,3,9,-,61,2,2,2,0,-,2
cell_443,2,-,3,5,12,61,2,2,-,12,0,2
cell_444,2,2,-,5,-,61,2,2,2,0,-,2
cell_445,2,2,3,2,-,61,2,2,2,2,0,2
cell_446,2,-,3,2,12,61,2,2,2,-,3,2
cell_447,2,2,3,2,-,61,2,-,2,0,93,-
cell_448,-,2,-,-,12,61,2,2,2,2,0,2
cell_449,2,2,-,0,12,5,-,2,2,2,0,2
cell_450,2,2,3,0,12,-,2,2,2,2,4,2
cell_451,-,-,3,6,12,5,2,2,-,0,0,2
cell_452,2,2,3,6,12,5,2,2,2,0,2,2
cell_453,2,2,3,-,12,5,2,2,2,0,8,2
cell_454,2,2,3,0,-,-,2,2,-,-,-,2
cell_455,2,2,-,2,12,5,-,2,-,0,0,-
cell_456,2,2,3,2,12,5,2,2,2,0,0,-
cell_457,2,2,3,0,12,5,2,-,2,2,0,-
cell_458,2,-,3,2,12,5,-,2,-,0,0,2
cell_459,2,2,3,-,12,5,2,2,-,0,0,2
cell_460,2,2,3,2,12,-,-,-,2,2,0,2
cell_461,2,-,3,0,12,5,2,2,2,0,2,2
cell_462,2,-,3,0,12,5,2,2,2,0,-,2
cell_463,2,-,3,-,12,5,-,2,2,8,-,2
cell_464,2,2,-,-,12,5,2,2,-,8,2,-
cell_465,2,2,-,-,12,-,2,-,2,-,2,2
cell_466,2,2,3,3,-,5,2,2,2,0,-,2
cell_467,2,2,3,3,12,5,-,2,2,5,5,2
cell_468,2,2,3,-,12,-,2,2,2,-,-,2
cell_469,2,2,3,2,-,-,2,2,2,2,0,-
cell_470,2,2,3,-,12,-,2,-,2,0,0,2
cell_471,2,2,3,-,-,5,-,2,-,-,2,-
cell_472,2,2,-,-,12,-,2,-,2,2,2,2
cell_473,2,2,3,2,12,-,-,2,2,30,-,2
cell_474,2,2,3,-,12,5,2,2,2,30,0,2
cell_475,2,2,3,5,12,5,2,2,-,0,0,2
cell_476,2,2,3,0,12,5,-,2,-,0,0,-
cell_477,2,2,-,-,12,-,2,2,2,-,0,2
cell_478,2,2,3,7,12,5,2,2,2,2,-,2
cell_479,2,2,-,2,12,5,2,2,2,2,3,2
cell_480,2,2,3,2,-,5,2,2,2,16,3,2
cell_481,2,-,3,4,12,5,-,-,2,-,0,2
cell_482,2,2,3,4,-,5,2,2,2,2,0,2
cell_483,2,2,-,4,12,5,2,2,2,2,0,-
cell_484,2,-,3,4,12,-,2,2,2,2,0,2
cell_485,0,-,3,3,12,5,-,2,2,2,0,2
cell_486,0,2,3,2,12,5,-,2,2,-,2,2
cell_487,0,2,3,2,12,5,2,-,-,2,0,2
cell_488,2,-,3,0,12,-,2,-,2,-,0,2
cell_489,-,2,3,2,-,5,2,2,-,2,-,2
cell_490,0,-,3,-,12,5,2,2,2,2,2,2
cell_491,-,-,3,2,12,5,2,2,2,2,-,2
cell_492,2,-,-,2,12,5,2,-,2,2,2,2
cell_493,0,2,-,2,12,5,2,2,2,2,0,2
cell_494,0,2,3,2,12,5,2,2,2,2,-,2
cell_495,0,-,3,-,12,5,2,-,-,2,2,2
cell_496,0,2,-,2,12,-,2,2,2,-,0,-
cell_497,3,2,-,5,12,5,2,2,2,-,5,-
cell_498,3,-,3,5,12,-,2,2,2,2,5,2
cell_499,3,2,3,5,-,-,2,-,-,-,5,-
cell_500,3,2,3,-,12,-,2,2,2,2,-,2
cell_501,3,2,-,5,12,5,2,2,-,-,5,2
cell_502,-,2,3,5,12,5,2,2,2,-,5,2
cell_503,-,2,-,5,12,5,2,2,-,2,5,2
cell_504,3,2,3,5,12,5,2,2,2,2,5,2
cell_505,3,-,3,0,12,5,2,2,2,-,-,2
cell_506,3,2,3,0,12,-,-,-,2,2,2,2
cell_507,3,-,-,-,12,5,2,2,2,2,2,2
cell_508,3,2,3,0,-,5,2,2,2,-,2,2
cell_509,3,-,-,-,12,5,2,2,-,2,2,2
cell_510,3,2,3,0,-,5,2,2,-,2,2,2
cell_511,3,2,3,2,12,5,2,2,2,2,0,2
cell_512,3,2,3,0,12,5,2,2,-,2,-,2
cell_513,10,2,3,2,3,0,-,2,5,-,-,33
cell_514,10,-,3,-,3,0,2,2,5,-,-,33
cell_515,10,2,3,-,3,-,2,2,5,-,-,33
cell_516,10,2,3,2,3,0,2,-,5,-,-,33
cell_517,10,-,0,2,3,-,2,-,0,-,-,-
cell_518,10,2,0,2,3,5,2,2,0,-,-,33
cell_519,10,2,0,2,-,0,2,2,0,-,-,33
cell_520,10,2,0,2,3,0,2,2,15,-,-,33
cell_521,10,-,-,2,3,0,2,2,0,-,-,0
cell_522,10,2,2,2,3,-,-,-,0,-,-,0
cell_523,-,2,2,2,-,5,2,2,-,-,-,3
cell_524,10,2,-,2,-,-,2,-,-,-,-,0
cell_525,-,2,4,2,3,0,2,-,0,-,-,2
cell_526,-,2,4,2,3,0,2,-,-,-,-,-
cell_527,10,2,-,2,3,0,-,-,-,-,-,0
cell_528,10,-,0,-,3,2,2,2,0,-,-,2
cell_529,10,-,0,-,3,2,-,2,3,-,-,7
cell_530,10,2,0,2,3,0,2,2,0,-,-,7
cell_531,-,2,-,2,3,5,2,2,0,-,-,7
cell_532,10,2,2,-,3,5,-,-,0,-,-,-
cell_533,10,2,0,2,3,-,2,2,4,-,-,7
cell_534,10,2,0,2,-,-,2,2,4,-,-,7
cell_535,10,2,0,2,3,2,-,-,2,-,-,7
cell_536,10,2,0,2,-,-,-,2,-,-,-,7
cell_537,-,2,0,2,3,0,-,2,5,-,-,0
cell_538,10,-,-,2,3,0,2,2,5,-,-,0
cell_539,-,2,0,2,3,0,2,2,5,-,-,0
cell_540,10,2,0,2,3,0,2,2,-,-,-,0
cell_541,-,2,0,2,3,5,2,2,0,-,-,4
cell_542,10,2,0,2,3,-,2,2,0,-,-,4
cell_543,10,2,0,2,3,5,2,2,-,-,-,4
cell_544,10,2,0,2,3,5,2,2,0,-,-,4
cell_545,-,-,-,-,3,9,2,-,-,-,-,42
cell_546,10,2,5,2,3,9,2,2,3,-,-,42
cell_547,-,2,5,2,3,9,2,2,3,-,-,42
cell_548,10,2,5,2,3,9,2,2,3,-,-,-
cell_549,10,-,0,-,3,9,2,2,3,-,-,-
cell_550,10,2,0,2,3,9,2,2,3,-,-,-
cell_551,10,-,2,-,3,-,-,2,3,-,-,42
cell_552,-,2,-,2,3,-,2,2,3,-,-,42
cell_553,-,2,5,2,3,-,2,2,-,-,-,-
cell_554,10,-,5,2,3,9,2,2,3,-,-,42
cell_555,10,2,5,2,3,9,2,2,3,-,-,-
cell_556,10,2,5,2,3,9,2,2,-,-,-,-
cell_557,-,-,5,2,3,9,2,2,3,-,-,42
cell_558,10,2,-,2,3,9,2,2,3,-,-,42
cell_559,10,2,-,2,3,9,2,2,3,-,-,42
cell_560,10,-,5,-,3,-,-,2,3,-,-,42
cell_561,-,2,66,2,3,5,2,2,3,-,-,42
cell_562,10,2,66,2,3,5,2,2,3,-,-,-
cell_563,-,2,2,2,3,5,2,2,-,-,-,42
cell_564,10,2,0,2,3,-,-,2,3,-,-,42
cell_565,-,2,0,-,3,-,2,2,3,-,-,42
cell_566,-,-,-,2,3,5,2,2,3,-,-,42
cell_567,-,2,5,2,3,5,2,-,-,-,-,42
cell_568,10,2,21,2,3,5,-,-,3,-,-,42
cell_569,10,-,0,2,3,-,2,2,3,-,-,42
cell_570,-,-,0,2,3,5,-,-,3,-,-,42
cell_571,-,2,2,-,-,5,2,2,3,-,-,42
cell_572,10,2,-,2,3,5,2,2,3,-,-,42
cell_573,10,2,0,2,3,5,2,2,3,-,-,42
cell_574,-,2,0,-,3,5,2,2,3,-,-,-
cell_575,10,2,2,2,3,5,2,2,-,-,-,42
cell_576,-,2,2,2,3,-,2,2,3,-,-,42
cell_577,-,2,0,2,3,2,-,2,2,-,-,2
cell_578,2,2,0,-,3,2,2,2,2,-,-,2
cell_579,0,-,3,2,3,2,2,2,2,-,-,2
cell_580,-,2,3,2,-,2,-,2,2,-,-,2
cell_581,-,-,-,-,-,-,-,-,-,-,-,2
cell_582,0,2,0,2,3,2,2,2,0,-,-,-
cell_583,0,2,-,2,3,2,-,-,0,-,-,2
cell_584,0,2,2,2,-,2,-,2,5,-,-,-
cell_585,0,2,0,-,3,2,-,-,2,-,-,2
cell_586,10,2,0,2,3,2,2,2,2,-,-,-
cell_587,-,2,0,2,3,2,2,2,2,-,-,2
cell_588,0,-,2,2,-,-,2,2,2,-,-,2
cell_589,0,2,0,2,3,2,2,2,2,-,-,2
cell_590,0,2,0,2,3,2,2,2,2,-,-,2
cell_591,0,2,0,2,3,2,2,2,2,-,-,-
cell_592,0,2,0,-,3,2,2,2,2,-,-,2
cell_593,-,2,0,2,-,2,-,2,8,-,-,2
cell_594,5,2,0,2,3,2,2,2,-,-,-,2
cell_595,5,2,2,2,-,2,2,2,2,-,-,2
cell_596,5,2,-,2,3,2,2,2,2,-,-,2
cell_597,0,2,0,2,3,2,2,2,0,-,-,2
cell_598,-,2,0,2,-,2,2,2,2,-,-,2
cell_599,0,2,0,2,3,-,2,2,-,-,-,2
cell_600,-,2,-,2,3,2,2,2,27,-,-,2
cell_601,-,2,2,2,3,2,2,2,-,-,-,2
cell_602,2,-,2,2,3,2,2,-,0,-,-,2
cell_603,-,2,0,2,-,2,2,2,3,-,-,2
cell_604,2,2,0,2,3,2,2,2,-,-,-,2
cell_605,0,-,0,2,3,2,2,2,0,-,-,2
cell_606,0,-,0,2,-,2,-,-,0,-,-,2
cell_607,-,-,0,2,3,2,2,2,0,-,-,2
cell_608,-,2,0,-,3,2,-,2,2,-,-,2
cell_609,2,2,0,2,3,2,2,2,2,-,-,0
cell_610,-,2,-,2,3,2,2,2,2,-,-,0
cell_611,-,-,0,2,3,2,2,2,2,-,-,0
cell_612,0,2,0,2,3,2,2,-,2,-,-,2
cell_613,-,2,2,2,3,-,2,2,2,-,-,9
cell_614,0,2,2,-,3,2,2,2,2,-,-,9
cell_615,0,2,2,2,3,2,2,2,2,-,-,9
cell_616,0,2,2,2,-,2,2,2,2,-,-,9
cell_617,-,2,2,-,-,2,-,2,-,-,-,0
cell_618,2,2,2,2,3,2,-,2,-,-,-,0
cell_619,2,2,2,2,3,2,2,2,2,-,-,2
cell_620,2,2,2,2,-,2,2,2,2,-,-,-
cell_621,5,-,0,2,3,2,2,-,2,-,-,0
cell_622,5,2,3,2,-,-,2,2,2,-,-,-
cell_623,5,2,2,2,3,2,2,2,2,-,-,2
cell_624,5,-,0,-,-,2,2,2,2,-,-,2
cell_625,2,-,5,2,3,-,-,-,2,-,-,0
cell_626,2,2,-,2,3,2,2,2,2,-,-,0
cell_627,2,2,5,-,3,2,-,2,2,-,-,0
cell_628,2,-,5,2,3,-,2,2,2,-,-,0
cell_629,2,2,2,-,3,2,2,2,2,-,-,3
cell_630,2,2,0,2,-,2,2,-,2,-,-,-
cell_631,2,2,2,2,3,2,2,2,2,-,-,3
cell_632,2,2,2,2,3,2,-,-,-,-,-,-
cell_633,2,2,-,2,-,-,2,-,2,-,-,-
cell_634,2,2,5,2,3,2,2,2,-,-,-,2
cell_635,2,2,0,2,3,2,-,2,-,-,-,2
cell_636,-,2,3,-,3,2,2,2,-,-,-,2
cell_637,2,2,-,2,3,2,2,2,2,-,-,0
cell_638,2,2,4,2,3,2,-,2,2,-,-,-
cell_639,2,-,0,-,3,2,2,2,-,-,-,0
cell_640,2,2,0,2,-,-,2,-,2,-,-,-
cell_641,9,2,-,-,3,-,5,2,0,-,-,2
cell_642,9,2,-,2,3,-,5,2,0,-,-,2
cell_643,9,2,37,2,3,0,5,2,0,-,-,-
cell_644,9,2,37,2,-,-,5,2,0,-,-,2
cell_645,9,2,2,2,3,-,-,-,0,-,-,2
cell_646,9,2,2,2,3,2,5,2,-,-,-,2
cell_647,9,2,2,2,3,0,5,-,-,-,-,2
cell_648,9,2,3,2,-,0,5,2,0,-,-,2
cell_649,9,2,9,2,3,5,-,2,0,-,-,-
cell_650,9,2,9,2,-,-,5,-,4,-,-,2
cell_651,-,2,9,2,-,0,-,2,2,-,-,-
cell_652,9,2,-,2,-,-,-,2,2,-,-,2
cell_653,-,2,9,2,3,0,5,2,-,-,-,-
cell_654,9,2,9,2,3,0,5,2,5,-,-,2
cell_655,-,2,9,-,3,0,5,2,-,-,-,-
cell_656,9,2,9,2,3,0,5,2,5,-,-,2
cell_657,9,2,0,2,-,2,-,2,0,-,-,2
cell_658,9,-,0,-,-,2,5,2,-,-,-,2
cell_659,9,-,17,2,3,2,-,2,0,-,-,2
cell_660,-,2,17,-,3,2,5,-,3,-,-,-
cell_661,9,2,2,-,3,2,5,2,2,-,-,2
cell_662,9,2,0,2,-,2,-,-,2,-,-,2
cell_663,9,2,0,-,3,2,5,2,0,-,-,2
cell_664,9,2,0,2,3,-,5,2,0,-,-,2
cell_665,9,2,6,2,-,2,5,2,3,-,-,-
cell_666,-,-,6,2,3,-,-,2,3,-,-,2
cell_667,9,2,6,2,3,2,5,2,-,-,-,2
cell_668,9,2,6,2,-,2,-,2,0,-,-,2
cell_669,9,2,6,2,3,2,5,2,0,-,-,2
cell_670,9,-,6,-,3,2,5,-,-,-,-,2
cell_671,9,2,-,2,3,2,5,2,2,-,-,2
cell_672,-,-,6,2,3,2,5,-,2,-,-,2
cell_673,9,-,2,2,3,5,-,2,0,-,-,2
cell_674,9,2,2,2,3,5,5,2,-,-,-,2
cell_675,9,2,2,2,-,-,5,2,0,-,-,-
cell_676,9,2,2,2,3,5,5,-,0,-,-,2
cell_677,9,2,0,2,3,5,5,2,0,-,-,2
cell_678,-,-,0,-,3,5,5,2,0,-,-,2
cell_679,9,2,2,2,3,5,5,2,0,-,-,2
cell_680,9,2,2,-,3,5,5,2,0,-,-,2
cell_681,-,-,0,2,3,5,5,2,2,-,-,-
cell_682,9,2,0,2,3,5,5,2,2,-,-,-
cell_683,9,2,3,-,-,-,5,2,0,-,-,-
cell_684,9,2,-,2,-,-,5,2,-,-,-,2
cell_685,-,2,0,2,3,5,5,2,0,-,-,-
cell_686,9,-,2,2,3,5,5,2,0,-,-,-
cell_687,9,2,-,2,3,5,-,2,0,-,-,-
cell_688,-,-,20,2,-,5,5,-,0,-,-,2
cell_689,9,-,2,2,3,5,5,2,0,-,-,2
cell_690,-,2,2,2,3,5,5,2,3,-,-,2
cell_691,9,2,2,2,3,5,5,2,0,-,-,2
cell_692,9,2,2,2,3,5,5,2,0,-,-,2
cell_693,9,-,2,2,3,-,-,2,0,-,-,2
cell_694,9,2,2,2,-,-,5,2,0,-,-,-
cell_695,9,2,2,-,3,5,5,2,0,-,-,2
cell_696,9,2,2,2,3,5,5,2,-,-,-,2
cell_697,9,-,2,2,3,5,5,-,-,-,-,-
cell_698,-,2,2,-,3,-,-,-,-,-,-,2
cell_699,9,2,-,2,3,5,5,2,0,-,-,2
cell_700,9,-,2,2,3,5,5,2,0,-,-,2
cell_701,9,-,2,2,3,5,5,2,-,-,-,2
cell_702,9,-,-,-,-,5,5,2,0,-,-,2
cell_703,9,2,2,-,3,5,5,2,0,-,-,2
cell_704,9,2,-,-,3,5,5,2,0,-,-,2
cell_705,2,2,3,-,3,2,5,2,-,-,-,2
cell_706,2,2,-,2,3,-,5,2,2,-,-,2
cell_707,-,2,0,-,-,2,-,2,2,-,-,-
cell_708,2,2,0,2,3,0,5,-,2,-,-,2
cell_709,2,2,-,-,3,-,-,-,2,-,-,2
cell_710,2,2,2,2,-,0,5,2,2,-,-,-
cell_711,2,2,0,-,3,0,5,-,2,-,-,-
cell_712,-,-,0,2,3,0,-,2,-,-,-,2
cell_713,2,-,0,2,3,0,-,2,-,-,-,2
cell_714,2,2,0,2,3,0,5,2,-,-,-,2
cell_715,2,2,6,2,3,0,5,2,-,-,-,2
cell_716,2,-,6,2,3,0,5,-,2,-,-,2
cell_717,2,2,5,-,3,27,5,-,2,-,-,-
cell_718,2,2,5,2,3,27,-,2,-,-,-,-
cell_719,2,2,0,2,3,27,5,2,2,-,-,2
cell_720,-,2,0,-,-,27,5,2,-,-,-,-
cell_721,2,2,-,2,-,-,5,2,2,-,-,2
cell_722,2,2,2,2,3,6,5,2,2,-,-,2
cell_723,2,2,2,2,3,-,5,-,-,-,-,2
cell_724,-,2,-,2,3,0,5,2,2,-,-,2
cell_725,2,2,2,2,3,2,5,2,-,-,-,2
cell_726,2,-,2,2,3,0,5,2,2,-,-,2
cell_727,2,2,-,2,3,8,5,2,2,-,-,2
cell_728,2,-,2,2,3,-,5,2,2,-,-,2
cell_729,-,-,0,2,3,-,-,-,2,-,-,5
cell_730,2,2,0,2,3,2,5,2,-,-,-,-
cell_731,2,2,0,-,3,2,-,2,-,-,-,0
cell_732,2,2,0,-,3,2,5,2,2,-,-,-
cell_733,-,2,-,2,3,2,5,2,2,-,-,2
cell_734,2,2,0,2,3,2,5,2,2,-,-,2
cell_735,2,2,-,2,3,2,5,2,-,-,-,-
cell_736,2,2,0,2,3,2,5,2,-,-,-,2
cell_737,2,2,-,2,-,2,-,2,0,-,-,9
cell_738,2,2,2,2,3,-,5,2,0,-,-,9
cell_739,-,2,2,-,-,2,5,2,0,-,-,20
cell_740,2,2,2,2,3,2,-,2,2,-,-,-
cell_741,2,-,-,2,3,2,-,2,0,-,-,0
cell_742,2,2,2,2,3,2,5,-,0,-,-,0
cell_743,2,2,2,-,3,2,5,2,0,-,-,37
cell_744,2,2,-,-,3,2,5,2,-,-,-,37
cell_745,2,2,2,-,-,-,5,2,2,-,-,0
cell_746,2,2,2,2,3,2,5,2,2,-,-,0
cell_747,2,2,2,2,3,2,5,-,2,-,-,0
cell_748,2,2,2,2,-,2,5,2,2,-,-,5
cell_749,-,-,2,2,3,-,5,2,-,-,-,2
cell_750,-,2,2,2,-,2,-,2,2,-,-,2
cell_751,2,2,2,2,3,2,5,2,2,-,-,0
cell_752,2,2,2,2,3,2,5,2,2,-,-,-
cell_753,2,2,2,2,3,5,5,2,2,-,-,8
cell_754,2,2,2,2,-,5,5,2,2,-,-,8
cell_755,2,2,2,-,3,2,5,2,-,-,-,8
cell_756,2,-,-,-,3,0,5,2,0,-,-,8
cell_757,2,2,2,2,3,0,5,2,0,-,-,-
cell_758,2,2,-,2,3,0,5,-,11,-,-,8
cell_759,2,-,2,2,-,0,5,-,-,-,-,-
cell_760,2,-,2,-,3,2,5,2,-,-,-,8
cell_761,2,2,2,2,3,0,5,2,5,-,-,0
cell_762,2,2,2,2,3,0,-,2,5,-,-,-
cell_763,-,2,2,2,-,3,5,2,5,-,-,-
cell_764,2,2,2,2,3,0,5,2,5,-,-,-
cell_765,2,2,-,2,3,-,5,2,5,-,-,20
cell_766,2,2,2,2,-,-,5,2,5,-,-,20
cell_767,2,2,-,2,3,-,5,2,5,-,-,-
cell_768,2,2,2,2,3,2,-,2,5,-,-,-
cell_769,3,-,6,-,3,2,-,2,-,0,-,3
cell_770,3,2,6,-,3,2,2,-,4,-,0,3
cell_771,-,2,6,-,3,2,2,2,4,0,-,3
cell_772,3,-,6,2,3,2,2,2,4,0,2,-
cell_773,-,-,6,2,3,2,2,2,4,-,0,3
cell_774,3,2,6,2,3,2,2,-,4,0,0,3
cell_775,-,-,6,2,3,2,2,-,4,0,-,3
cell_776,3,-,6,-,3,2,2,2,-,2,2,3
cell_777,2,2,6,2,-,2,-,2,4,2,0,0
cell_778,-,2,6,-,3,2,2,2,4,2,2,2
cell_779,-,2,6,2,3,2,2,2,4,2,2,0
cell_780,2,2,6,2,-,2,2,2,4,2,-,0
cell_781,2,2,6,2,3,2,2,2,4,2,0,0
cell_782,2,2,6,2,3,2,2,-,-,-,5,0
cell_783,2,2,6,2,-,2,2,2,4,2,2,2
cell_784,2,2,6,2,3,2,2,2,4,-,0,-
cell_785,-,2,6,2,3,-,2,2,4,0,-,-
cell_786,2,-,-,2,3,2,2,2,-,-,-,4
cell_787,2,2,6,2,3,-,-,2,-,5,3,4
cell_788,2,-,6,-,3,2,2,2,4,5,3,4
cell_789,-,2,6,2,-,-,2,2,4,-,0,11
cell_790,2,2,6,2,3,-,2,2,-,0,-,0
cell_791,2,2,6,2,-,-,2,2,4,0,-,0
cell_792,-,-,6,-,3,-,-,2,4,3,0,0
cell_793,4,2,6,2,-,2,-,2,4,5,0,-
cell_794,4,-,6,2,-,2,2,2,4,5,-,3
cell_795,4,2,-,2,-,2,2,2,4,5,-,-
cell_796,4,2,6,-,-,2,2,2,-,5,-,0
cell_797,4,2,-,2,3,2,2,2,4,5,0,-
cell_798,-,2,6,2,3,-,2,2,-,-,0,2
cell_799,-,2,6,-,3,2,2,2,4,5,0,-
cell_800,4,2,6,2,3,2,2,2,4,-,-,2
cell_801,5,2,-,-,3,2,-,-,4,8,4,5
cell_802,5,2,2,2,3,2,2,2,4,8,4,5
cell_803,5,2,-,2,-,2,2,2,4,-,4,5
cell_804,-,2,-,2,-,2,2,2,-,8,4,5
cell_805,0,2,2,2,3,2,2,2,-,8,4,5
cell_806,-,2,2,2,3,2,2,-,4,8,4,-
cell_807,-,2,2,2,3,-,2,-,4,-,-,-
cell_808,0,2,2,2,3,2,-,2,4,8,-,-
cell_809,-,2,2,2,-,2,-,2,-,8,5,2
cell_810,0,2,2,-,3,2,-,2,-,-,5,2
cell_811,0,2,2,2,3,2,2,-,4,8,5,2
cell_812,0,-,2,2,3,2,2,2,4,8,5,2
cell_813,-,2,2,2,-,2,2,2,4,8,-,3
cell_814,0,2,2,2,3,2,-,2,4,8,5,-
cell_815,0,-,2,2,3,2,2,2,4,-,5,-
cell_816,0,-,2,2,3,2,2,2,-,8,5,0
cell_817,2,2,13,2,3,2,2,2,4,8,5,-
cell_818,2,-,13,2,3,2,2,2,4,8,5,0
cell_819,0,2,0,2,3,2,2,2,4,-,5,0
cell_820,0,2,0,2,3,-,2,-,-,8,-,0
cell_821,2,-,2,2,3,2,2,2,-,8,2,2
cell_822,2,-,0,-,3,2,2,-,4,8,0,-
cell_823,4,2,0,2,3,-,2,2,-,8,2,2
cell_824,0,2,0,-,3,2,2,2,4,8,2,-
cell_825,-,2,2,2,3,-,2,2,-,-,5,-
cell_826,-,2,2,2,-,2,2,2,4,8,5,0
cell_827,2,2,-,-,3,2,2,2,4,8,5,-
cell_828,2,-,2,2,-,2,2,-,4,-,-,0
cell_829,0,2,2,-,3,2,2,2,4,8,-,3
cell_830,-,2,-,2,3,2,2,2,4,8,8,3
cell_831,0,2,2,2,3,2,2,2,-,-,-,3
cell_832,0,2,-,2,-,2,2,2,4,8,8,3
cell_833,0,2,2,2,3,2,-,-,4,0,2,-
cell_834,0,-,2,2,3,2,2,2,4,0,2,0
cell_835,-,2,2,2,-,2,2,2,4,0,0,2
cell_836,5,2,2,2,-,2,2,2,-,0,-,0
cell_837,-,-,-,-,-,-,-,-,-,-,-,-
cell_838,-,-,-,-,-,-,-,-,-,-,-,-
cell_839,-,-,-,-,-,-,-,-,-,-,-,-
cell_840,-,-,-,-,-,-,-,-,-,-,-,-
cell_841,2,2,2,2,-,2,-,2,4,0,3,-
cell_842,-,2,2,2,3,2,2,2,4,0,3,2
cell_843,-,2,2,2,-,2,2,2,4,-,0,-
cell_844,2,2,2,2,3,2,2,2,-,0,0,2
cell_845,2,2,2,2,3,2,2,2,4,2,0,2
cell_846,2,2,-,-,3,2,2,2,4,-,0,0
cell_847,2,-,2,2,3,2,2,2,4,2,5,-
cell_848,2,2,2,2,3,-,2,-,4,2,0,2
cell_849,5,2,2,2,-,2,2,-,-,2,2,0
cell_850,5,2,2,-,3,-,2,2,4,2,2,-
cell_851,5,2,-,-,3,2,2,2,4,2,2,2
cell_852,5,2,2,-,3,2,-,2,-,-,2,2
cell_853,5,-,2,2,3,2,-,2,-,2,-,-
cell_854,5,2,2,2,3,2,2,-,4,2,2,0
cell_855,5,-,2,2,3,2,2,2,4,2,2,4
cell_856,5,2,2,2,3,-,2,2,4,2,2,0
cell_857,5,2,2,2,3,-,2,-,4,0,2,2
cell_858,5,2,-,-,3,2,2,2,4,0,2,0
cell_859,5,-,-,2,3,-,-,2,4,-,2,3
cell_860,5,2,2,-,-,2,2,2,4,2,-,-
cell_861,5,2,2,2,3,2,2,2,4,-,2,0
cell_862,5,2,-,-,3,2,2,2,-,2,2,0
cell_863,5,2,-,-,3,2,-,2,-,0,2,2
cell_864,5,-,2,2,3,2,2,2,4,2,-,-
cell_865,3,2,2,2,-,2,2,-,-,9,3,9
cell_866,3,2,0,2,3,2,2,2,4,9,0,9
cell_867,3,2,0,2,3,2,2,-,4,16,0,9
cell_868,3,-,0,2,3,2,2,2,-,0,0,-
cell_869,3,-,3,2,3,-,2,2,4,0,0,9
cell_870,3,2,3,2,3,2,2,2,4,0,2,-
cell_871,3,2,0,2,3,2,-,2,4,0,0,-
cell_872,3,2,0,-,3,-,2,2,4,0,0,-
cell_873,3,2,2,2,3,2,2,2,4,9,2,9
cell_874,3,2,0,2,-,2,2,2,4,-,2,9
cell_875,3,2,0,-,3,-,2,-,4,9,0,9
cell_876,-,2,0,2,3,-,2,2,4,9,0,9
cell_877,3,2,2,2,3,2,-,2,4,-,0,9
cell_878,3,2,2,2,-,2,2,2,4,-,0,9
cell_879,3,2,2,2,-,2,2,2,-,-,0,-
cell_880,3,2,2,2,3,2,2,2,4,9,-,9
cell_881,2,2,-,2,-,-,2,2,4,-,-,9
cell_882,2,2,0,2,3,2,2,-,4,0,-,9
cell_883,2,2,0,2,3,2,2,2,4,0,0,-
cell_884,2,2,-,-,-,-,-,-,-,-,0,-
cell_885,2,2,0,2,3,2,-,2,4,0,0,9
cell_886,2,2,2,2,3,2,-,-,4,0,-,9
cell_887,2,2,9,2,3,2,2,-,4,0,0,-
cell_888,2,-,0,2,3,2,2,2,4,0,0,9
cell_889,2,2,0,2,3,2,2,2,4,2,-,9
cell_890,2,2,-,2,3,2,2,2,4,2,0,-
cell_891,-,-,2,2,3,-,-,2,4,-,0,-
cell_892,2,2,2,-,3,2,2,-,4,-,0,9
cell_893,-,-,0,2,3,2,2,2,4,2,0,9
cell_894,-,2,0,2,-,2,2,-,-,2,0,9
cell_895,2,-,-,2,3,-,2,-,4,2,0,9
cell_896,2,2,-,2,3,2,2,-,4,-,0,9
cell_897,0,-,4,2,3,-,2,2,-,10,2,0
cell_898,0,-,4,-,3,-,2,-,2,10,2,0
cell_899,-,2,4,2,3,2,2,2,2,10,2,3
cell_900,0,2,4,-,3,2,-,-,2,10,-,3
cell_901,8,-,4,2,3,2,-,2,2,-,2,-
cell_902,0,2,4,-,-,2,2,2,-,10,2,0
cell_903,0,2,4,2,3,2,-,-,-,10,2,-
cell_904,2,2,4,2,3,2,2,2,2,10,-,0
cell_905,0,2,-,2,-,2,2,2,2,10,2,-
cell_906,0,2,4,2,-,-,2,2,-,-,2,2
cell_907,0,2,4,2,3,2,2,2,2,10,2,0
cell_908,0,2,4,2,3,2,-,2,2,-,2,-
cell_909,0,2,4,-,3,2,-,2,-,10,2,5
cell_910,0,-,4,2,3,2,2,2,-,10,2,0
cell_911,0,2,4,2,3,2,2,2,2,10,2,0
cell_912,0,2,-,2,3,-,2,2,2,10,2,-
cell_913,-,2,-,2,-,2,2,2,3,3,2,2
cell_914,2,-,4,2,3,2,2,2,3,-,2,2
cell_915,2,-,4,2,3,2,2,2,-,3,2,2
cell_916,2,2,4,-,3,2,2,2,3,3,2,-
cell_917,2,2,4,2,3,2,2,2,2,-,2,0
cell_918,2,-,4,2,-,2,2,2,2,-,-,0
cell_919,2,2,4,2,3,2,2,-,2,3,2,8
cell_920,-,-,4,2,-,-,2,2,2,3,-,-
cell_921,2,2,-,2,3,2,2,2,14,-,-,0
cell_922,2,2,4,2,3,-,2,2,0,0,2,4
cell_923,2,2,4,-,-,2,2,2,0,0,2,-
cell_924,2,2,4,2,3,2,2,2,0,2,2,2
cell_925,-,2,4,-,3,2,2,-,8,-,2,2
cell_926,2,-,-,-,3,2,2,2,8,2,-,2
cell_927,-,2,-,2,3,2,2,2,8,2,2,2
cell_928,2,2,4,2,3,2,2,2,8,-,2,2
cell_929,2,2,-,2,-,-,-,2,0,5,2,3
cell_930,2,2,4,2,3,2,2,2,0,5,2,3
cell_931,2,2,4,2,3,2,2,2,2,5,2,3
cell_932,2,2,4,2,3,2,2,-,0,5,-,3
cell_933,2,2,4,2,-,-,2,2,2,5,2,3
cell_934,2,2,-,-,3,-,2,-,2,-,2,3
cell_935,2,2,4,2,3,2,2,2,2,-,-,3
cell_936,-,2,4,2,3,-,2,2,-,5,2,3
cell_937,-,2,4,2,3,2,-,2,0,0,2,3
cell_938,2,-,-,2,3,2,2,2,0,0,2,3
cell_939,2,-,-,-,3,2,-,-,-,0,-,-
cell_940,2,-,4,2,3,-,2,2,-,-,2,3
cell_941,2,-,4,2,-,2,2,2,0,2,2,3
cell_942,2,2,4,2,3,2,2,2,0,2,2,-
cell_943,2,-,-,2,3,2,2,2,0,2,-,-
cell_944,2,2,-,-,3,-,-,2,9,2,2,3
cell_945,0,2,4,2,3,2,2,2,-,0,2,0
cell_946,0,2,4,-,3,2,2,2,15,0,2,0
cell_947,2,2,4,2,3,2,2,2,15,0,2,2
cell_948,0,-,4,2,3,2,2,2,15,-,2,2
cell_949,2,2,4,-,3,-,2,2,15,2,2,-
cell_950,2,2,4,2,3,2,-,2,15,2,2,-
cell_951,-,-,4,2,-,-,2,2,15,2,2,0
cell_952,-,2,4,-,3,-,2,2,-,2,2,0
cell_953,2,2,4,2,-,-,-,2,15,0,2,2
cell_954,0,2,4,2,3,-,2,2,-,0,2,2
cell_955,0,2,-,2,3,-,2,-,15,-,-,2
cell_956,0,-,4,2,3,-,2,-,15,0,-,2
cell_957,0,-,-,2,3,-,2,2,15,0,2,3
cell_958,0,2,4,2,3,2,2,2,15,0,2,3
cell_959,0,2,4,2,3,2,2,2,15,-,2,3
cell_960,0,2,4,2,3,2,-,-,-,0,2,3
cell_961,5,-,4,2,-,2,2,2,5,2,2,4
cell_962,5,2,4,2,3,2,2,2,5,0,-,4
cell_963,5,2,4,-,-,2,2,2,5,0,-,4
cell_964,5,2,4,2,-,-,2,2,5,0,-,4
cell_965,-,-,4,-,3,2,-,-,5,0,2,4
cell_966,5,2,4,2,3,2,2,-,5,0,2,4
cell_967,5,2,4,2,3,2,-,-,5,0,-,4
cell_968,5,2,-,2,3,2,2,2,5,0,2,4
cell_969,5,2,4,2,3,2,2,2,-,0,2,4
cell_970,5,2,4,-,3,2,2,2,-,0,2,4
cell_971,5,2,4,2,3,2,-,2,-,0,2,4
cell_972,5,2,4,-,-,2,2,2,5,0,2,4
cell_973,5,2,4,2,-,-,-,2,5,5,2,4
cell_974,5,2,4,2,3,2,2,2,5,0,2,-
cell_975,5,2,-,2,-,2,-,-,5,0,2,4
cell_976,5,-,4,2,3,2,2,-,5,0,2,4
cell_977,5,2,4,2,3,2,2,2,5,2,2,4
cell_978,5,2,4,2,3,-,2,2,5,2,-,4
cell_979,5,-,4,2,-,2,2,2,-,2,2,4
cell_980,5,2,4,2,3,2,-,-,5,2,-,4
cell_981,5,2,4,2,3,2,2,2,-,2,2,4
cell_982,5,2,-,2,-,-,2,2,5,2,2,4
cell_983,5,2,4,2,3,2,2,2,-,2,2,-
cell_984,-,2,4,2,3,-,2,2,-,2,2,4
cell_985,5,2,4,2,3,2,2,-,5,-,2,4
cell_986,5,2,4,2,-,2,2,2,-,2,2,-
cell_987,-,2,4,2,3,-,2,2,5,2,-,4
cell_988,5,2,4,-,3,-,2,2,-,-,2,4
cell_989,5,-,-,2,3,2,2,-,5,2,-,-
cell_990,5,2,4,2,-,2,2,2,5,2,-,4
cell_991,5,-,-,2,3,2,2,-,5,2,2,4
cell_992,5,2,4,2,3,2,2,2,-,2,2,-
cell_993,-,2,4,2,3,2,2,-,-,-,-,3
cell_994,-,2,-,2,-,2,2,-,5,3,2,-
cell_995,3,2,4,2,3,2,2,-,5,-,-,0
cell_996,3,2,-,2,-,2,2,2,5,0,2,-
cell_997,3,2,4,-,3,2,2,-,-,-,-,2
cell_998,3,2,4,2,3,2,-,2,-,8,-,2
cell_999,3,-,4,-,3,2,2,2,2,8,-,-
cell_1000,-,2,4,2,3,2,-,2,2,-,2,2
cell_1001,3,2,4,2,3,2,2,2,3,-,2,2
cell_1002,3,2,4,2,-,2,2,2,0,0,2,2
cell_1003,3,2,4,2,3,2,2,2,-,0,2,2
cell_1004,3,2,4,2,3,2,2,2,2,0,2,0
cell_1005,-,2,-,2,-,2,-,2,-,0,2,0
cell_1006,3,2,4,2,3,-,2,2,-,-,2,4
cell_1007,-,2,4,2,3,2,-,2,-,-,-,0
cell_1008,3,2,-,-,3,2,-,2,-,0,2,0
cell_1009,2,2,-,2,-,2,2,2,2,2,2,-
cell_1010,-,2,-,2,-,2,2,2,2,2,2,2
cell_1011,2,2,4,2,3,2,-,2,2,2,2,2
cell_1012,2,2,4,2,-,2,2,2,2,2,2,-
cell_1013,2,2,4,-,-,-,2,2,2,3,2,2
cell_1014,2,2,4,2,-,-,-,2,2,3,2,2
cell_1015,2,2,4,2,3,2,-,2,2,0,2,2
cell_1016,2,2,-,2,3,2,2,2,2,-,2,-
cell_1017,2,-,4,2,3,2,2,2,2,0,2,-
cell_1018,2,2,4,-,3,2,-,2,2,-,2,2
cell_1019,-,2,-,2,3,-,2,2,2,0,2,2
cell_1020,2,-,4,-,-,2,2,-,2,0,2,2
cell_1021,2,2,4,2,3,2,-,2,2,3,2,2
cell_1022,-,-,4,2,3,2,2,2,2,-,2,2
cell_1023,2,-,4,2,-,2,2,2,-,3,-,2
cell_1024,2,2,-,2,3,2,-,2,-,3,2,2
