cell_id	S1	S2	S3	S4	S5	S6	S7	S8	S9	S10	S11	S12
cell_1	59	2	2	3	2	2	4	2	2	5	5	3
cell_2	59	2	2	3	2	2	4	2	2	5	5	3
cell_3	59	2	2	3	2	2	4	2	2	5	5	3
cell_4	59	2	2	3	2	2	4	2	2	5	5	3
cell_5	59	2	2	3	2	2	4	2	2	5	5	3
cell_6	59	2	2	3	2	2	4	2	2	5	5	3
cell_7	59	2	2	3	2	2	4	2	2	5	5	3
cell_8	59	2	2	3	2	2	4	2	2	5	5	3
cell_9	59	2	2	3	2	2	4	2	2	5	5	3
cell_10	59	2	2	3	2	2	4	2	2	5	5	3
cell_11	59	2	2	3	2	2	4	2	2	5	5	3
cell_12	59	2	2	3	2	2	4	2	2	5	5	3
cell_13	59	2	2	3	2	2	4	2	2	5	5	3
cell_14	59	2	2	3	2	2	4	2	2	5	5	3
cell_15	59	2	2	3	2	2	4	2	2	5	5	3
cell_16	59	2	2	3	2	2	4	2	2	5	5	3
cell_17	59	2	2	3	2	2	4	2	2	5	5	3
cell_18	59	2	2	3	2	2	4	2	2	5	5	3
cell_19	59	2	2	3	2	2	4	2	2	5	5	3
cell_20	59	2	2	3	2	2	4	2	2	5	5	3
cell_21	59	2	2	3	2	2	4	2	2	5	5	3
cell_22	59	2	2	3	2	2	4	2	2	5	5	3
cell_23	59	2	2	3	2	2	4	2	2	5	5	3
cell_24	59	2	2	3	2	2	4	2	2	5	5	3
cell_25	59	2	2	3	2	2	4	2	2	5	5	3
cell_26	59	2	2	3	2	2	4	2	2	5	5	3
cell_27	59	2	2	3	2	2	4	2	2	5	5	3
cell_28	59	2	2	3	2	2	4	2	2	5	5	3
cell_29	59	2	2	3	2	2	4	2	2	5	5	3
cell_30	59	2	2	3	2	2	4	2	2	5	5	3
cell_31	59	2	2	3	2	2	4	2	2	5	5	3
cell_32	59	2	2	3	2	2	4	2	2	5	5	3
cell_33	59	2	2	3	2	2	4	5	2	5	5	3
cell_34	59	2	2	3	2	2	4	5	2	5	5	3
cell_35	59	2	2	3	2	2	4	5	2	5	5	3
cell_36	59	2	2	3	2	2	4	5	2	5	5	3
cell_37	59	2	2	3	2	2	4	5	2	5	5	3
cell_38	59	2	2	3	2	2	4	5	2	5	5	3
cell_39	59	2	2	3	2	2	4	5	2	5	5	3
cell_40	59	2	2	3	2	2	4	5	2	5	5	3
cell_41	59	2	2	3	0	2	4	2	2	5	5	3
cell_42	59	2	2	3	0	2	4	2	2	5	5	3
cell_43	59	2	2	3	2	2	4	5	2	5	5	3
cell_44	59	2	2	3	2	2	4	5	2	5	5	3
cell_45	59	2	2	3	3	2	4	2	2	5	5	3
cell_46	59	2	2	3	3	2	4	3	2	5	5	3
cell_47	59	2	2	3	3	2	4	3	2	5	5	3
cell_48	59	2	2	3	3	2	4	3	2	5	5	3
cell_49	59	2	2	3	4	2	4	2	2	5	5	3
cell_50	59	2	2	3	4	2	4	0	2	5	5	3
cell_51	59	2	2	3	4	2	4	2	2	5	5	3
cell_52	59	2	2	3	4	2	4	0	2	5	5	3
cell_53	59	2	2	3	0	2	4	2	2	5	5	3
cell_54	59	2	2	3	4	2	4	0	2	5	5	3
cell_55	59	2	2	3	0	2	4	0	2	5	5	3
cell_56	59	2	2	3	0	2	4	0	2	5	5	3
cell_57	59	2	2	3	0	2	4	2	2	5	5	3
cell_58	59	2	2	3	0	2	4	2	2	5	5	3
cell_59	59	2	2	3	2	2	4	2	2	5	5	3
cell_60	59	2	2	3	2	2	4	2	2	5	5	3
cell_61	59	2	2	3	2	2	4	2	2	5	5	3
cell_62	59	2	2	3	2	2	4	0	2	5	5	3
cell_63	59	2	2	3	2	2	4	0	2	5	5	3
cell_64	59	2	2	3	2	2	4	5	2	5	5	3
cell_65	59	2	2	3	0	2	4	2	2	5	5	3
cell_66	59	2	2	3	0	2	4	0	2	5	5	3
cell_67	59	2	2	3	0	2	4	0	2	5	5	3
cell_68	59	2	2	3	0	2	4	2	2	5	5	3
cell_69	59	2	2	3	2	2	4	0	2	5	5	3
cell_70	59	2	2	3	2	2	4	0	2	5	5	3
cell_71	59	2	2	3	2	2	4	2	2	5	5	3
cell_72	59	2	2	3	2	2	4	2	2	5	5	3
cell_73	59	2	2	3	0	2	4	11	2	5	5	3
cell_74	59	2	2	3	0	2	4	11	2	5	5	3
cell_75	59	2	2	3	2	2	4	11	2	5	5	3
cell_76	59	2	2	3	2	2	4	11	2	5	5	3
cell_77	59	2	2	3	0	2	4	3	2	5	5	3
cell_78	59	2	2	3	0	2	4	3	2	5	5	3
cell_79	59	2	2	3	2	2	4	3	2	5	5	3
cell_80	59	2	2	3	2	2	4	3	2	5	5	3
cell_81	59	2	2	3	3	2	4	2	2	5	5	3
cell_82	59	2	2	3	3	2	4	2	2	5	5	3
cell_83	59	2	2	3	3	2	4	2	2	5	5	3
cell_84	59	2	2	3	3	2	4	2	2	5	5	3
cell_85	59	2	2	3	0	2	4	2	2	5	5	3
cell_86	59	2	2	3	0	2	4	2	2	5	5	3
cell_87	59	2	2	3	5	2	4	2	2	5	5	3
cell_88	59	2	2	3	0	2	4	2	2	5	5	3
cell_89	59	2	2	3	2	2	4	0	2	5	5	3
cell_90	59	2	2	3	2	2	4	0	2	5	5	3
cell_91	59	2	2	3	2	2	4	0	2	5	5	3
cell_92	59	2	2	3	2	2	4	0	2	5	5	3
cell_93	59	2	2	3	5	2	4	0	2	5	5	3
cell_94	59	2	2	3	5	2	4	0	2	5	5	3
cell_95	59	2	2	3	5	2	4	0	2	5	5	3
cell_96	59	2	2	3	5	2	4	2	2	5	5	3
cell_97	59	2	2	3	0	2	4	0	2	5	5	3
cell_98	59	2	2	3	0	2	4	0	2	5	5	3
cell_99	59	2	2	3	0	2	4	2	2	5	5	3
cell_100	59	2	2	3	0	2	4	2	2	5	5	3
cell_101	59	2	2	3	2	2	4	8	2	5	5	3
cell_102	59	2	2	3	2	2	4	4	2	5	5	3
cell_103	59	2	2	3	2	2	4	9	2	5	5	3
cell_104	59	2	2	3	2	2	4	0	2	5	5	3
cell_105	59	2	2	3	14	2	4	0	2	5	5	3
cell_106	59	2	2	3	0	2	4	0	2	5	5	3
cell_107	59	2	2	3	0	2	4	0	2	5	5	3
cell_108	59	2	2	3	0	2	4	0	2	5	5	3
cell_109	59	2	2	3	0	2	4	0	2	5	5	3
cell_110	59	2	2	3	0	2	4	0	2	5	5	3
cell_111	59	2	2	3	0	2	4	0	2	5	5	3
cell_112	59	2	2	3	0	2	4	0	2	5	5	3
cell_113	59	2	2	3	5	2	4	2	2	5	5	3
cell_114	59	2	2	3	5	2	4	2	2	5	5	3
cell_115	59	2	2	3	5	2	4	2	2	5	5	3
cell_116	59	2	2	3	5	2	4	2	2	5	5	3
cell_117	59	2	2	3	5	2	4	2	2	5	5	3
cell_118	59	2	2	3	5	2	4	2	2	5	5	3
cell_119	59	2	2	3	5	2	4	2	2	5	5	3
cell_120	59	2	2	3	5	2	4	2	2	5	5	3
cell_121	59	2	2	3	5	2	4	2	2	5	5	3
cell_122	59	2	2	3	5	2	4	2	2	5	5	3
cell_123	59	2	2	3	5	2	4	2	2	5	5	3
cell_124	59	2	2	3	5	2	4	2	2	5	5	3
cell_125	59	2	2	3	5	2	4	2	2	5	5	3
cell_126	59	2	2	3	5	2	4	2	2	5	5	3
cell_127	59	2	2	3	5	2	4	2	2	5	5	3
cell_128	59	2	2	3	5	2	4	2	2	5	5	3
cell_129	59	120	2	2	0	2	4	2	2	5	5	3
cell_130	59	120	2	2	0	2	4	2	2	5	5	3
cell_131	59	120	2	2	0	2	4	2	2	5	5	3
cell_132	59	120	2	2	5	2	4	2	2	5	5	3
cell_133	59	120	2	2	4	2	4	2	2	5	5	3
cell_134	59	120	2	2	4	2	4	2	2	5	5	3
cell_135	59	120	2	2	4	2	4	2	2	5	5	3
cell_136	59	120	2	2	4	2	4	2	2	5	5	3
cell_137	59	120	2	2	2	2	4	2	2	5	5	3
cell_138	59	120	2	2	2	2	4	2	2	5	5	3
cell_139	59	120	2	2	2	2	4	2	2	5	5	3
cell_140	59	120	2	2	2	2	4	2	2	5	5	3
cell_141	59	120	2	2	2	2	4	2	2	5	5	3
cell_142	59	120	2	2	2	2	4	2	2	5	5	3
cell_143	59	120	2	2	2	2	4	2	2	5	5	3
cell_144	59	120	2	2	2	2	4	2	2	5	5	3
cell_145	59	120	2	2	30	0	4	2	2	5	5	3
cell_146	59	120	2	2	30	0	4	2	2	5	5	3
cell_147	59	120	2	2	0	5	4	2	2	5	5	3
cell_148	59	120	2	2	0	5	4	2	2	5	5	3
cell_149	59	120	2	2	2	0	4	2	2	5	5	3
cell_150	59	120	2	2	2	0	4	2	2	5	5	3
cell_151	59	120	2	2	0	0	4	2	2	5	5	3
cell_152	59	120	2	2	4	0	4	2	2	5	5	3
cell_153	59	120	2	2	0	10	4	2	2	5	5	3
cell_154	59	120	2	2	0	10	4	2	2	5	5	3
cell_155	59	120	2	2	0	0	4	2	2	5	5	3
cell_156	59	120	2	2	2	0	4	2	2	5	5	3
cell_157	59	120	2	2	0	0	4	2	2	5	5	3
cell_158	59	120	2	2	3	0	4	2	2	5	5	3
cell_159	59	120	2	2	5	0	4	2	2	5	5	3
cell_160	59	120	2	2	0	0	4	2	2	5	5	3
cell_161	59	0	2	2	2	2	4	8	2	0	5	3
cell_162	59	0	2	2	2	2	4	8	2	0	5	3
cell_163	59	0	2	2	2	2	4	8	2	0	5	3
cell_164	59	0	2	2	2	2	4	8	2	2	5	3
cell_165	59	2	2	2	2	2	4	8	2	0	5	3
cell_166	59	2	2	2	2	2	4	8	2	0	5	3
cell_167	59	2	2	2	2	2	4	8	2	0	5	3
cell_168	59	2	2	2	2	2	4	8	2	0	5	3
cell_169	59	14	2	2	2	2	4	8	2	0	5	3
cell_170	59	14	2	2	2	2	4	8	2	4	5	3
cell_171	59	14	2	2	2	2	4	8	2	0	5	3
cell_172	59	14	2	2	2	2	4	8	2	0	5	3
cell_173	59	0	2	2	2	2	4	8	2	0	5	3
cell_174	59	0	2	2	2	2	4	8	2	0	5	3
cell_175	59	0	2	2	2	2	4	8	2	0	5	3
cell_176	59	0	2	2	2	2	4	8	2	0	5	3
cell_177	59	0	2	2	2	13	4	2	2	3	5	3
cell_178	59	0	2	2	2	13	4	2	2	3	5	3
cell_179	59	0	2	2	2	13	4	2	2	3	5	3
cell_180	59	2	2	2	2	13	4	2	2	3	5	3
cell_181	59	2	2	2	2	13	4	2	2	3	5	3
cell_182	59	0	2	2	2	13	4	2	2	3	5	3
cell_183	59	0	2	2	2	13	4	2	2	3	5	3
cell_184	59	0	2	2	2	13	4	2	2	3	5	3
cell_185	59	0	2	2	2	0	4	2	2	3	5	3
cell_186	59	0	2	2	2	0	4	2	2	3	5	3
cell_187	59	0	2	2	2	0	4	2	2	3	5	3
cell_188	59	0	2	2	2	0	4	2	2	3	5	3
cell_189	59	5	2	2	2	2	4	0	2	3	5	3
cell_190	59	0	2	2	2	2	4	0	2	3	5	3
cell_191	59	0	2	2	2	2	4	8	2	3	5	3
cell_192	59	0	2	2	2	2	4	8	2	3	5	3
cell_193	59	2	2	5	0	0	4	0	2	0	5	3
cell_194	59	2	2	5	0	0	4	0	2	2	5	3
cell_195	59	2	2	5	0	12	4	0	2	0	5	3
cell_196	59	2	2	5	0	12	4	0	2	0	5	3
cell_197	59	2	2	5	2	0	4	2	2	0	5	3
cell_198	59	2	2	5	2	2	4	0	2	0	5	3
cell_199	59	2	2	5	2	27	4	0	2	0	5	3
cell_200	59	2	2	5	2	27	4	0	2	0	5	3
cell_201	59	2	2	5	3	0	4	2	2	2	5	3
cell_202	59	2	2	5	3	0	4	0	2	0	5	3
cell_203	59	2	2	5	3	0	4	0	2	0	5	3
cell_204	59	2	2	5	3	2	4	2	2	0	5	3
cell_205	59	2	2	5	4	2	4	6	2	5	5	3
cell_206	59	2	2	5	4	2	4	0	2	5	5	3
cell_207	59	2	2	5	4	2	4	3	2	5	5	3
cell_208	59	2	2	5	4	2	4	0	2	5	5	3
cell_209	59	2	2	5	5	8	4	3	2	2	5	3
cell_210	59	2	2	0	5	8	4	3	2	2	5	3
cell_211	59	2	2	0	5	8	4	3	2	2	5	3
cell_212	59	2	2	0	5	8	4	3	2	2	5	3
cell_213	59	2	2	0	5	8	4	3	2	0	5	3
cell_214	59	2	2	0	5	8	4	3	2	33	5	3
cell_215	59	2	2	5	5	8	4	3	2	2	5	3
cell_216	59	2	2	5	5	8	4	3	2	2	5	3
cell_217	59	2	2	0	0	8	4	2	2	0	5	3
cell_218	59	2	2	0	0	8	4	2	2	5	5	3
cell_219	59	2	2	0	0	8	4	2	2	4	5	3
cell_220	59	2	2	0	0	8	4	2	2	4	5	3
cell_221	59	2	2	27	0	8	4	2	2	2	5	3
cell_222	59	2	2	5	0	8	4	2	2	2	5	3
cell_223	59	2	2	0	0	8	4	2	2	0	5	3
cell_224	59	2	2	0	0	8	4	2	2	0	5	3
cell_225	59	2	2	2	0	0	4	3	2	4	5	3
cell_226	59	2	2	2	0	0	4	0	2	4	5	3
cell_227	59	2	2	2	0	0	4	0	2	5	5	3
cell_228	59	2	2	2	0	0	4	0	2	5	5	3
cell_229	59	3	2	2	3	0	4	0	2	2	5	3
cell_230	59	3	2	2	3	0	4	0	2	2	5	3
cell_231	59	3	2	2	0	5	4	0	2	2	5	3
cell_232	59	3	2	2	2	0	4	2	2	2	5	3
cell_233	59	2	2	2	5	0	4	2	2	2	5	3
cell_234	59	2	2	2	5	0	4	2	2	2	5	3
cell_235	59	2	2	2	5	2	4	2	2	2	5	3
cell_236	59	2	2	2	5	2	4	2	2	2	5	3
cell_237	59	2	2	2	5	2	4	5	2	0	5	3
cell_238	59	2	2	2	5	2	4	5	2	0	5	3
cell_239	59	2	2	2	5	2	4	5	2	0	5	3
cell_240	59	2	2	2	5	0	4	5	2	0	5	3
cell_241	59	2	2	0	2	0	4	4	2	0	5	3
cell_242	59	0	2	0	2	0	4	4	2	0	5	3
cell_243	59	0	2	0	2	2	4	4	2	0	5	3
cell_244	59	0	2	0	2	2	4	4	2	0	5	3
cell_245	59	2	2	0	2	0	4	0	2	2	5	3
cell_246	59	2	2	0	2	6	4	0	2	2	5	3
cell_247	59	2	2	10	2	2	4	0	2	2	5	3
cell_248	59	2	2	10	2	8	4	0	2	2	5	3
cell_249	59	2	2	0	0	2	4	0	2	0	5	3
cell_250	59	2	2	0	0	2	4	2	2	0	5	3
cell_251	59	2	2	5	2	2	4	0	2	0	5	3
cell_252	59	2	2	5	0	2	4	8	2	0	5	3
cell_253	59	2	2	2	0	0	4	2	2	0	5	3
cell_254	59	2	2	2	0	0	4	2	2	0	5	3
cell_255	59	2	2	2	0	0	4	0	2	5	5	3
cell_256	59	2	2	2	3	0	4	0	2	5	5	3
cell_257	59	0	2	15	5	2	5	2	2	2	5	3
cell_258	59	5	2	15	5	2	5	2	2	2	5	3
cell_259	59	8	2	15	5	2	5	2	2	0	5	3
cell_260	59	8	2	15	5	2	5	2	2	0	5	3
cell_261	59	5	2	15	5	2	2	2	2	0	5	3
cell_262	59	0	2	15	5	2	2	2	2	0	5	3
cell_263	59	3	2	15	5	2	0	2	2	0	5	3
cell_264	59	0	2	15	5	0	0	2	2	0	5	3
cell_265	59	6	2	15	5	2	5	2	2	2	5	3
cell_266	59	6	2	15	5	2	5	2	2	2	5	3
cell_267	59	6	2	15	5	2	5	2	2	2	5	3
cell_268	59	6	2	15	5	2	5	2	2	2	5	3
cell_269	59	4	2	15	5	0	5	2	2	0	5	3
cell_270	59	4	2	15	5	0	5	2	2	0	5	3
cell_271	59	4	2	15	5	2	5	2	2	0	5	3
cell_272	59	4	2	15	5	0	5	2	2	0	5	3
cell_273	59	2	2	15	5	5	4	2	2	2	5	3
cell_274	59	2	2	15	5	2	4	2	2	2	5	3
cell_275	59	2	2	15	5	0	4	2	2	2	5	3
cell_276	59	2	2	15	5	0	4	2	2	2	5	3
cell_277	59	2	2	15	5	0	4	2	2	0	5	3
cell_278	59	2	2	15	5	0	4	2	2	0	5	3
cell_279	59	2	2	15	5	0	4	2	2	0	5	3
cell_280	59	2	2	15	5	4	4	2	2	0	5	3
cell_281	59	2	2	15	5	2	4	2	2	0	5	3
cell_282	59	2	2	15	5	2	4	2	2	2	5	3
cell_283	59	2	2	15	5	3	4	2	2	0	5	3
cell_284	59	2	2	15	5	0	4	2	2	0	5	3
cell_285	59	0	2	15	5	5	4	2	2	3	5	3
cell_286	59	0	2	15	5	5	4	2	2	3	5	3
cell_287	59	2	2	15	5	5	4	2	2	3	5	3
cell_288	59	0	2	15	5	5	4	2	2	3	5	3
cell_289	59	14	2	4	4	5	2	2	2	0	5	3
cell_290	59	14	2	4	4	5	2	2	2	11	5	3
cell_291	59	14	2	4	4	5	2	2	2	10	5	3
cell_292	59	14	2	4	4	5	2	2	2	0	5	3
cell_293	59	14	2	4	4	5	2	2	2	0	5	3
cell_294	59	14	2	4	4	5	2	2	2	0	5	3
cell_295	59	14	2	4	4	5	2	2	2	0	5	3
cell_296	59	14	2	4	4	5	2	2	2	0	5	3
cell_297	59	14	2	5	4	2	2	2	2	2	5	3
cell_298	59	14	2	5	4	2	2	2	2	2	5	3
cell_299	59	14	2	5	4	2	2	2	2	0	5	3
cell_300	59	14	2	5	4	2	2	2	2	0	5	3
cell_301	59	14	2	5	4	2	2	2	2	0	5	3
cell_302	59	14	2	5	4	2	2	2	2	6	5	3
cell_303	59	14	2	5	4	2	2	2	2	0	5	3
cell_304	59	14	2	5	4	2	2	2	2	6	5	3
cell_305	59	9	2	10	4	0	2	2	2	6	5	3
cell_306	59	9	2	10	4	0	2	2	2	6	5	3
cell_307	59	9	2	0	4	2	2	2	2	6	5	3
cell_308	59	9	2	2	4	2	2	2	2	6	5	3
cell_309	59	9	2	0	4	0	2	2	2	6	5	3
cell_310	59	9	2	2	4	0	2	2	2	6	5	3
cell_311	59	9	2	0	4	0	2	2	2	6	5	3
cell_312	59	9	2	0	4	0	2	2	2	6	5	3
cell_313	59	9	2	2	4	51	2	2	2	2	5	3
cell_314	59	9	2	0	4	51	2	2	2	2	5	3
cell_315	59	9	2	0	4	51	2	2	2	50	5	3
cell_316	59	9	2	0	4	51	2	2	2	0	5	3
cell_317	59	9	2	2	4	5	2	2	2	15	5	3
cell_318	59	9	2	0	4	5	2	2	2	15	5	3
cell_319	59	9	2	0	4	5	2	2	2	15	5	3
cell_320	59	9	2	0	4	5	2	2	2	15	5	3
cell_321	59	0	2	10	0	2	0	2	2	14	5	3
cell_322	59	0	2	10	0	2	0	2	2	14	5	3
cell_323	59	2	2	10	0	0	3	2	2	0	5	3
cell_324	59	0	2	10	0	0	0	2	2	0	5	3
cell_325	59	0	2	10	3	0	0	2	2	0	5	3
cell_326	59	0	2	10	0	0	2	2	2	0	5	3
cell_327	59	0	2	10	56	0	0	2	2	2	5	3
cell_328	59	0	2	10	56	0	0	2	2	0	5	3
cell_329	59	0	2	10	0	3	2	2	2	2	5	3
cell_330	59	0	2	10	0	3	2	2	2	2	5	3
cell_331	59	0	2	10	0	3	0	2	2	2	5	3
cell_332	59	0	2	10	0	3	0	2	2	2	5	3
cell_333	59	5	2	10	0	3	5	2	2	2	5	3
cell_334	59	5	2	10	0	3	5	2	2	2	5	3
cell_335	59	2	2	10	2	3	5	2	2	2	5	3
cell_336	59	2	2	10	2	3	5	2	2	2	5	3
cell_337	59	3	2	10	2	5	2	2	2	41	5	3
cell_338	59	3	2	10	2	5	2	2	2	41	5	3
cell_339	59	3	2	10	2	5	2	2	2	2	5	3
cell_340	59	3	2	10	2	5	2	2	2	2	5	3
cell_341	59	2	2	10	5	5	2	2	2	3	5	3
cell_342	59	2	2	10	5	5	2	2	2	3	5	3
cell_343	59	2	2	10	2	5	2	2	2	0	5	3
cell_344	59	0	2	10	2	5	2	2	2	0	5	3
cell_345	59	8	2	10	2	11	0	2	2	71	5	3
cell_346	59	8	2	10	2	11	0	2	2	71	5	3
cell_347	59	8	2	10	2	11	0	2	2	2	5	3
cell_348	59	8	2	10	0	11	0	2	2	2	5	3
cell_349	59	2	2	10	0	11	0	2	2	2	5	3
cell_350	59	0	2	10	0	11	3	2	2	2	5	3
cell_351	59	3	2	10	0	11	0	2	2	0	5	3
cell_352	59	2	2	10	2	11	0	2	2	2	5	3
cell_353	59	0	2	2	2	2	5	2	2	0	5	3
cell_354	59	0	2	2	2	2	5	2	2	0	5	3
cell_355	59	0	2	2	2	2	5	2	2	0	5	3
cell_356	59	0	2	2	2	2	5	2	2	0	5	3
cell_357	59	0	2	2	2	2	5	2	2	0	5	3
cell_358	59	0	2	2	2	2	5	2	2	0	5	3
cell_359	59	0	2	2	2	2	5	2	2	0	5	3
cell_360	59	0	2	2	2	2	5	2	2	0	5	3
cell_361	59	3	2	2	2	2	5	2	2	0	5	3
cell_362	59	3	2	2	2	2	5	2	2	0	5	3
cell_363	59	2	2	2	2	2	5	2	2	2	5	3
cell_364	59	2	2	2	2	2	5	2	2	0	5	3
cell_365	59	2	2	2	2	2	5	2	2	51	5	3
cell_366	59	2	2	2	2	2	5	2	2	51	5	3
cell_367	59	2	2	2	2	2	5	2	2	2	5	3
cell_368	59	2	2	2	2	2	5	2	2	3	5	3
cell_369	59	0	2	5	2	2	5	2	2	0	5	3
cell_370	59	0	2	5	2	0	5	2	2	0	5	3
cell_371	59	2	2	5	2	2	5	2	2	0	5	3
cell_372	59	0	2	5	2	2	5	2	2	0	5	3
cell_373	59	2	2	5	2	5	5	2	2	0	5	3
cell_374	59	0	2	5	2	0	5	2	2	0	5	3
cell_375	59	2	2	5	2	0	5	2	2	0	5	3
cell_376	59	2	2	5	2	2	5	2	2	0	5	3
cell_377	59	6	2	2	2	2	5	2	2	8	5	3
cell_378	59	6	2	2	2	2	5	2	2	8	5	3
cell_379	59	6	2	2	2	2	5	2	2	8	5	3
cell_380	59	6	2	2	2	2	5	2	2	8	5	3
cell_381	59	3	2	0	2	2	5	2	2	8	5	3
cell_382	59	3	2	0	2	2	5	2	2	8	5	3
cell_383	59	3	2	4	2	2	5	2	2	8	5	3
cell_384	59	3	2	0	2	2	5	2	2	8	5	3
cell_385	59	2	2	5	3	5	3	2	2	3	5	3
cell_386	59	2	2	5	3	5	3	2	2	3	5	3
cell_387	59	2	2	5	3	5	3	2	2	3	5	3
cell_388	59	2	2	5	3	5	3	2	2	3	5	3
cell_389	59	2	2	6	3	5	3	2	2	0	5	3
cell_390	59	2	2	6	3	5	3	2	2	4	5	3
cell_391	59	2	2	0	3	5	3	2	2	0	5	3
cell_392	59	2	2	0	3	5	3	2	2	0	5	3
cell_393	59	2	2	64	3	5	3	2	2	2	5	3
cell_394	59	2	2	64	3	5	3	2	2	2	5	3
cell_395	59	2	2	64	3	5	3	2	2	2	5	3
cell_396	59	2	2	64	3	5	3	2	2	2	5	3
cell_397	59	2	2	0	3	5	3	2	2	2	5	3
cell_398	59	2	2	0	3	5	3	2	2	2	5	3
cell_399	59	2	2	0	3	5	3	2	2	2	5	3
cell_400	59	2	2	2	3	5	3	2	2	2	5	3
cell_401	59	2	2	2	7	4	2	2	2	0	5	3
cell_402	59	2	2	2	7	4	2	2	2	0	5	3
cell_403	59	2	2	2	7	4	2	2	2	10	5	3
cell_404	59	2	2	2	7	4	2	2	2	10	5	3
cell_405	59	2	2	2	7	4	0	2	2	0	5	3
cell_406	59	2	2	2	7	4	0	2	2	0	5	3
cell_407	59	2	2	2	7	4	2	2	2	0	5	3
cell_408	59	2	2	2	7	4	0	2	2	0	5	3
cell_409	59	2	2	2	7	4	11	2	2	2	5	3
cell_410	59	2	2	2	7	4	11	2	2	2	5	3
cell_411	59	2	2	2	7	4	11	2	2	2	5	3
cell_412	59	2	2	2	7	4	11	2	2	2	5	3
cell_413	59	2	2	2	7	4	0	2	2	2	5	3
cell_414	59	2	2	2	7	4	0	2	2	2	5	3
cell_415	59	2	2	2	7	4	2	2	2	2	5	3
cell_416	59	2	2	2	7	4	2	2	2	2	5	3
cell_417	59	2	2	0	0	2	2	2	2	2	5	3
cell_418	59	2	2	2	2	2	2	2	2	2	5	3
cell_419	59	2	2	2	0	2	0	2	2	2	5	3
cell_420	59	2	2	0	0	2	2	2	2	2	5	3
cell_421	59	2	2	0	2	2	3	2	2	2	5	3
cell_422	59	2	2	0	2	2	0	2	2	2	5	3
cell_423	59	2	2	0	2	2	4	2	2	2	5	3
cell_424	59	2	2	0	2	2	4	2	2	2	5	3
cell_425	59	2	2	21	0	8	6	2	2	2	5	3
cell_426	59	2	2	0	0	0	6	2	2	2	5	3
cell_427	59	2	2	0	0	0	6	2	2	2	5	3
cell_428	59	2	2	0	0	0	6	2	2	2	5	3
cell_429	59	2	2	2	0	0	0	2	2	2	5	3
cell_430	59	2	2	2	0	0	2	2	2	2	5	3
cell_431	59	2	2	0	0	0	0	2	2	2	5	3
cell_432	59	2	2	0	0	0	0	2	2	2	5	3
cell_433	59	2	2	2	2	0	2	2	2	2	5	3
cell_434	59	2	2	2	2	0	2	2	2	2	5	3
cell_435	59	2	2	2	2	0	0	2	2	2	5	3
cell_436	59	2	2	2	2	0	2	2	2	2	5	3
cell_437	59	2	2	2	2	8	0	2	2	2	5	3
cell_438	59	2	2	2	2	8	5	2	2	2	5	3
cell_439	59	2	2	2	2	8	2	2	2	2	5	3
cell_440	59	2	2	2	2	8	2	2	2	2	5	3
cell_441	59	2	2	2	2	4	3	2	2	2	5	3
cell_442	59	2	2	2	0	2	3	2	2	2	5	3
cell_443	59	2	2	2	2	0	0	2	2	2	5	3
cell_444	59	2	2	2	0	0	0	2	2	2	5	3
cell_445	59	2	2	2	3	0	0	2	2	2	5	3
cell_446	59	2	2	2	0	2	0	2	2	2	5	3
cell_447	59	2	2	2	0	0	3	2	2	2	5	3
cell_448	59	2	2	2	0	0	3	2	2	2	5	3
cell_449	59	2	2	2	0	3	2	2	2	2	5	3
cell_450	59	2	2	0	0	0	2	2	2	2	5	3
cell_451	59	2	2	2	0	0	2	2	2	2	5	3
cell_452	59	2	2	2	0	4	2	2	2	2	5	3
cell_453	59	2	2	4	0	12	2	2	2	2	5	3
cell_454	59	2	2	4	0	12	2	2	2	2	5	3
cell_455	59	2	2	0	0	12	2	2	2	2	5	3
cell_456	59	2	2	0	0	12	2	2	2	2	5	3
cell_457	59	2	2	2	2	3	2	2	2	2	5	3
cell_458	59	2	2	2	0	3	2	2	2	2	5	3
cell_459	59	2	2	2	0	0	2	2	2	2	5	3
cell_460	59	2	2	2	0	0	2	2	2	2	5	3
cell_461	59	2	2	2	10	0	2	2	2	2	5	3
cell_462	59	2	2	2	0	0	2	2	2	2	5	3
cell_463	59	2	2	0	2	2	2	2	2	2	5	3
cell_464	59	2	2	0	2	2	2	2	2	2	5	3
cell_465	59	2	2	2	0	0	2	2	2	2	5	3
cell_466	59	2	2	2	0	0	2	2	2	2	5	3
cell_467	59	2	2	2	46	3	0	2	2	0	5	3
cell_468	59	2	2	2	0	3	0	2	2	0	5	3
cell_469	59	2	2	2	2	0	2	2	2	2	5	3
cell_470	59	2	2	2	0	2	0	2	2	2	5	3
cell_471	59	2	2	2	0	0	0	2	2	0	5	3
cell_472	59	2	2	2	0	0	5	2	2	0	5	3
cell_473	59	2	2	2	2	0	0	2	2	2	5	3
cell_474	59	2	2	2	0	0	0	2	2	2	5	3
cell_475	59	2	2	2	0	0	0	2	2	2	5	3
cell_476	59	2	2	2	0	2	0	2	2	2	5	3
cell_477	59	2	2	2	2	14	0	2	2	0	5	3
cell_478	59	2	2	2	4	14	2	2	2	0	5	3
cell_479	59	2	2	2	0	14	4	2	2	0	5	3
cell_480	59	2	2	2	0	14	0	2	2	0	5	3
cell_481	59	2	2	2	3	0	2	2	2	3	5	3
cell_482	59	2	2	2	3	5	2	2	2	3	5	3
cell_483	59	2	2	2	3	0	2	2	2	3	5	3
cell_484	59	2	2	2	3	2	2	2	2	3	5	3
cell_485	59	2	2	2	3	0	13	2	2	3	5	3
cell_486	59	2	2	2	3	0	13	2	2	3	5	3
cell_487	59	2	2	2	3	0	13	2	2	3	5	3
cell_488	59	2	2	2	3	0	13	2	2	3	5	3
cell_489	59	2	2	2	3	2	5	2	2	2	5	3
cell_490	59	2	2	2	3	2	5	2	2	2	5	3
cell_491	59	2	2	2	3	0	5	2	2	2	5	3
cell_492	59	2	2	2	3	0	5	2	2	2	5	3
cell_493	59	2	2	2	3	4	5	2	2	2	5	3
cell_494	59	2	2	2	3	4	5	2	2	0	5	3
cell_495	59	2	2	2	3	4	5	2	2	0	5	3
cell_496	59	2	2	2	3	4	5	2	2	0	5	3
cell_497	59	2	2	2	2	2	3	2	2	0	5	3
cell_498	59	2	2	2	2	0	3	2	2	0	5	3
cell_499	59	2	2	2	0	0	3	2	2	0	5	3
cell_500	59	2	2	2	68	0	3	2	2	0	5	3
cell_501	59	2	2	2	5	2	3	2	2	0	5	3
cell_502	59	2	2	2	2	0	3	2	2	0	5	3
cell_503	59	2	2	2	0	0	3	2	2	0	5	3
cell_504	59	2	2	2	2	0	3	2	2	2	5	3
cell_505	59	2	2	2	2	3	0	2	2	0	5	3
cell_506	59	2	2	2	2	0	0	2	2	0	5	3
cell_507	59	2	2	2	2	0	2	2	2	5	5	3
cell_508	59	2	2	2	2	0	2	2	2	5	5	3
cell_509	59	2	2	2	12	0	2	2	2	2	5	3
cell_510	59	2	2	2	12	2	2	2	2	2	5	3
cell_511	59	2	2	2	0	3	2	2	2	0	5	3
cell_512	59	2	2	2	0	0	2	2	2	2	5	3
cell_513	2	2	2	11	2	5	51	2	0	2	5	2
cell_514	2	2	2	11	2	5	51	2	2	2	5	2
cell_515	2	2	2	11	2	5	51	2	2	2	5	2
cell_516	2	2	2	11	2	5	51	2	0	2	5	2
cell_517	2	2	2	11	2	5	51	0	0	2	0	2
cell_518	2	2	2	11	2	5	51	2	0	2	0	2
cell_519	2	2	2	11	2	5	51	0	2	2	0	2
cell_520	2	2	2	11	2	5	51	0	2	2	0	2
cell_521	2	2	2	11	2	15	51	2	3	2	4	2
cell_522	2	2	2	11	2	15	51	2	3	2	4	2
cell_523	2	2	2	11	2	15	51	2	3	2	4	2
cell_524	2	2	2	11	2	15	51	2	3	2	4	2
cell_525	2	2	2	11	2	0	51	2	27	2	4	2
cell_526	2	2	2	11	2	0	51	2	0	2	4	2
cell_527	2	2	2	11	2	2	51	2	2	2	4	2
cell_528	2	2	2	11	2	2	51	2	3	2	4	2
cell_529	2	0	2	11	2	4	51	2	2	2	0	2
cell_530	2	0	2	11	2	4	51	5	2	2	0	2
cell_531	2	0	2	11	2	5	51	0	2	2	2	2
cell_532	2	0	2	11	2	5	51	2	2	2	2	2
cell_533	2	0	2	11	2	2	51	0	3	2	3	2
cell_534	2	0	2	11	2	2	51	2	3	2	3	2
cell_535	2	10	2	11	2	2	51	4	3	2	0	2
cell_536	2	10	2	11	2	2	51	4	3	2	0	2
cell_537	2	7	2	11	2	40	51	2	4	2	2	2
cell_538	2	7	2	11	2	40	51	2	4	2	2	2
cell_539	2	7	2	11	2	2	51	2	4	2	2	2
cell_540	2	7	2	11	2	2	51	2	4	2	2	2
cell_541	2	7	2	11	2	2	51	2	0	2	0	2
cell_542	2	7	2	11	2	0	51	2	0	2	0	2
cell_543	2	7	2	11	2	2	51	2	0	2	0	2
cell_544	2	7	2	11	2	0	51	2	0	2	0	2
cell_545	2	0	2	11	2	2	51	2	0	0	2	2
cell_546	2	0	2	11	2	2	51	2	3	0	2	2
cell_547	2	0	2	11	2	2	51	2	0	0	0	2
cell_548	2	0	2	11	2	2	51	2	0	0	0	2
cell_549	2	0	2	11	2	2	51	9	0	2	2	2
cell_550	2	0	2	11	2	2	51	9	0	2	2	2
cell_551	2	0	2	11	2	2	51	9	0	2	2	2
cell_552	2	0	2	11	2	2	51	9	0	2	2	2
cell_553	2	5	2	11	2	3	51	3	0	0	0	2
cell_554	2	5	2	11	2	3	51	3	0	0	0	2
cell_555	2	5	2	11	2	3	51	3	5	0	0	2
cell_556	2	5	2	11	2	3	51	3	5	0	0	2
cell_557	2	5	2	11	2	3	51	3	2	2	5	2
cell_558	2	5	2	11	2	3	51	3	2	2	5	2
cell_559	2	5	2	11	2	3	51	3	2	2	5	2
cell_560	2	5	2	11	2	3	51	3	2	0	5	2
cell_561	2	5	2	11	2	22	51	3	5	5	2	2
cell_562	2	5	2	11	2	22	51	3	5	5	2	2
cell_563	2	5	2	11	2	0	51	3	5	5	0	2
cell_564	2	5	2	11	2	0	51	3	5	5	0	2
cell_565	2	5	2	11	2	2	51	3	5	0	0	2
cell_566	2	5	2	11	2	2	51	3	5	0	2	2
cell_567	2	5	2	11	2	2	51	3	5	0	0	2
cell_568	2	5	2	11	2	2	51	3	5	0	0	2
cell_569	2	0	2	11	2	5	51	0	5	0	0	2
cell_570	2	0	2	11	2	5	51	0	5	0	0	2
cell_571	2	0	2	11	2	5	51	0	5	0	0	2
cell_572	2	0	2	11	2	5	51	0	5	0	0	2
cell_573	2	2	2	11	2	0	51	0	5	2	5	2
cell_574	2	2	2	11	2	0	51	0	5	2	5	2
cell_575	2	0	2	11	2	2	51	0	5	2	4	2
cell_576	2	0	2	11	2	0	51	0	5	2	4	2
cell_577	2	0	2	11	2	2	51	2	2	4	5	2
cell_578	2	0	2	11	2	2	51	2	0	4	5	2
cell_579	2	0	2	11	2	2	51	2	16	4	5	2
cell_580	2	0	2	11	2	2	51	2	16	4	5	2
cell_581	2	3	2	11	2	2	51	2	2	4	5	2
cell_582	2	3	2	11	2	2	51	2	2	4	5	2
cell_583	2	0	2	11	2	2	51	2	0	4	5	2
cell_584	2	0	2	11	2	2	51	2	0	4	5	2
cell_585	2	2	2	11	2	2	51	2	6	4	5	2
cell_586	2	0	2	11	2	2	51	2	6	4	5	2
cell_587	2	0	2	11	2	2	51	2	6	4	5	2
cell_588	2	0	2	11	2	2	51	2	6	4	5	2
cell_589	2	3	2	11	2	2	51	2	6	4	5	2
cell_590	2	0	2	11	2	2	51	2	6	4	5	2
cell_591	2	0	2	11	2	2	51	2	6	4	5	2
cell_592	2	0	2	11	2	2	51	2	6	4	5	2
cell_593	2	2	2	11	2	2	51	2	12	4	3	2
cell_594	2	2	2	11	2	2	51	2	0	4	3	2
cell_595	2	2	2	11	2	2	51	2	2	4	3	2
cell_596	2	2	2	11	2	2	51	2	2	4	3	2
cell_597	2	0	2	11	2	2	51	2	2	4	4	2
cell_598	2	0	2	11	2	2	51	2	2	4	4	2
cell_599	2	0	2	11	2	2	51	2	0	4	4	2
cell_600	2	0	2	11	2	2	51	2	0	4	4	2
cell_601	2	0	2	11	2	2	51	2	2	4	0	2
cell_602	2	0	2	11	2	2	51	2	2	4	0	2
cell_603	2	0	2	11	2	2	51	2	2	4	2	2
cell_604	2	0	2	11	2	2	51	2	2	4	2	2
cell_605	2	6	2	11	2	2	51	2	2	4	2	2
cell_606	2	0	2	11	2	2	51	2	2	4	2	2
cell_607	2	2	2	11	2	2	51	2	0	4	2	2
cell_608	2	0	2	11	2	2	51	2	0	4	2	2
cell_609	2	2	2	11	2	2	51	2	5	4	2	2
cell_610	2	3	2	11	2	2	51	2	5	4	2	2
cell_611	2	0	2	11	2	2	51	2	5	4	2	2
cell_612	2	0	2	11	2	2	51	2	5	4	2	2
cell_613	2	2	2	11	2	2	51	2	5	4	2	2
cell_614	2	0	2	11	2	2	51	2	5	4	2	2
cell_615	2	0	2	11	2	2	51	2	5	4	2	2
cell_616	2	0	2	11	2	2	51	2	5	4	2	2
cell_617	2	0	2	11	2	2	51	2	5	4	2	2
cell_618	2	0	2	11	2	2	51	2	5	4	2	2
cell_619	2	2	2	11	2	2	51	2	5	4	2	2
cell_620	2	0	2	11	2	2	51	2	5	4	2	2
cell_621	2	2	2	11	2	2	51	2	5	4	2	2
cell_622	2	2	2	11	2	2	51	2	5	4	2	2
cell_623	2	2	2	11	2	2	51	2	5	4	2	2
cell_624	2	2	2	11	2	2	51	2	5	4	2	2
cell_625	2	4	2	11	2	2	51	2	5	4	2	2
cell_626	2	4	2	11	2	2	51	2	5	4	2	2
cell_627	2	4	2	11	2	2	51	2	5	4	2	2
cell_628	2	4	2	11	2	2	51	2	5	4	2	2
cell_629	2	4	2	11	2	2	51	2	5	4	2	2
cell_630	2	4	2	11	2	2	51	2	5	4	2	2
cell_631	2	4	2	11	2	2	51	2	5	4	2	2
cell_632	2	4	2	11	2	2	51	2	5	4	2	2
cell_633	2	0	2	11	2	2	51	2	5	4	2	2
cell_634	2	53	2	11	2	2	51	2	0	4	2	2
cell_635	2	8	2	11	2	2	51	2	0	4	2	2
cell_636	2	8	2	11	2	2	51	2	0	4	2	2
cell_637	2	2	2	11	2	2	51	2	2	4	2	2
cell_638	2	0	2	11	2	2	51	2	2	4	2	2
cell_639	2	0	2	11	2	2	51	2	2	4	2	2
cell_640	2	0	2	11	2	2	51	2	0	4	2	2
cell_641	2	5	2	11	2	2	2	2	2	5	2	2
cell_642	2	5	2	11	2	2	2	2	2	5	2	2
cell_643	2	5	2	11	2	2	2	2	2	5	2	2
cell_644	2	5	2	11	2	0	2	2	2	5	2	2
cell_645	2	5	2	11	2	2	2	2	2	14	2	2
cell_646	2	5	2	11	2	2	2	2	2	14	2	2
cell_647	2	5	2	11	2	22	2	2	2	5	2	2
cell_648	2	5	2	11	2	0	2	2	2	5	2	2
cell_649	2	5	2	11	2	0	2	2	2	0	2	2
cell_650	2	5	2	11	2	0	2	2	2	2	2	2
cell_651	2	5	2	11	2	0	2	2	2	0	2	2
cell_652	2	5	2	11	2	0	2	2	2	0	2	2
cell_653	2	5	2	11	2	0	2	2	2	2	2	2
cell_654	2	5	2	11	2	0	2	2	2	2	2	2
cell_655	2	5	2	11	2	3	2	2	2	2	2	2
cell_656	2	5	2	11	2	0	2	2	2	2	2	2
cell_657	2	5	2	11	3	0	2	2	2	2	4	2
cell_658	2	5	2	11	0	0	2	2	2	2	4	2
cell_659	2	5	2	11	0	0	2	2	2	2	4	2
cell_660	2	5	2	11	0	0	2	2	2	2	4	2
cell_661	2	5	2	11	0	0	2	2	2	2	4	2
cell_662	2	5	2	11	0	0	2	2	2	2	4	2
cell_663	2	5	2	11	0	2	2	2	2	2	4	2
cell_664	2	5	2	11	2	2	2	2	2	2	4	2
cell_665	2	5	2	11	2	3	2	2	2	2	4	2
cell_666	2	5	2	11	2	3	2	2	2	2	4	2
cell_667	2	5	2	11	0	0	2	2	2	2	4	2
cell_668	2	5	2	11	4	0	2	2	2	2	4	2
cell_669	2	5	2	11	0	2	2	2	2	2	4	2
cell_670	2	5	2	11	0	0	2	2	2	2	4	2
cell_671	2	5	2	11	5	0	2	2	2	2	4	2
cell_672	2	5	2	11	5	3	2	2	2	2	4	2
cell_673	2	5	2	11	0	3	2	2	0	2	0	2
cell_674	2	5	2	11	0	3	2	2	0	0	0	2
cell_675	2	5	2	11	0	3	2	2	2	0	0	2
cell_676	2	5	2	11	0	3	2	2	2	0	2	2
cell_677	2	5	2	11	0	2	2	2	2	0	4	2
cell_678	2	5	2	11	0	2	2	2	0	0	2	2
cell_679	2	5	2	11	2	2	2	2	2	0	0	2
cell_680	2	5	2	11	2	2	2	2	2	3	0	2
cell_681	2	5	2	11	7	2	2	2	0	5	5	2
cell_682	2	5	2	11	7	0	2	2	8	5	5	2
cell_683	2	5	2	11	7	2	2	2	0	5	5	2
cell_684	2	5	2	11	7	2	2	2	0	5	5	2
cell_685	2	5	2	11	3	2	2	2	2	5	0	2
cell_686	2	5	2	11	3	0	2	2	0	5	0	2
cell_687	2	5	2	11	5	0	2	2	0	5	0	2
cell_688	2	5	2	11	5	2	2	2	0	5	0	2
cell_689	2	5	2	11	0	2	2	2	2	4	0	2
cell_690	2	5	2	11	2	2	2	2	2	4	0	2
cell_691	2	5	2	11	0	2	2	2	2	4	0	2
cell_692	2	5	2	11	0	2	2	2	2	4	0	2
cell_693	2	5	2	11	0	2	2	2	2	4	2	2
cell_694	2	5	2	11	0	2	2	2	2	4	2	2
cell_695	2	5	2	11	0	2	2	2	2	4	0	2
cell_696	2	5	2	11	0	2	2	2	2	4	0	2
cell_697	2	5	2	11	0	0	2	2	3	4	0	2
cell_698	2	5	2	11	0	0	2	2	3	4	0	2
cell_699	2	5	2	11	0	0	2	2	3	4	8	2
cell_700	2	5	2	11	3	2	2	2	3	4	8	2
cell_701	2	5	2	11	65	0	2	2	0	4	0	2
cell_702	2	5	2	11	65	0	2	2	0	4	0	2
cell_703	2	5	2	11	65	74	2	2	0	4	2	2
cell_704	2	5	2	11	65	74	2	2	0	4	0	2
cell_705	2	2	2	11	2	2	0	4	2	2	2	2
cell_706	2	2	2	11	2	2	2	5	2	2	2	2
cell_707	2	2	2	11	2	2	2	0	2	2	2	2
cell_708	2	2	2	11	2	2	0	2	2	2	2	2
cell_709	2	2	2	11	2	2	0	0	2	2	0	2
cell_710	2	2	2	11	2	2	4	0	2	2	0	2
cell_711	2	2	2	11	2	2	2	2	2	2	0	2
cell_712	2	2	2	11	2	2	0	2	2	2	0	2
cell_713	2	2	2	11	2	2	2	93	0	2	0	2
cell_714	2	2	2	11	2	2	2	93	0	2	0	2
cell_715	2	2	2	11	2	2	3	93	0	2	0	2
cell_716	2	2	2	11	2	2	0	93	0	2	0	2
cell_717	2	2	2	11	2	2	2	93	2	2	0	2
cell_718	2	2	2	11	2	2	2	93	2	2	0	2
cell_719	2	2	2	11	2	2	2	93	0	2	0	2
cell_720	2	2	2	11	2	2	2	93	0	2	2	2
cell_721	2	2	2	11	2	2	69	2	0	2	0	2
cell_722	2	2	2	11	2	2	69	2	0	2	4	2
cell_723	2	2	2	11	2	2	69	2	0	2	0	2
cell_724	2	2	2	11	2	2	69	2	0	2	0	2
cell_725	2	2	2	11	2	2	69	2	25	2	0	2
cell_726	2	2	2	11	2	2	69	2	25	2	2	2
cell_727	2	2	2	11	2	2	69	2	25	2	2	2
cell_728	2	2	2	11	2	2	69	2	25	2	0	2
cell_729	2	2	2	11	2	2	69	2	0	2	2	2
cell_730	2	2	2	11	2	2	69	2	0	2	2	2
cell_731	2	2	2	11	2	2	69	2	0	2	2	2
cell_732	2	2	2	11	2	2	69	2	0	2	2	2
cell_733	2	2	2	11	2	2	69	2	5	2	2	2
cell_734	2	2	2	11	2	2	69	2	5	2	2	2
cell_735	2	2	2	11	2	2	69	2	5	2	0	2
cell_736	2	2	2	11	2	2	69	2	5	2	0	2
cell_737	2	0	2	11	2	2	3	5	0	5	2	2
cell_738	2	3	2	11	2	2	3	5	0	5	2	2
cell_739	2	2	2	11	2	2	3	5	0	5	2	2
cell_740	2	2	2	11	2	2	3	5	0	5	2	2
cell_741	2	2	2	11	2	2	3	5	0	5	2	2
cell_742	2	2	2	11	2	2	3	5	0	5	2	2
cell_743	2	0	2	11	2	2	3	5	5	5	2	2
cell_744	2	0	2	11	2	2	3	5	5	5	2	2
cell_745	2	0	2	11	2	2	3	4	2	5	0	2
cell_746	2	0	2	11	2	2	3	4	2	5	0	2
cell_747	2	0	2	11	2	2	3	0	2	5	0	2
cell_748	2	0	2	11	2	2	3	0	2	5	2	2
cell_749	2	5	2	11	2	2	3	5	2	5	27	2
cell_750	2	0	2	11	2	2	3	5	2	5	27	2
cell_751	2	0	2	11	2	2	3	5	2	5	8	2
cell_752	2	0	2	11	2	2	3	5	2	5	8	2
cell_753	2	2	2	11	2	2	3	2	5	5	0	2
cell_754	2	2	2	11	2	2	3	0	5	5	0	2
cell_755	2	2	2	11	2	2	3	0	5	5	2	2
cell_756	2	2	2	11	2	2	3	0	5	5	2	2
cell_757	2	2	2	11	2	2	3	0	0	5	0	2
cell_758	2	2	2	11	2	2	3	0	0	5	0	2
cell_759	2	2	2	11	2	2	3	2	0	5	0	2
cell_760	2	2	2	11	2	2	3	0	0	5	0	2
cell_761	2	2	2	11	2	2	3	2	3	5	12	2
cell_762	2	2	2	11	2	2	3	2	3	5	12	2
cell_763	2	2	2	11	2	2	3	0	3	5	12	2
cell_764	2	2	2	11	2	2	3	0	3	5	12	2
cell_765	2	2	2	11	2	2	3	0	3	5	0	2
cell_766	2	2	2	11	2	2	3	0	3	5	3	2
cell_767	2	2	2	11	2	2	3	0	3	5	5	2
cell_768	2	2	2	11	2	2	3	0	3	5	5	2
cell_769	2	3	2	11	3	5	2	2	2	21	8	2
cell_770	2	3	2	11	3	5	2	2	2	21	8	2
cell_771	2	3	2	11	3	5	2	2	2	21	8	2
cell_772	2	3	2	11	3	5	2	2	2	21	8	2
cell_773	2	3	2	11	3	5	2	0	2	21	8	2
cell_774	2	3	2	11	3	5	2	2	2	21	8	2
cell_775	2	3	2	11	3	5	2	0	2	21	8	2
cell_776	2	3	2	11	3	5	2	8	2	21	8	2
cell_777	2	3	2	11	3	5	2	2	2	21	8	2
cell_778	2	3	2	11	3	5	2	2	2	21	8	2
cell_779	2	3	2	11	3	5	2	0	2	21	8	2
cell_780	2	3	2	11	3	5	2	0	2	21	8	2
cell_781	2	3	2	11	3	5	2	5	2	21	8	2
cell_782	2	3	2	11	3	5	2	0	2	21	8	2
cell_783	2	3	2	11	3	5	2	0	2	21	8	2
cell_784	2	3	2	11	3	5	2	0	2	21	8	2
cell_785	2	3	2	11	3	5	2	2	0	21	8	2
cell_786	2	3	2	11	3	5	2	2	0	21	8	2
cell_787	2	3	2	11	3	5	0	2	3	21	8	2
cell_788	2	3	2	11	3	5	0	2	0	21	8	2
cell_789	2	3	2	11	3	5	0	2	0	21	8	2
cell_790	2	3	2	11	3	5	0	2	0	21	8	2
cell_791	2	3	2	11	3	5	0	2	5	21	8	2
cell_792	2	3	2	11	3	5	0	2	5	21	8	2
cell_793	2	3	2	11	3	5	0	2	2	21	8	2
cell_794	2	3	2	11	3	5	0	2	2	21	8	2
cell_795	2	3	2	11	3	5	0	2	2	21	8	2
cell_796	2	3	2	11	3	5	0	2	2	21	8	2
cell_797	2	3	2	11	3	5	0	2	2	21	8	2
cell_798	2	3	2	11	3	5	8	2	2	21	8	2
cell_799	2	3	2	11	3	5	0	2	2	21	8	2
cell_800	2	3	2	11	3	5	0	2	2	21	8	2
cell_801	2	3	2	11	3	2	15	0	2	21	2	2
cell_802	2	3	2	11	3	2	15	0	2	21	0	2
cell_803	2	3	2	11	3	0	15	0	2	21	0	2
cell_804	2	3	2	11	3	0	15	0	2	21	2	2
cell_805	2	3	2	11	3	2	15	3	2	21	2	2
cell_806	2	3	2	11	3	2	15	3	2	21	2	2
cell_807	2	3	2	11	3	2	15	3	2	21	2	2
cell_808	2	3	2	11	3	2	15	3	2	21	2	2
cell_809	2	3	2	11	3	0	15	4	2	21	2	2
cell_810	2	3	2	11	3	0	15	4	2	21	0	2
cell_811	2	3	2	11	3	0	15	4	2	21	0	2
cell_812	2	3	2	11	3	36	15	4	2	21	0	2
cell_813	2	3	2	11	3	0	15	4	2	21	6	2
cell_814	2	3	2	11	3	0	15	4	2	21	6	2
cell_815	2	3	2	11	3	2	15	4	2	21	6	2
cell_816	2	3	2	11	3	2	15	4	2	21	6	2
cell_817	2	3	2	11	3	0	5	5	0	21	0	2
cell_818	2	3	2	11	3	0	5	5	0	21	0	2
cell_819	2	3	2	11	3	12	11	5	0	21	0	2
cell_820	2	3	2	11	3	12	0	5	0	21	0	2
cell_821	2	3	2	11	3	4	9	2	2	21	0	2
cell_822	2	3	2	11	3	4	9	2	2	21	0	2
cell_823	2	3	2	11	3	4	0	5	2	21	0	2
cell_824	2	3	2	11	3	4	0	5	2	21	0	2
cell_825	2	3	2	11	3	5	0	0	2	21	0	2
cell_826	2	3	2	11	3	5	0	0	2	21	2	2
cell_827	2	3	2	11	3	5	0	2	2	21	6	2
cell_828	2	3	2	11	3	5	0	0	2	21	6	2
cell_829	2	3	2	11	3	5	3	0	5	21	0	2
cell_830	2	3	2	11	3	5	0	2	5	21	0	2
cell_831	2	3	2	11	3	5	0	5	5	21	0	2
cell_832	2	3	2	11	3	5	0	2	5	21	0	2
cell_833	2	3	2	11	3	11	23	3	8	21	2	2
cell_834	2	3	2	11	3	11	0	3	8	21	0	2
cell_835	2	3	2	11	3	11	5	3	5	21	2	2
cell_836	2	3	2	11	3	11	5	3	0	21	2	2
cell_837	2	3	2	11	3	11	8	3	15	21	2	2
cell_838	2	3	2	11	3	11	8	3	15	21	0	2
cell_839	2	3	2	11	3	11	8	3	15	21	0	2
cell_840	2	3	2	11	3	11	8	3	15	21	0	2
cell_841	2	3	2	11	3	5	0	2	2	21	0	2
cell_842	2	3	2	11	3	5	2	2	2	21	0	2
cell_843	2	3	2	11	3	5	0	0	0	21	5	2
cell_844	2	3	2	11	3	5	0	0	2	21	5	2
cell_845	2	3	2	11	3	0	14	2	2	21	0	2
cell_846	2	3	2	11	3	0	4	5	2	21	0	2
cell_847	2	3	2	11	3	2	2	0	2	21	2	2
cell_848	2	3	2	11	3	2	2	2	2	21	3	2
cell_849	2	3	2	11	3	3	3	0	5	21	2	2
cell_850	2	3	2	11	3	3	3	0	5	21	2	2
cell_851	2	3	2	11	3	3	3	4	2	21	2	2
cell_852	2	3	2	11	3	3	3	4	4	21	2	2
cell_853	2	3	2	11	3	3	3	0	0	21	2	2
cell_854	2	3	2	11	3	3	3	0	0	21	2	2
cell_855	2	3	2	11	3	3	3	0	0	21	2	2
cell_856	2	3	2	11	3	3	3	3	2	21	2	2
cell_857	2	3	2	11	3	3	2	2	0	21	2	2
cell_858	2	3	2	11	3	3	2	11	0	21	2	2
cell_859	2	3	2	11	3	3	2	0	0	21	2	2
cell_860	2	3	2	11	3	3	2	0	0	21	2	2
cell_861	2	3	2	11	3	3	8	0	2	21	2	2
cell_862	2	3	2	11	3	3	8	2	2	21	2	2
cell_863	2	3	2	11	3	3	8	3	0	21	2	2
cell_864	2	3	2	11	3	3	8	3	4	21	2	2
cell_865	2	3	2	11	3	2	4	2	5	21	5	2
cell_866	2	3	2	11	3	2	4	2	5	21	5	2
cell_867	2	3	2	11	3	2	4	2	5	21	12	2
cell_868	2	3	2	11	3	2	4	2	5	21	12	2
cell_869	2	3	2	11	3	0	4	2	5	21	0	2
cell_870	2	3	2	11	3	0	4	2	5	21	2	2
cell_871	2	3	2	11	3	2	4	2	5	21	0	2
cell_872	2	3	2	11	3	2	4	2	5	21	0	2
cell_873	2	3	2	11	3	12	4	2	5	21	2	2
cell_874	2	3	2	11	3	3	4	2	5	21	2	2
cell_875	2	3	2	11	3	3	4	2	5	21	2	2
cell_876	2	3	2	11	3	3	4	2	5	21	2	2
cell_877	2	3	2	11	3	0	4	2	5	21	5	2
cell_878	2	3	2	11	3	0	4	2	5	21	2	2
cell_879	2	3	2	11	3	0	4	2	5	21	0	2
cell_880	2	3	2	11	3	3	4	2	5	21	0	2
cell_881	2	3	2	11	3	2	4	51	5	21	2	2
cell_882	2	3	2	11	3	2	4	51	5	21	2	2
cell_883	2	3	2	11	3	2	4	51	5	21	2	2
cell_884	2	3	2	11	3	2	4	51	5	21	2	2
cell_885	2	3	2	11	3	2	4	0	5	21	2	2
cell_886	2	3	2	11	3	2	4	0	5	21	2	2
cell_887	2	3	2	11	3	2	4	0	5	21	2	2
cell_888	2	3	2	11	3	2	4	0	5	21	2	2
cell_889	2	3	2	11	3	0	4	2	5	21	0	2
cell_890	2	3	2	11	3	0	4	0	5	21	0	2
cell_891	2	3	2	11	3	0	4	0	5	21	3	2
cell_892	2	3	2	11	3	0	4	0	5	21	0	2
cell_893	2	3	2	11	3	3	4	0	5	21	0	2
cell_894	2	3	2	11	3	3	4	0	5	21	0	2
cell_895	2	3	2	11	3	2	4	0	5	21	0	2
cell_896	2	3	2	11	3	2	4	0	5	21	0	2
cell_897	2	3	2	11	3	2	15	5	2	21	4	2
cell_898	2	3	2	11	3	2	15	5	0	21	4	2
cell_899	2	3	2	11	3	2	15	5	2	21	4	2
cell_900	2	3	2	11	3	2	15	5	2	21	4	2
cell_901	2	3	2	11	3	2	15	5	0	21	0	2
cell_902	2	3	2	11	3	2	15	5	0	21	0	2
cell_903	2	3	2	11	3	2	15	5	2	21	0	2
cell_904	2	3	2	11	3	2	15	5	2	21	2	2
cell_905	2	3	2	11	3	2	15	5	0	21	0	2
cell_906	2	3	2	11	3	2	15	5	3	21	0	2
cell_907	2	3	2	11	3	2	15	5	8	21	0	2
cell_908	2	3	2	11	3	2	15	5	2	21	0	2
cell_909	2	3	2	11	3	2	15	5	2	21	0	2
cell_910	2	3	2	11	3	2	15	5	2	21	0	2
cell_911	2	3	2	11	3	2	15	5	3	21	3	2
cell_912	2	3	2	11	3	2	15	5	3	21	3	2
cell_913	2	3	2	11	3	2	15	5	2	21	0	2
cell_914	2	3	2	11	3	2	15	5	2	21	0	2
cell_915	2	3	2	11	3	2	15	5	2	21	0	2
cell_916	2	3	2	11	3	2	15	5	2	21	0	2
cell_917	2	3	2	11	3	2	15	5	9	21	3	2
cell_918	2	3	2	11	3	2	15	5	9	21	2	2
cell_919	2	3	2	11	3	2	15	5	9	21	2	2
cell_920	2	3	2	11	3	2	15	5	9	21	2	2
cell_921	2	3	2	11	3	2	15	5	2	21	0	2
cell_922	2	3	2	11	3	2	15	5	2	21	0	2
cell_923	2	3	2	11	3	2	15	5	0	21	2	2
cell_924	2	3	2	11	3	2	15	5	0	21	2	2
cell_925	2	3	2	11	3	2	15	5	2	21	6	2
cell_926	2	3	2	11	3	2	15	5	2	21	6	2
cell_927	2	3	2	11	3	2	15	5	0	21	2	2
cell_928	2	3	2	11	3	2	15	5	0	21	2	2
cell_929	2	4	2	11	3	2	15	0	3	21	2	2
cell_930	2	4	2	11	3	2	15	0	3	21	2	2
cell_931	2	4	2	11	3	2	15	0	3	21	2	2
cell_932	2	4	2	11	3	2	15	0	3	21	2	2
cell_933	2	4	2	11	3	2	15	0	3	21	2	2
cell_934	2	4	2	11	3	2	15	2	3	21	2	2
cell_935	2	4	2	11	3	2	15	2	3	21	2	2
cell_936	2	4	2	11	3	2	15	0	3	21	2	2
cell_937	2	4	2	11	3	2	15	2	3	21	2	2
cell_938	2	4	2	11	3	2	15	2	3	21	2	2
cell_939	2	4	2	11	3	2	15	2	3	21	2	2
cell_940	2	4	2	11	3	2	15	2	3	21	2	2
cell_941	2	4	2	11	3	2	15	2	3	21	2	2
cell_942	2	4	2	11	3	2	15	2	3	21	2	2
cell_943	2	4	2	11	3	2	15	2	3	21	2	2
cell_944	2	4	2	11	3	2	15	2	3	21	2	2
cell_945	2	3	2	11	3	2	15	5	3	21	2	2
cell_946	2	3	2	11	3	2	15	5	3	21	2	2
cell_947	2	3	2	11	3	2	15	5	3	21	2	2
cell_948	2	3	2	11	3	2	15	5	3	21	2	2
cell_949	2	3	2	11	3	2	15	5	3	21	2	2
cell_950	2	3	2	11	3	2	15	5	3	21	2	2
cell_951	2	3	2	11	3	2	15	5	3	21	2	2
cell_952	2	3	2	11	3	2	15	5	3	21	2	2
cell_953	2	2	2	11	3	2	15	5	3	21	2	2
cell_954	2	2	2	11	3	2	15	5	3	21	2	2
cell_955	2	2	2	11	3	2	15	5	3	21	2	2
cell_956	2	2	2	11	3	2	15	5	3	21	2	2
cell_957	2	2	2	11	3	2	15	5	3	21	2	2
cell_958	2	2	2	11	3	2	15	5	3	21	2	2
cell_959	2	2	2	11	3	2	15	5	3	21	2	2
cell_960	2	2	2	11	3	2	15	5	3	21	2	2
cell_961	2	0	2	11	3	0	2	0	2	21	0	2
cell_962	2	0	2	11	3	0	2	0	2	21	0	2
cell_963	2	12	2	11	3	0	2	0	2	21	5	2
cell_964	2	2	2	11	3	0	2	0	2	21	5	2
cell_965	2	26	2	11	3	5	2	0	0	21	0	2
cell_966	2	26	2	11	3	5	2	0	0	21	0	2
cell_967	2	26	2	11	3	5	2	2	0	21	0	2
cell_968	2	26	2	11	3	5	2	0	0	21	0	2
cell_969	2	0	2	11	3	3	2	0	0	21	4	2
cell_970	2	50	2	11	3	3	2	0	0	21	4	2
cell_971	2	2	2	11	3	0	2	0	2	21	0	2
cell_972	2	2	2	11	3	0	2	0	2	21	0	2
cell_973	2	3	2	11	3	0	2	2	19	21	2	2
cell_974	2	3	2	11	3	0	2	2	19	21	2	2
cell_975	2	2	2	11	3	0	2	2	0	21	2	2
cell_976	2	2	2	11	3	0	2	2	8	21	2	2
cell_977	2	2	2	11	3	0	2	0	3	21	5	2
cell_978	2	2	2	11	3	0	2	2	3	21	5	2
cell_979	2	2	2	11	3	11	2	15	0	21	5	2
cell_980	2	2	2	11	3	0	2	15	0	21	5	2
cell_981	2	0	2	11	3	2	11	0	0	21	5	2
cell_982	2	2	2	11	3	2	2	0	0	21	5	2
cell_983	2	0	2	11	3	2	0	0	0	21	5	2
cell_984	2	0	2	11	3	2	0	2	5	21	5	2
cell_985	2	23	2	11	3	2	2	3	0	21	0	2
cell_986	2	23	2	11	3	0	2	3	0	21	0	2
cell_987	2	23	2	11	3	2	0	0	0	21	2	2
cell_988	2	23	2	11	3	0	0	4	0	21	2	2
cell_989	2	23	2	11	3	3	0	2	2	21	0	2
cell_990	2	23	2	11	3	3	0	2	2	21	2	2
cell_991	2	23	2	11	3	0	2	2	2	21	0	2
cell_992	2	23	2	11	3	0	2	2	2	21	3	2
cell_993	2	2	2	11	3	3	3	2	0	21	2	2
cell_994	2	2	2	11	3	3	0	2	0	21	2	2
cell_995	2	2	2	11	3	3	5	2	2	21	2	2
cell_996	2	2	2	11	3	3	2	2	0	21	2	2
cell_997	2	2	2	11	3	3	0	2	0	21	2	2
cell_998	2	2	2	11	3	3	0	2	0	21	2	2
cell_999	2	2	2	11	3	3	0	2	0	21	2	2
cell_1000	2	2	2	11	3	3	0	2	0	21	2	2
cell_1001	2	2	2	11	3	49	0	0	8	21	0	2
cell_1002	2	2	2	11	3	0	0	0	8	21	0	2
cell_1003	2	2	2	11	3	0	0	0	8	21	0	2
cell_1004	2	2	2	11	3	0	2	0	8	21	0	2
cell_1005	2	2	2	11	3	0	0	2	2	21	2	2
cell_1006	2	2	2	11	3	0	2	2	2	21	0	2
cell_1007	2	2	2	11	3	0	0	0	2	21	0	2
cell_1008	2	2	2	11	3	0	0	0	2	21	0	2
cell_1009	2	2	2	11	3	0	2	3	2	21	9	2
cell_1010	2	2	2	11	3	3	15	3	2	21	9	2
cell_1011	2	2	2	11	3	2	0	3	2	21	9	2
cell_1012	2	2	2	11	3	2	9	3	2	21	9	2
cell_1013	2	2	2	11	3	0	0	3	2	21	0	2
cell_1014	2	2	2	11	3	0	0	3	2	21	2	2
cell_1015	2	2	2	11	3	0	0	3	2	21	3	2
cell_1016	2	2	2	11	3	0	0	3	2	21	0	2
cell_1017	2	2	2	11	3	2	0	0	0	21	0	2
cell_1018	2	2	2	11	3	2	0	0	0	21	0	2
cell_1019	2	2	2	11	3	2	0	2	0	21	3	2
cell_1020	2	2	2	11	3	2	0	0	0	21	3	2
cell_1021	2	2	2	11	3	0	0	3	0	21	0	2
cell_1022	2	2	2	11	3	0	0	3	0	21	0	2
cell_1023	2	2	2	11	3	0	0	2	0	21	11	2
cell_1024	2	2	2	11	3	0	2	2	0	21	0	2
