n_tips,Nye,TreeDistance,RF_normalized,RF_raw,method,barcode_source,lambda_barcode,lambda_state,max_iter,repeat_time,eval_error,weight_setting,weight_label,hamming_weight_mode,hamming_weight_gamma,hamming_weight_offset,hamming_weight_tau,hamming_weight_runner
1024,0.446279432100451,0.550788752251903,0.883447600391773,1804,FateScape,imputed_in_pipeline,0.9,0.1,100,10,,weight_uniform,w(k)=1,uniform,0,1,,D:/projects/lineage tracing/FateScape/Sensitivity_data/method_outputs/FateScape_HammingWeightSensitivity/_patched_runners/run_fatescape_weight_uniform.R
1024,0.461552288131262,0.583649095475813,0.859941234084231,1756,FateScape,imputed_in_pipeline,0.9,0.1,100,10,,weight_uniform,w(k)=1,uniform,0,1,,D:/projects/lineage tracing/FateScape/Sensitivity_data/method_outputs/FateScape_HammingWeightSensitivity/_patched_runners/run_fatescape_weight_uniform.R
1024,0.46392478108249,0.559969608506274,0.855044074436827,1746,FateScape,imputed_in_pipeline,0.9,0.1,100,10,,weight_uniform,w(k)=1,uniform,0,1,,D:/projects/lineage tracing/FateScape/Sensitivity_data/method_outputs/FateScape_HammingWeightSensitivity/_patched_runners/run_fatescape_weight_uniform.R
1024,0.459155859821094,0.576304651816818,0.871694417238002,1780,FateScape,imputed_in_pipeline,0.9,0.1,100,10,,weight_uniform,w(k)=1,uniform,0,1,,D:/projects/lineage tracing/FateScape/Sensitivity_data/method_outputs/FateScape_HammingWeightSensitivity/_patched_runners/run_fatescape_weight_uniform.R
1024,0.41738654876134,0.65454753419295,0.892262487757101,1822,FateScape,imputed_in_pipeline,0.9,0.1,100,10,,weight_uniform,w(k)=1,uniform,0,1,,D:/projects/lineage tracing/FateScape/Sensitivity_data/method_outputs/FateScape_HammingWeightSensitivity/_patched_runners/run_fatescape_weight_uniform.R
1024,0.413548292617344,0.649365501398319,0.894221351616063,1826,FateScape,imputed_in_pipeline,0.9,0.1,100,10,,weight_uniform,w(k)=1,uniform,0,1,,D:/projects/lineage tracing/FateScape/Sensitivity_data/method_outputs/FateScape_HammingWeightSensitivity/_patched_runners/run_fatescape_weight_uniform.R
1024,0.417617775952506,0.658665944127427,0.881488736532811,1800,FateScape,imputed_in_pipeline,0.9,0.1,100,10,,weight_uniform,w(k)=1,uniform,0,1,,D:/projects/lineage tracing/FateScape/Sensitivity_data/method_outputs/FateScape_HammingWeightSensitivity/_patched_runners/run_fatescape_weight_uniform.R
1024,0.436335543129498,0.63148555399889,0.877571008814887,1792,FateScape,imputed_in_pipeline,0.9,0.1,100,10,,weight_uniform,w(k)=1,uniform,0,1,,D:/projects/lineage tracing/FateScape/Sensitivity_data/method_outputs/FateScape_HammingWeightSensitivity/_patched_runners/run_fatescape_weight_uniform.R
1024,0.399145298746343,0.648598251405487,0.903036238981391,1844,FateScape,imputed_in_pipeline,0.9,0.1,100,10,,weight_uniform,w(k)=1,uniform,0,1,,D:/projects/lineage tracing/FateScape/Sensitivity_data/method_outputs/FateScape_HammingWeightSensitivity/_patched_runners/run_fatescape_weight_uniform.R
1024,0.411124684108127,0.630584827082518,0.900097943192948,1838,FateScape,imputed_in_pipeline,0.9,0.1,100,10,,weight_uniform,w(k)=1,uniform,0,1,,D:/projects/lineage tracing/FateScape/Sensitivity_data/method_outputs/FateScape_HammingWeightSensitivity/_patched_runners/run_fatescape_weight_uniform.R
1024,0.453876797641997,0.540186483757178,0.878550440744368,1794,FateScape,imputed_in_pipeline,0.9,0.1,100,10,,weight_inverse_k_strict,w(k)=1/k; w(0)=1,inverse_k,1,0,,D:/projects/lineage tracing/FateScape/Sensitivity_data/method_outputs/FateScape_HammingWeightSensitivity/_patched_runners/run_fatescape_weight_inverse_k_strict.R
1024,0.464370684032753,0.584549774186711,0.859941234084231,1756,FateScape,imputed_in_pipeline,0.9,0.1,100,10,,weight_inverse_k_strict,w(k)=1/k; w(0)=1,inverse_k,1,0,,D:/projects/lineage tracing/FateScape/Sensitivity_data/method_outputs/FateScape_HammingWeightSensitivity/_patched_runners/run_fatescape_weight_inverse_k_strict.R
1024,0.462059264333566,0.554491128620513,0.854064642507346,1744,FateScape,imputed_in_pipeline,0.9,0.1,100,10,,weight_inverse_k_strict,w(k)=1/k; w(0)=1,inverse_k,1,0,,D:/projects/lineage tracing/FateScape/Sensitivity_data/method_outputs/FateScape_HammingWeightSensitivity/_patched_runners/run_fatescape_weight_inverse_k_strict.R
1024,0.466136803993682,0.563990302345843,0.867776689520078,1772,FateScape,imputed_in_pipeline,0.9,0.1,100,10,,weight_inverse_k_strict,w(k)=1/k; w(0)=1,inverse_k,1,0,,D:/projects/lineage tracing/FateScape/Sensitivity_data/method_outputs/FateScape_HammingWeightSensitivity/_patched_runners/run_fatescape_weight_inverse_k_strict.R
1024,0.429850686613827,0.613219115501734,0.890303623898139,1818,FateScape,imputed_in_pipeline,0.9,0.1,100,10,,weight_inverse_k_strict,w(k)=1/k; w(0)=1,inverse_k,1,0,,D:/projects/lineage tracing/FateScape/Sensitivity_data/method_outputs/FateScape_HammingWeightSensitivity/_patched_runners/run_fatescape_weight_inverse_k_strict.R
1024,0.452744705646084,0.562040055255284,0.866797257590597,1770,FateScape,imputed_in_pipeline,0.9,0.1,100,10,,weight_inverse_k_strict,w(k)=1/k; w(0)=1,inverse_k,1,0,,D:/projects/lineage tracing/FateScape/Sensitivity_data/method_outputs/FateScape_HammingWeightSensitivity/_patched_runners/run_fatescape_weight_inverse_k_strict.R
1024,0.411373772528569,0.599912904095853,0.904015670910872,1846,FateScape,imputed_in_pipeline,0.9,0.1,100,10,,weight_inverse_k_strict,w(k)=1/k; w(0)=1,inverse_k,1,0,,D:/projects/lineage tracing/FateScape/Sensitivity_data/method_outputs/FateScape_HammingWeightSensitivity/_patched_runners/run_fatescape_weight_inverse_k_strict.R
1024,0.415137956091591,0.64403860865634,0.894221351616063,1826,FateScape,imputed_in_pipeline,0.9,0.1,100,10,,weight_inverse_k_strict,w(k)=1/k; w(0)=1,inverse_k,1,0,,D:/projects/lineage tracing/FateScape/Sensitivity_data/method_outputs/FateScape_HammingWeightSensitivity/_patched_runners/run_fatescape_weight_inverse_k_strict.R
1024,0.423899046989004,0.637290746828359,0.878550440744368,1794,FateScape,imputed_in_pipeline,0.9,0.1,100,10,,weight_inverse_k_strict,w(k)=1/k; w(0)=1,inverse_k,1,0,,D:/projects/lineage tracing/FateScape/Sensitivity_data/method_outputs/FateScape_HammingWeightSensitivity/_patched_runners/run_fatescape_weight_inverse_k_strict.R
1024,0.437552101195339,0.623809762831442,0.875612144955926,1788,FateScape,imputed_in_pipeline,0.9,0.1,100,10,,weight_inverse_k_strict,w(k)=1/k; w(0)=1,inverse_k,1,0,,D:/projects/lineage tracing/FateScape/Sensitivity_data/method_outputs/FateScape_HammingWeightSensitivity/_patched_runners/run_fatescape_weight_inverse_k_strict.R
1024,0.400799531174289,0.656449351495498,0.901077375122429,1840,FateScape,imputed_in_pipeline,0.9,0.1,100,10,,weight_inverse_k_strict,w(k)=1/k; w(0)=1,inverse_k,1,0,,D:/projects/lineage tracing/FateScape/Sensitivity_data/method_outputs/FateScape_HammingWeightSensitivity/_patched_runners/run_fatescape_weight_inverse_k_strict.R
1024,0.411236516976339,0.631714668312009,0.90205680705191,1842,FateScape,imputed_in_pipeline,0.9,0.1,100,10,,weight_inverse_k_strict,w(k)=1/k; w(0)=1,inverse_k,1,0,,D:/projects/lineage tracing/FateScape/Sensitivity_data/method_outputs/FateScape_HammingWeightSensitivity/_patched_runners/run_fatescape_weight_inverse_k_strict.R
1024,0.453245141485273,0.562146210267152,0.878550440744368,1794,FateScape,imputed_in_pipeline,0.9,0.1,100,10,,weight_inverse_sqrt_kplus1,w(k)=1/sqrt(k+1),inverse_power,0.5,1,,D:/projects/lineage tracing/FateScape/Sensitivity_data/method_outputs/FateScape_HammingWeightSensitivity/_patched_runners/run_fatescape_weight_inverse_sqrt_kplus1.R
1024,0.46952507829835,0.544229068772254,0.859941234084231,1756,FateScape,imputed_in_pipeline,0.9,0.1,100,10,,weight_inverse_sqrt_kplus1,w(k)=1/sqrt(k+1),inverse_power,0.5,1,,D:/projects/lineage tracing/FateScape/Sensitivity_data/method_outputs/FateScape_HammingWeightSensitivity/_patched_runners/run_fatescape_weight_inverse_sqrt_kplus1.R
1024,0.469202955300465,0.534461278609536,0.853085210577865,1742,FateScape,imputed_in_pipeline,0.9,0.1,100,10,,weight_inverse_sqrt_kplus1,w(k)=1/sqrt(k+1),inverse_power,0.5,1,,D:/projects/lineage tracing/FateScape/Sensitivity_data/method_outputs/FateScape_HammingWeightSensitivity/_patched_runners/run_fatescape_weight_inverse_sqrt_kplus1.R
1024,0.469551129386771,0.551245537977019,0.868756121449559,1774,FateScape,imputed_in_pipeline,0.9,0.1,100,10,,weight_inverse_sqrt_kplus1,w(k)=1/sqrt(k+1),inverse_power,0.5,1,,D:/projects/lineage tracing/FateScape/Sensitivity_data/method_outputs/FateScape_HammingWeightSensitivity/_patched_runners/run_fatescape_weight_inverse_sqrt_kplus1.R
1024,0.432975841760117,0.608236724729647,0.889324191968658,1816,FateScape,imputed_in_pipeline,0.9,0.1,100,10,,weight_inverse_sqrt_kplus1,w(k)=1/sqrt(k+1),inverse_power,0.5,1,,D:/projects/lineage tracing/FateScape/Sensitivity_data/method_outputs/FateScape_HammingWeightSensitivity/_patched_runners/run_fatescape_weight_inverse_sqrt_kplus1.R
1024,0.453006861085074,0.571306767906381,0.865817825661117,1768,FateScape,imputed_in_pipeline,0.9,0.1,100,10,,weight_inverse_sqrt_kplus1,w(k)=1/sqrt(k+1),inverse_power,0.5,1,,D:/projects/lineage tracing/FateScape/Sensitivity_data/method_outputs/FateScape_HammingWeightSensitivity/_patched_runners/run_fatescape_weight_inverse_sqrt_kplus1.R
1024,0.411876411304432,0.605963808765911,0.90205680705191,1842,FateScape,imputed_in_pipeline,0.9,0.1,100,10,,weight_inverse_sqrt_kplus1,w(k)=1/sqrt(k+1),inverse_power,0.5,1,,D:/projects/lineage tracing/FateScape/Sensitivity_data/method_outputs/FateScape_HammingWeightSensitivity/_patched_runners/run_fatescape_weight_inverse_sqrt_kplus1.R
1024,0.419034677538255,0.635782674031204,0.893241919686582,1824,FateScape,imputed_in_pipeline,0.9,0.1,100,10,,weight_inverse_sqrt_kplus1,w(k)=1/sqrt(k+1),inverse_power,0.5,1,,D:/projects/lineage tracing/FateScape/Sensitivity_data/method_outputs/FateScape_HammingWeightSensitivity/_patched_runners/run_fatescape_weight_inverse_sqrt_kplus1.R
1024,0.41865659241525,0.643302645881853,0.88050930460333,1798,FateScape,imputed_in_pipeline,0.9,0.1,100,10,,weight_inverse_sqrt_kplus1,w(k)=1/sqrt(k+1),inverse_power,0.5,1,,D:/projects/lineage tracing/FateScape/Sensitivity_data/method_outputs/FateScape_HammingWeightSensitivity/_patched_runners/run_fatescape_weight_inverse_sqrt_kplus1.R
1024,0.434674536169189,0.622962733844305,0.879529872673849,1796,FateScape,imputed_in_pipeline,0.9,0.1,100,10,,weight_inverse_sqrt_kplus1,w(k)=1/sqrt(k+1),inverse_power,0.5,1,,D:/projects/lineage tracing/FateScape/Sensitivity_data/method_outputs/FateScape_HammingWeightSensitivity/_patched_runners/run_fatescape_weight_inverse_sqrt_kplus1.R
1024,0.406375970300648,0.635280073518317,0.900097943192948,1838,FateScape,imputed_in_pipeline,0.9,0.1,100,10,,weight_inverse_sqrt_kplus1,w(k)=1/sqrt(k+1),inverse_power,0.5,1,,D:/projects/lineage tracing/FateScape/Sensitivity_data/method_outputs/FateScape_HammingWeightSensitivity/_patched_runners/run_fatescape_weight_inverse_sqrt_kplus1.R
1024,0.412970631510181,0.63906787602885,0.900097943192948,1838,FateScape,imputed_in_pipeline,0.9,0.1,100,10,,weight_inverse_sqrt_kplus1,w(k)=1/sqrt(k+1),inverse_power,0.5,1,,D:/projects/lineage tracing/FateScape/Sensitivity_data/method_outputs/FateScape_HammingWeightSensitivity/_patched_runners/run_fatescape_weight_inverse_sqrt_kplus1.R
1024,0.457218938107165,0.532050068634522,0.878550440744368,1794,FateScape,imputed_in_pipeline,0.9,0.1,100,10,,weight_inverse_kplus1_default,"w(k)=1/(k+1), default",inverse_kplus1,1,1,,D:/projects/lineage tracing/FateScape/Sensitivity_data/method_outputs/FateScape_HammingWeightSensitivity/_patched_runners/run_fatescape_weight_inverse_kplus1_default.R
1024,0.469089929609763,0.548421569137226,0.859941234084231,1756,FateScape,imputed_in_pipeline,0.9,0.1,100,10,,weight_inverse_kplus1_default,"w(k)=1/(k+1), default",inverse_kplus1,1,1,,D:/projects/lineage tracing/FateScape/Sensitivity_data/method_outputs/FateScape_HammingWeightSensitivity/_patched_runners/run_fatescape_weight_inverse_kplus1_default.R
1024,0.467720173895856,0.542149768315922,0.853085210577865,1742,FateScape,imputed_in_pipeline,0.9,0.1,100,10,,weight_inverse_kplus1_default,"w(k)=1/(k+1), default",inverse_kplus1,1,1,,D:/projects/lineage tracing/FateScape/Sensitivity_data/method_outputs/FateScape_HammingWeightSensitivity/_patched_runners/run_fatescape_weight_inverse_kplus1_default.R
1024,0.465771680126861,0.559998961357671,0.868756121449559,1774,FateScape,imputed_in_pipeline,0.9,0.1,100,10,,weight_inverse_kplus1_default,"w(k)=1/(k+1), default",inverse_kplus1,1,1,,D:/projects/lineage tracing/FateScape/Sensitivity_data/method_outputs/FateScape_HammingWeightSensitivity/_patched_runners/run_fatescape_weight_inverse_kplus1_default.R
1024,0.42973380096832,0.616562695376116,0.89128305582762,1820,FateScape,imputed_in_pipeline,0.9,0.1,100,10,,weight_inverse_kplus1_default,"w(k)=1/(k+1), default",inverse_kplus1,1,1,,D:/projects/lineage tracing/FateScape/Sensitivity_data/method_outputs/FateScape_HammingWeightSensitivity/_patched_runners/run_fatescape_weight_inverse_kplus1_default.R
1024,0.450776352427503,0.573179771991718,0.867776689520078,1772,FateScape,imputed_in_pipeline,0.9,0.1,100,10,,weight_inverse_kplus1_default,"w(k)=1/(k+1), default",inverse_kplus1,1,1,,D:/projects/lineage tracing/FateScape/Sensitivity_data/method_outputs/FateScape_HammingWeightSensitivity/_patched_runners/run_fatescape_weight_inverse_kplus1_default.R
1024,0.411055247482612,0.609523948772118,0.90205680705191,1842,FateScape,imputed_in_pipeline,0.9,0.1,100,10,,weight_inverse_kplus1_default,"w(k)=1/(k+1), default",inverse_kplus1,1,1,,D:/projects/lineage tracing/FateScape/Sensitivity_data/method_outputs/FateScape_HammingWeightSensitivity/_patched_runners/run_fatescape_weight_inverse_kplus1_default.R
1024,0.401218051564288,0.672971742296875,0.896180215475024,1830,FateScape,imputed_in_pipeline,0.9,0.1,100,10,,weight_inverse_kplus1_default,"w(k)=1/(k+1), default",inverse_kplus1,1,1,,D:/projects/lineage tracing/FateScape/Sensitivity_data/method_outputs/FateScape_HammingWeightSensitivity/_patched_runners/run_fatescape_weight_inverse_kplus1_default.R
1024,0.412430356320899,0.670067670317776,0.879529872673849,1796,FateScape,imputed_in_pipeline,0.9,0.1,100,10,,weight_inverse_kplus1_default,"w(k)=1/(k+1), default",inverse_kplus1,1,1,,D:/projects/lineage tracing/FateScape/Sensitivity_data/method_outputs/FateScape_HammingWeightSensitivity/_patched_runners/run_fatescape_weight_inverse_kplus1_default.R
1024,0.420378263924505,0.662025971455078,0.879529872673849,1796,FateScape,imputed_in_pipeline,0.9,0.1,100,10,,weight_inverse_kplus1_default,"w(k)=1/(k+1), default",inverse_kplus1,1,1,,D:/projects/lineage tracing/FateScape/Sensitivity_data/method_outputs/FateScape_HammingWeightSensitivity/_patched_runners/run_fatescape_weight_inverse_kplus1_default.R
1024,0.40595791570014,0.633938734292307,0.901077375122429,1840,FateScape,imputed_in_pipeline,0.9,0.1,100,10,,weight_inverse_kplus1_default,"w(k)=1/(k+1), default",inverse_kplus1,1,1,,D:/projects/lineage tracing/FateScape/Sensitivity_data/method_outputs/FateScape_HammingWeightSensitivity/_patched_runners/run_fatescape_weight_inverse_kplus1_default.R
1024,0.406088650017611,0.654385003348421,0.90205680705191,1842,FateScape,imputed_in_pipeline,0.9,0.1,100,10,,weight_inverse_kplus1_default,"w(k)=1/(k+1), default",inverse_kplus1,1,1,,D:/projects/lineage tracing/FateScape/Sensitivity_data/method_outputs/FateScape_HammingWeightSensitivity/_patched_runners/run_fatescape_weight_inverse_kplus1_default.R
1024,0.446823307702537,0.579215019610671,0.881488736532811,1800,FateScape,imputed_in_pipeline,0.9,0.1,100,10,,weight_inverse_square_kplus1,w(k)=1/(k+1)^2,inverse_power,2,1,,D:/projects/lineage tracing/FateScape/Sensitivity_data/method_outputs/FateScape_HammingWeightSensitivity/_patched_runners/run_fatescape_weight_inverse_square_kplus1.R
1024,0.460859575391003,0.590294406902688,0.859941234084231,1756,FateScape,imputed_in_pipeline,0.9,0.1,100,10,,weight_inverse_square_kplus1,w(k)=1/(k+1)^2,inverse_power,2,1,,D:/projects/lineage tracing/FateScape/Sensitivity_data/method_outputs/FateScape_HammingWeightSensitivity/_patched_runners/run_fatescape_weight_inverse_square_kplus1.R
1024,0.465904438139876,0.549042000524767,0.853085210577865,1742,FateScape,imputed_in_pipeline,0.9,0.1,100,10,,weight_inverse_square_kplus1,w(k)=1/(k+1)^2,inverse_power,2,1,,D:/projects/lineage tracing/FateScape/Sensitivity_data/method_outputs/FateScape_HammingWeightSensitivity/_patched_runners/run_fatescape_weight_inverse_square_kplus1.R
1024,0.459175225364221,0.562929953544659,0.872673849167483,1782,FateScape,imputed_in_pipeline,0.9,0.1,100,10,,weight_inverse_square_kplus1,w(k)=1/(k+1)^2,inverse_power,2,1,,D:/projects/lineage tracing/FateScape/Sensitivity_data/method_outputs/FateScape_HammingWeightSensitivity/_patched_runners/run_fatescape_weight_inverse_square_kplus1.R
1024,0.426023566585644,0.625278580323455,0.890303623898139,1818,FateScape,imputed_in_pipeline,0.9,0.1,100,10,,weight_inverse_square_kplus1,w(k)=1/(k+1)^2,inverse_power,2,1,,D:/projects/lineage tracing/FateScape/Sensitivity_data/method_outputs/FateScape_HammingWeightSensitivity/_patched_runners/run_fatescape_weight_inverse_square_kplus1.R
1024,0.441380319570216,0.607718680024577,0.868756121449559,1774,FateScape,imputed_in_pipeline,0.9,0.1,100,10,,weight_inverse_square_kplus1,w(k)=1/(k+1)^2,inverse_power,2,1,,D:/projects/lineage tracing/FateScape/Sensitivity_data/method_outputs/FateScape_HammingWeightSensitivity/_patched_runners/run_fatescape_weight_inverse_square_kplus1.R
1024,0.401317198864165,0.637388725870985,0.904015670910872,1846,FateScape,imputed_in_pipeline,0.9,0.1,100,10,,weight_inverse_square_kplus1,w(k)=1/(k+1)^2,inverse_power,2,1,,D:/projects/lineage tracing/FateScape/Sensitivity_data/method_outputs/FateScape_HammingWeightSensitivity/_patched_runners/run_fatescape_weight_inverse_square_kplus1.R
1024,0.415192685124463,0.632101514169127,0.894221351616063,1826,FateScape,imputed_in_pipeline,0.9,0.1,100,10,,weight_inverse_square_kplus1,w(k)=1/(k+1)^2,inverse_power,2,1,,D:/projects/lineage tracing/FateScape/Sensitivity_data/method_outputs/FateScape_HammingWeightSensitivity/_patched_runners/run_fatescape_weight_inverse_square_kplus1.R
1024,0.395031242504214,0.703690779507719,0.884427032321254,1806,FateScape,imputed_in_pipeline,0.9,0.1,100,10,,weight_inverse_square_kplus1,w(k)=1/(k+1)^2,inverse_power,2,1,,D:/projects/lineage tracing/FateScape/Sensitivity_data/method_outputs/FateScape_HammingWeightSensitivity/_patched_runners/run_fatescape_weight_inverse_square_kplus1.R
1024,0.416210853913616,0.670236365978397,0.879529872673849,1796,FateScape,imputed_in_pipeline,0.9,0.1,100,10,,weight_inverse_square_kplus1,w(k)=1/(k+1)^2,inverse_power,2,1,,D:/projects/lineage tracing/FateScape/Sensitivity_data/method_outputs/FateScape_HammingWeightSensitivity/_patched_runners/run_fatescape_weight_inverse_square_kplus1.R
1024,0.378936828986053,0.701838748121289,0.906953966699314,1852,FateScape,imputed_in_pipeline,0.9,0.1,100,10,,weight_inverse_square_kplus1,w(k)=1/(k+1)^2,inverse_power,2,1,,D:/projects/lineage tracing/FateScape/Sensitivity_data/method_outputs/FateScape_HammingWeightSensitivity/_patched_runners/run_fatescape_weight_inverse_square_kplus1.R
1024,0.403393853183909,0.657138675042923,0.901077375122429,1840,FateScape,imputed_in_pipeline,0.9,0.1,100,10,,weight_inverse_square_kplus1,w(k)=1/(k+1)^2,inverse_power,2,1,,D:/projects/lineage tracing/FateScape/Sensitivity_data/method_outputs/FateScape_HammingWeightSensitivity/_patched_runners/run_fatescape_weight_inverse_square_kplus1.R
1024,0.455138263114502,0.540609962277408,0.878550440744368,1794,FateScape,imputed_in_pipeline,0.9,0.1,100,10,,weight_exponential_mild,w(k)=exp(-0.5k),exponential,,,0.5,D:/projects/lineage tracing/FateScape/Sensitivity_data/method_outputs/FateScape_HammingWeightSensitivity/_patched_runners/run_fatescape_weight_exponential_mild.R
1024,0.467508296308875,0.55290990899675,0.860920666013712,1758,FateScape,imputed_in_pipeline,0.9,0.1,100,10,,weight_exponential_mild,w(k)=exp(-0.5k),exponential,,,0.5,D:/projects/lineage tracing/FateScape/Sensitivity_data/method_outputs/FateScape_HammingWeightSensitivity/_patched_runners/run_fatescape_weight_exponential_mild.R
1024,0.467935830671308,0.54434342529559,0.853085210577865,1742,FateScape,imputed_in_pipeline,0.9,0.1,100,10,,weight_exponential_mild,w(k)=exp(-0.5k),exponential,,,0.5,D:/projects/lineage tracing/FateScape/Sensitivity_data/method_outputs/FateScape_HammingWeightSensitivity/_patched_runners/run_fatescape_weight_exponential_mild.R
1024,0.468882540012803,0.544864618738573,0.866797257590597,1770,FateScape,imputed_in_pipeline,0.9,0.1,100,10,,weight_exponential_mild,w(k)=exp(-0.5k),exponential,,,0.5,D:/projects/lineage tracing/FateScape/Sensitivity_data/method_outputs/FateScape_HammingWeightSensitivity/_patched_runners/run_fatescape_weight_exponential_mild.R
1024,0.433305234548128,0.603192840534978,0.889324191968658,1816,FateScape,imputed_in_pipeline,0.9,0.1,100,10,,weight_exponential_mild,w(k)=exp(-0.5k),exponential,,,0.5,D:/projects/lineage tracing/FateScape/Sensitivity_data/method_outputs/FateScape_HammingWeightSensitivity/_patched_runners/run_fatescape_weight_exponential_mild.R
1024,0.452460731440172,0.563615912584442,0.866797257590597,1770,FateScape,imputed_in_pipeline,0.9,0.1,100,10,,weight_exponential_mild,w(k)=exp(-0.5k),exponential,,,0.5,D:/projects/lineage tracing/FateScape/Sensitivity_data/method_outputs/FateScape_HammingWeightSensitivity/_patched_runners/run_fatescape_weight_exponential_mild.R
1024,0.418285990866131,0.566096654214057,0.90205680705191,1842,FateScape,imputed_in_pipeline,0.9,0.1,100,10,,weight_exponential_mild,w(k)=exp(-0.5k),exponential,,,0.5,D:/projects/lineage tracing/FateScape/Sensitivity_data/method_outputs/FateScape_HammingWeightSensitivity/_patched_runners/run_fatescape_weight_exponential_mild.R
1024,0.413825571238001,0.640215081520157,0.893241919686582,1824,FateScape,imputed_in_pipeline,0.9,0.1,100,10,,weight_exponential_mild,w(k)=exp(-0.5k),exponential,,,0.5,D:/projects/lineage tracing/FateScape/Sensitivity_data/method_outputs/FateScape_HammingWeightSensitivity/_patched_runners/run_fatescape_weight_exponential_mild.R
1024,0.414043716579435,0.676977540696153,0.88050930460333,1798,FateScape,imputed_in_pipeline,0.9,0.1,100,10,,weight_exponential_mild,w(k)=exp(-0.5k),exponential,,,0.5,D:/projects/lineage tracing/FateScape/Sensitivity_data/method_outputs/FateScape_HammingWeightSensitivity/_patched_runners/run_fatescape_weight_exponential_mild.R
1024,0.427689131635646,0.644269855502124,0.881488736532811,1800,FateScape,imputed_in_pipeline,0.9,0.1,100,10,,weight_exponential_mild,w(k)=exp(-0.5k),exponential,,,0.5,D:/projects/lineage tracing/FateScape/Sensitivity_data/method_outputs/FateScape_HammingWeightSensitivity/_patched_runners/run_fatescape_weight_exponential_mild.R
1024,0.404590821518649,0.638588422155109,0.900097943192948,1838,FateScape,imputed_in_pipeline,0.9,0.1,100,10,,weight_exponential_mild,w(k)=exp(-0.5k),exponential,,,0.5,D:/projects/lineage tracing/FateScape/Sensitivity_data/method_outputs/FateScape_HammingWeightSensitivity/_patched_runners/run_fatescape_weight_exponential_mild.R
1024,0.413309836879676,0.640707328946679,0.899118511263467,1836,FateScape,imputed_in_pipeline,0.9,0.1,100,10,,weight_exponential_mild,w(k)=exp(-0.5k),exponential,,,0.5,D:/projects/lineage tracing/FateScape/Sensitivity_data/method_outputs/FateScape_HammingWeightSensitivity/_patched_runners/run_fatescape_weight_exponential_mild.R
1024,0.448790309926039,0.572263256260577,0.88050930460333,1798,FateScape,imputed_in_pipeline,0.9,0.1,100,10,,weight_exponential_strong,w(k)=exp(-k),exponential,,,1,D:/projects/lineage tracing/FateScape/Sensitivity_data/method_outputs/FateScape_HammingWeightSensitivity/_patched_runners/run_fatescape_weight_exponential_strong.R
1024,0.452018187161897,0.614753331974058,0.864838393731636,1766,FateScape,imputed_in_pipeline,0.9,0.1,100,10,,weight_exponential_strong,w(k)=exp(-k),exponential,,,1,D:/projects/lineage tracing/FateScape/Sensitivity_data/method_outputs/FateScape_HammingWeightSensitivity/_patched_runners/run_fatescape_weight_exponential_strong.R
1024,0.459559717774592,0.565968318859594,0.854064642507346,1744,FateScape,imputed_in_pipeline,0.9,0.1,100,10,,weight_exponential_strong,w(k)=exp(-k),exponential,,,1,D:/projects/lineage tracing/FateScape/Sensitivity_data/method_outputs/FateScape_HammingWeightSensitivity/_patched_runners/run_fatescape_weight_exponential_strong.R
1024,0.460271377436147,0.563196853404546,0.870714985308521,1778,FateScape,imputed_in_pipeline,0.9,0.1,100,10,,weight_exponential_strong,w(k)=exp(-k),exponential,,,1,D:/projects/lineage tracing/FateScape/Sensitivity_data/method_outputs/FateScape_HammingWeightSensitivity/_patched_runners/run_fatescape_weight_exponential_strong.R
1024,0.426144053596927,0.617169731799731,0.893241919686582,1824,FateScape,imputed_in_pipeline,0.9,0.1,100,10,,weight_exponential_strong,w(k)=exp(-k),exponential,,,1,D:/projects/lineage tracing/FateScape/Sensitivity_data/method_outputs/FateScape_HammingWeightSensitivity/_patched_runners/run_fatescape_weight_exponential_strong.R
1024,0.438931896499321,0.609894920090641,0.870714985308521,1778,FateScape,imputed_in_pipeline,0.9,0.1,100,10,,weight_exponential_strong,w(k)=exp(-k),exponential,,,1,D:/projects/lineage tracing/FateScape/Sensitivity_data/method_outputs/FateScape_HammingWeightSensitivity/_patched_runners/run_fatescape_weight_exponential_strong.R
1024,0.40118602928879,0.65422262266824,0.904015670910872,1846,FateScape,imputed_in_pipeline,0.9,0.1,100,10,,weight_exponential_strong,w(k)=exp(-k),exponential,,,1,D:/projects/lineage tracing/FateScape/Sensitivity_data/method_outputs/FateScape_HammingWeightSensitivity/_patched_runners/run_fatescape_weight_exponential_strong.R
1024,0.400460704010807,0.671107163827009,0.896180215475024,1830,FateScape,imputed_in_pipeline,0.9,0.1,100,10,,weight_exponential_strong,w(k)=exp(-k),exponential,,,1,D:/projects/lineage tracing/FateScape/Sensitivity_data/method_outputs/FateScape_HammingWeightSensitivity/_patched_runners/run_fatescape_weight_exponential_strong.R
1024,0.398544418934834,0.706529073620587,0.882468168462292,1802,FateScape,imputed_in_pipeline,0.9,0.1,100,10,,weight_exponential_strong,w(k)=exp(-k),exponential,,,1,D:/projects/lineage tracing/FateScape/Sensitivity_data/method_outputs/FateScape_HammingWeightSensitivity/_patched_runners/run_fatescape_weight_exponential_strong.R
1024,0.408096277970466,0.69083284250305,0.881488736532811,1800,FateScape,imputed_in_pipeline,0.9,0.1,100,10,,weight_exponential_strong,w(k)=exp(-k),exponential,,,1,D:/projects/lineage tracing/FateScape/Sensitivity_data/method_outputs/FateScape_HammingWeightSensitivity/_patched_runners/run_fatescape_weight_exponential_strong.R
1024,0.389630118874282,0.676559369424949,0.904015670910872,1846,FateScape,imputed_in_pipeline,0.9,0.1,100,10,,weight_exponential_strong,w(k)=exp(-k),exponential,,,1,D:/projects/lineage tracing/FateScape/Sensitivity_data/method_outputs/FateScape_HammingWeightSensitivity/_patched_runners/run_fatescape_weight_exponential_strong.R
1024,0.404834475723635,0.668282431349011,0.900097943192948,1838,FateScape,imputed_in_pipeline,0.9,0.1,100,10,,weight_exponential_strong,w(k)=exp(-k),exponential,,,1,D:/projects/lineage tracing/FateScape/Sensitivity_data/method_outputs/FateScape_HammingWeightSensitivity/_patched_runners/run_fatescape_weight_exponential_strong.R
