n_tips,Nye,TreeDistance,RF_normalized,RF_raw,method,barcode_source,lambda_barcode,lambda_state,max_iter,repeat_time,eval_error,omega_setting,omega,omega_runner
1024,0.426787289646834,0.597994951782591,0.887365328109696,1812,FateScape,imputed_in_pipeline,0.9,0.1,100,10,,omega_0p50_weak_conflict,0.5,D:/projects/lineage tracing/FateScape/Sensitivity_data/method_outputs/FateScape_OmegaSensitivity/_patched_runners/run_fatescape_omega_0p50_weak_conflict.R
1024,0.426291215455578,0.633519160292347,0.86973555337904,1776,FateScape,imputed_in_pipeline,0.9,0.1,100,10,,omega_0p50_weak_conflict,0.5,D:/projects/lineage tracing/FateScape/Sensitivity_data/method_outputs/FateScape_OmegaSensitivity/_patched_runners/run_fatescape_omega_0p50_weak_conflict.R
1024,0.430674721904039,0.615619014469234,0.862879529872674,1762,FateScape,imputed_in_pipeline,0.9,0.1,100,10,,omega_0p50_weak_conflict,0.5,D:/projects/lineage tracing/FateScape/Sensitivity_data/method_outputs/FateScape_OmegaSensitivity/_patched_runners/run_fatescape_omega_0p50_weak_conflict.R
1024,0.424404627570466,0.63147180209479,0.884427032321254,1806,FateScape,imputed_in_pipeline,0.9,0.1,100,10,,omega_0p50_weak_conflict,0.5,D:/projects/lineage tracing/FateScape/Sensitivity_data/method_outputs/FateScape_OmegaSensitivity/_patched_runners/run_fatescape_omega_0p50_weak_conflict.R
1024,0.40467767325848,0.657841207909752,0.904015670910872,1846,FateScape,imputed_in_pipeline,0.9,0.1,100,10,,omega_0p50_weak_conflict,0.5,D:/projects/lineage tracing/FateScape/Sensitivity_data/method_outputs/FateScape_OmegaSensitivity/_patched_runners/run_fatescape_omega_0p50_weak_conflict.R
1024,0.417096530286563,0.619774201043107,0.88050930460333,1798,FateScape,imputed_in_pipeline,0.9,0.1,100,10,,omega_0p50_weak_conflict,0.5,D:/projects/lineage tracing/FateScape/Sensitivity_data/method_outputs/FateScape_OmegaSensitivity/_patched_runners/run_fatescape_omega_0p50_weak_conflict.R
1024,0.379701211151088,0.696591826590302,0.907933398628795,1854,FateScape,imputed_in_pipeline,0.9,0.1,100,10,,omega_0p50_weak_conflict,0.5,D:/projects/lineage tracing/FateScape/Sensitivity_data/method_outputs/FateScape_OmegaSensitivity/_patched_runners/run_fatescape_omega_0p50_weak_conflict.R
1024,0.389403080051016,0.68280816905091,0.90205680705191,1842,FateScape,imputed_in_pipeline,0.9,0.1,100,10,,omega_0p50_weak_conflict,0.5,D:/projects/lineage tracing/FateScape/Sensitivity_data/method_outputs/FateScape_OmegaSensitivity/_patched_runners/run_fatescape_omega_0p50_weak_conflict.R
1024,0.393227378358193,0.716141221940664,0.882468168462292,1802,FateScape,imputed_in_pipeline,0.9,0.1,100,10,,omega_0p50_weak_conflict,0.5,D:/projects/lineage tracing/FateScape/Sensitivity_data/method_outputs/FateScape_OmegaSensitivity/_patched_runners/run_fatescape_omega_0p50_weak_conflict.R
1024,0.400792400316694,0.689074074515826,0.887365328109696,1812,FateScape,imputed_in_pipeline,0.9,0.1,100,10,,omega_0p50_weak_conflict,0.5,D:/projects/lineage tracing/FateScape/Sensitivity_data/method_outputs/FateScape_OmegaSensitivity/_patched_runners/run_fatescape_omega_0p50_weak_conflict.R
1024,0.375128730526301,0.712159320180327,0.904995102840353,1848,FateScape,imputed_in_pipeline,0.9,0.1,100,10,,omega_0p50_weak_conflict,0.5,D:/projects/lineage tracing/FateScape/Sensitivity_data/method_outputs/FateScape_OmegaSensitivity/_patched_runners/run_fatescape_omega_0p50_weak_conflict.R
1024,0.383583316695255,0.699365454307305,0.907933398628795,1854,FateScape,imputed_in_pipeline,0.9,0.1,100,10,,omega_0p50_weak_conflict,0.5,D:/projects/lineage tracing/FateScape/Sensitivity_data/method_outputs/FateScape_OmegaSensitivity/_patched_runners/run_fatescape_omega_0p50_weak_conflict.R
1024,0.442735233145751,0.586567844211975,0.881488736532811,1800,FateScape,imputed_in_pipeline,0.9,0.1,100,10,,omega_1p00_hamming_like,1,D:/projects/lineage tracing/FateScape/Sensitivity_data/method_outputs/FateScape_OmegaSensitivity/_patched_runners/run_fatescape_omega_1p00_hamming_like.R
1024,0.456284459622519,0.600316095276311,0.862879529872674,1762,FateScape,imputed_in_pipeline,0.9,0.1,100,10,,omega_1p00_hamming_like,1,D:/projects/lineage tracing/FateScape/Sensitivity_data/method_outputs/FateScape_OmegaSensitivity/_patched_runners/run_fatescape_omega_1p00_hamming_like.R
1024,0.461611477090744,0.564719092911642,0.854064642507346,1744,FateScape,imputed_in_pipeline,0.9,0.1,100,10,,omega_1p00_hamming_like,1,D:/projects/lineage tracing/FateScape/Sensitivity_data/method_outputs/FateScape_OmegaSensitivity/_patched_runners/run_fatescape_omega_1p00_hamming_like.R
1024,0.459152729126252,0.580344233272426,0.871694417238002,1780,FateScape,imputed_in_pipeline,0.9,0.1,100,10,,omega_1p00_hamming_like,1,D:/projects/lineage tracing/FateScape/Sensitivity_data/method_outputs/FateScape_OmegaSensitivity/_patched_runners/run_fatescape_omega_1p00_hamming_like.R
1024,0.425638055609419,0.619109771659383,0.890303623898139,1818,FateScape,imputed_in_pipeline,0.9,0.1,100,10,,omega_1p00_hamming_like,1,D:/projects/lineage tracing/FateScape/Sensitivity_data/method_outputs/FateScape_OmegaSensitivity/_patched_runners/run_fatescape_omega_1p00_hamming_like.R
1024,0.448953700358999,0.577927110428087,0.867776689520078,1772,FateScape,imputed_in_pipeline,0.9,0.1,100,10,,omega_1p00_hamming_like,1,D:/projects/lineage tracing/FateScape/Sensitivity_data/method_outputs/FateScape_OmegaSensitivity/_patched_runners/run_fatescape_omega_1p00_hamming_like.R
1024,0.403941162892676,0.628525735774774,0.904015670910872,1846,FateScape,imputed_in_pipeline,0.9,0.1,100,10,,omega_1p00_hamming_like,1,D:/projects/lineage tracing/FateScape/Sensitivity_data/method_outputs/FateScape_OmegaSensitivity/_patched_runners/run_fatescape_omega_1p00_hamming_like.R
1024,0.405729205947379,0.660560664155254,0.896180215475024,1830,FateScape,imputed_in_pipeline,0.9,0.1,100,10,,omega_1p00_hamming_like,1,D:/projects/lineage tracing/FateScape/Sensitivity_data/method_outputs/FateScape_OmegaSensitivity/_patched_runners/run_fatescape_omega_1p00_hamming_like.R
1024,0.401947526569347,0.69241676505974,0.884427032321254,1806,FateScape,imputed_in_pipeline,0.9,0.1,100,10,,omega_1p00_hamming_like,1,D:/projects/lineage tracing/FateScape/Sensitivity_data/method_outputs/FateScape_OmegaSensitivity/_patched_runners/run_fatescape_omega_1p00_hamming_like.R
1024,0.412313493599937,0.687528800486978,0.88050930460333,1798,FateScape,imputed_in_pipeline,0.9,0.1,100,10,,omega_1p00_hamming_like,1,D:/projects/lineage tracing/FateScape/Sensitivity_data/method_outputs/FateScape_OmegaSensitivity/_patched_runners/run_fatescape_omega_1p00_hamming_like.R
1024,0.390744987523512,0.665251223399853,0.904995102840353,1848,FateScape,imputed_in_pipeline,0.9,0.1,100,10,,omega_1p00_hamming_like,1,D:/projects/lineage tracing/FateScape/Sensitivity_data/method_outputs/FateScape_OmegaSensitivity/_patched_runners/run_fatescape_omega_1p00_hamming_like.R
1024,0.40540926892229,0.654523408394773,0.90205680705191,1842,FateScape,imputed_in_pipeline,0.9,0.1,100,10,,omega_1p00_hamming_like,1,D:/projects/lineage tracing/FateScape/Sensitivity_data/method_outputs/FateScape_OmegaSensitivity/_patched_runners/run_fatescape_omega_1p00_hamming_like.R
1024,0.460101501559761,0.544974040420965,0.88050930460333,1798,FateScape,imputed_in_pipeline,0.9,0.1,100,10,,omega_1p50_default,1.5,D:/projects/lineage tracing/FateScape/Sensitivity_data/method_outputs/FateScape_OmegaSensitivity/_patched_runners/run_fatescape_omega_1p50_default.R
1024,0.469247849611751,0.559186852548449,0.862879529872674,1762,FateScape,imputed_in_pipeline,0.9,0.1,100,10,,omega_1p50_default,1.5,D:/projects/lineage tracing/FateScape/Sensitivity_data/method_outputs/FateScape_OmegaSensitivity/_patched_runners/run_fatescape_omega_1p50_default.R
1024,0.468800493388667,0.547522623041087,0.856023506366308,1748,FateScape,imputed_in_pipeline,0.9,0.1,100,10,,omega_1p50_default,1.5,D:/projects/lineage tracing/FateScape/Sensitivity_data/method_outputs/FateScape_OmegaSensitivity/_patched_runners/run_fatescape_omega_1p50_default.R
1024,0.449798296609772,0.608314838093258,0.872673849167483,1782,FateScape,imputed_in_pipeline,0.9,0.1,100,10,,omega_1p50_default,1.5,D:/projects/lineage tracing/FateScape/Sensitivity_data/method_outputs/FateScape_OmegaSensitivity/_patched_runners/run_fatescape_omega_1p50_default.R
1024,0.427176434647727,0.629614278891951,0.889324191968658,1816,FateScape,imputed_in_pipeline,0.9,0.1,100,10,,omega_1p50_default,1.5,D:/projects/lineage tracing/FateScape/Sensitivity_data/method_outputs/FateScape_OmegaSensitivity/_patched_runners/run_fatescape_omega_1p50_default.R
1024,0.444747105798353,0.606786533040554,0.86973555337904,1776,FateScape,imputed_in_pipeline,0.9,0.1,100,10,,omega_1p50_default,1.5,D:/projects/lineage tracing/FateScape/Sensitivity_data/method_outputs/FateScape_OmegaSensitivity/_patched_runners/run_fatescape_omega_1p50_default.R
1024,0.411003237083047,0.622092764454269,0.90205680705191,1842,FateScape,imputed_in_pipeline,0.9,0.1,100,10,,omega_1p50_default,1.5,D:/projects/lineage tracing/FateScape/Sensitivity_data/method_outputs/FateScape_OmegaSensitivity/_patched_runners/run_fatescape_omega_1p50_default.R
1024,0.4007132015817,0.671558413840697,0.897159647404505,1832,FateScape,imputed_in_pipeline,0.9,0.1,100,10,,omega_1p50_default,1.5,D:/projects/lineage tracing/FateScape/Sensitivity_data/method_outputs/FateScape_OmegaSensitivity/_patched_runners/run_fatescape_omega_1p50_default.R
1024,0.407747189484515,0.696578507628205,0.88050930460333,1798,FateScape,imputed_in_pipeline,0.9,0.1,100,10,,omega_1p50_default,1.5,D:/projects/lineage tracing/FateScape/Sensitivity_data/method_outputs/FateScape_OmegaSensitivity/_patched_runners/run_fatescape_omega_1p50_default.R
1024,0.419612209084556,0.673073781226134,0.877571008814887,1792,FateScape,imputed_in_pipeline,0.9,0.1,100,10,,omega_1p50_default,1.5,D:/projects/lineage tracing/FateScape/Sensitivity_data/method_outputs/FateScape_OmegaSensitivity/_patched_runners/run_fatescape_omega_1p50_default.R
1024,0.393256023775666,0.678264941043639,0.898139079333986,1834,FateScape,imputed_in_pipeline,0.9,0.1,100,10,,omega_1p50_default,1.5,D:/projects/lineage tracing/FateScape/Sensitivity_data/method_outputs/FateScape_OmegaSensitivity/_patched_runners/run_fatescape_omega_1p50_default.R
1024,0.409740040438537,0.654629949239817,0.900097943192948,1838,FateScape,imputed_in_pipeline,0.9,0.1,100,10,,omega_1p50_default,1.5,D:/projects/lineage tracing/FateScape/Sensitivity_data/method_outputs/FateScape_OmegaSensitivity/_patched_runners/run_fatescape_omega_1p50_default.R
1024,0.455524606411712,0.552131397780908,0.879529872673849,1796,FateScape,imputed_in_pipeline,0.9,0.1,100,10,,omega_2p00_strong_conflict,2,D:/projects/lineage tracing/FateScape/Sensitivity_data/method_outputs/FateScape_OmegaSensitivity/_patched_runners/run_fatescape_omega_2p00_strong_conflict.R
1024,0.459648357539347,0.579075759209097,0.861900097943193,1760,FateScape,imputed_in_pipeline,0.9,0.1,100,10,,omega_2p00_strong_conflict,2,D:/projects/lineage tracing/FateScape/Sensitivity_data/method_outputs/FateScape_OmegaSensitivity/_patched_runners/run_fatescape_omega_2p00_strong_conflict.R
1024,0.474262943235826,0.534458633743142,0.853085210577865,1742,FateScape,imputed_in_pipeline,0.9,0.1,100,10,,omega_2p00_strong_conflict,2,D:/projects/lineage tracing/FateScape/Sensitivity_data/method_outputs/FateScape_OmegaSensitivity/_patched_runners/run_fatescape_omega_2p00_strong_conflict.R
1024,0.455223116781629,0.597738796534886,0.867776689520078,1772,FateScape,imputed_in_pipeline,0.9,0.1,100,10,,omega_2p00_strong_conflict,2,D:/projects/lineage tracing/FateScape/Sensitivity_data/method_outputs/FateScape_OmegaSensitivity/_patched_runners/run_fatescape_omega_2p00_strong_conflict.R
1024,0.429537551416642,0.616560697714891,0.888344760039177,1814,FateScape,imputed_in_pipeline,0.9,0.1,100,10,,omega_2p00_strong_conflict,2,D:/projects/lineage tracing/FateScape/Sensitivity_data/method_outputs/FateScape_OmegaSensitivity/_patched_runners/run_fatescape_omega_2p00_strong_conflict.R
1024,0.45073914624965,0.573730788744124,0.867776689520078,1772,FateScape,imputed_in_pipeline,0.9,0.1,100,10,,omega_2p00_strong_conflict,2,D:/projects/lineage tracing/FateScape/Sensitivity_data/method_outputs/FateScape_OmegaSensitivity/_patched_runners/run_fatescape_omega_2p00_strong_conflict.R
1024,0.399970641516693,0.658051170962816,0.904015670910872,1846,FateScape,imputed_in_pipeline,0.9,0.1,100,10,,omega_2p00_strong_conflict,2,D:/projects/lineage tracing/FateScape/Sensitivity_data/method_outputs/FateScape_OmegaSensitivity/_patched_runners/run_fatescape_omega_2p00_strong_conflict.R
1024,0.404747890559621,0.669961174383258,0.896180215475024,1830,FateScape,imputed_in_pipeline,0.9,0.1,100,10,,omega_2p00_strong_conflict,2,D:/projects/lineage tracing/FateScape/Sensitivity_data/method_outputs/FateScape_OmegaSensitivity/_patched_runners/run_fatescape_omega_2p00_strong_conflict.R
1024,0.410506563761928,0.677137141842307,0.881488736532811,1800,FateScape,imputed_in_pipeline,0.9,0.1,100,10,,omega_2p00_strong_conflict,2,D:/projects/lineage tracing/FateScape/Sensitivity_data/method_outputs/FateScape_OmegaSensitivity/_patched_runners/run_fatescape_omega_2p00_strong_conflict.R
1024,0.418186791710659,0.673372070301248,0.876591576885406,1790,FateScape,imputed_in_pipeline,0.9,0.1,100,10,,omega_2p00_strong_conflict,2,D:/projects/lineage tracing/FateScape/Sensitivity_data/method_outputs/FateScape_OmegaSensitivity/_patched_runners/run_fatescape_omega_2p00_strong_conflict.R
1024,0.39966758587086,0.66242690105661,0.898139079333986,1834,FateScape,imputed_in_pipeline,0.9,0.1,100,10,,omega_2p00_strong_conflict,2,D:/projects/lineage tracing/FateScape/Sensitivity_data/method_outputs/FateScape_OmegaSensitivity/_patched_runners/run_fatescape_omega_2p00_strong_conflict.R
1024,0.400564795400963,0.67553193822384,0.90205680705191,1842,FateScape,imputed_in_pipeline,0.9,0.1,100,10,,omega_2p00_strong_conflict,2,D:/projects/lineage tracing/FateScape/Sensitivity_data/method_outputs/FateScape_OmegaSensitivity/_patched_runners/run_fatescape_omega_2p00_strong_conflict.R
1024,0.453720060420112,0.560188114032564,0.883447600391773,1804,FateScape,imputed_in_pipeline,0.9,0.1,100,10,,omega_3p00_very_strong_conflict,3,D:/projects/lineage tracing/FateScape/Sensitivity_data/method_outputs/FateScape_OmegaSensitivity/_patched_runners/run_fatescape_omega_3p00_very_strong_conflict.R
1024,0.466848882961592,0.579776830716452,0.861900097943193,1760,FateScape,imputed_in_pipeline,0.9,0.1,100,10,,omega_3p00_very_strong_conflict,3,D:/projects/lineage tracing/FateScape/Sensitivity_data/method_outputs/FateScape_OmegaSensitivity/_patched_runners/run_fatescape_omega_3p00_very_strong_conflict.R
1024,0.469649712058109,0.557051108916045,0.855044074436827,1746,FateScape,imputed_in_pipeline,0.9,0.1,100,10,,omega_3p00_very_strong_conflict,3,D:/projects/lineage tracing/FateScape/Sensitivity_data/method_outputs/FateScape_OmegaSensitivity/_patched_runners/run_fatescape_omega_3p00_very_strong_conflict.R
1024,0.464971674548454,0.579900212925634,0.86973555337904,1776,FateScape,imputed_in_pipeline,0.9,0.1,100,10,,omega_3p00_very_strong_conflict,3,D:/projects/lineage tracing/FateScape/Sensitivity_data/method_outputs/FateScape_OmegaSensitivity/_patched_runners/run_fatescape_omega_3p00_very_strong_conflict.R
1024,0.43398392465045,0.607034200623007,0.887365328109696,1812,FateScape,imputed_in_pipeline,0.9,0.1,100,10,,omega_3p00_very_strong_conflict,3,D:/projects/lineage tracing/FateScape/Sensitivity_data/method_outputs/FateScape_OmegaSensitivity/_patched_runners/run_fatescape_omega_3p00_very_strong_conflict.R
1024,0.456907404946379,0.573791694509937,0.866797257590597,1770,FateScape,imputed_in_pipeline,0.9,0.1,100,10,,omega_3p00_very_strong_conflict,3,D:/projects/lineage tracing/FateScape/Sensitivity_data/method_outputs/FateScape_OmegaSensitivity/_patched_runners/run_fatescape_omega_3p00_very_strong_conflict.R
1024,0.418076776174504,0.599299825880068,0.901077375122429,1840,FateScape,imputed_in_pipeline,0.9,0.1,100,10,,omega_3p00_very_strong_conflict,3,D:/projects/lineage tracing/FateScape/Sensitivity_data/method_outputs/FateScape_OmegaSensitivity/_patched_runners/run_fatescape_omega_3p00_very_strong_conflict.R
1024,0.400257385820057,0.676169012789755,0.898139079333986,1834,FateScape,imputed_in_pipeline,0.9,0.1,100,10,,omega_3p00_very_strong_conflict,3,D:/projects/lineage tracing/FateScape/Sensitivity_data/method_outputs/FateScape_OmegaSensitivity/_patched_runners/run_fatescape_omega_3p00_very_strong_conflict.R
1024,0.4166914957154,0.671293925764318,0.881488736532811,1800,FateScape,imputed_in_pipeline,0.9,0.1,100,10,,omega_3p00_very_strong_conflict,3,D:/projects/lineage tracing/FateScape/Sensitivity_data/method_outputs/FateScape_OmegaSensitivity/_patched_runners/run_fatescape_omega_3p00_very_strong_conflict.R
1024,0.414416286345461,0.675439093993719,0.875612144955926,1788,FateScape,imputed_in_pipeline,0.9,0.1,100,10,,omega_3p00_very_strong_conflict,3,D:/projects/lineage tracing/FateScape/Sensitivity_data/method_outputs/FateScape_OmegaSensitivity/_patched_runners/run_fatescape_omega_3p00_very_strong_conflict.R
1024,0.397254990909438,0.668134675147272,0.897159647404505,1832,FateScape,imputed_in_pipeline,0.9,0.1,100,10,,omega_3p00_very_strong_conflict,3,D:/projects/lineage tracing/FateScape/Sensitivity_data/method_outputs/FateScape_OmegaSensitivity/_patched_runners/run_fatescape_omega_3p00_very_strong_conflict.R
1024,0.40325247299165,0.668275654947713,0.898139079333986,1834,FateScape,imputed_in_pipeline,0.9,0.1,100,10,,omega_3p00_very_strong_conflict,3,D:/projects/lineage tracing/FateScape/Sensitivity_data/method_outputs/FateScape_OmegaSensitivity/_patched_runners/run_fatescape_omega_3p00_very_strong_conflict.R
