,S1,S2,S3,S4,S5,S6,S7,S8,S9,S10,S11,S12
cell_1,2,8,0,16,2,2,5,2,3,2,NA,NA
cell_2,2,0,0,16,2,2,5,2,3,2,2,NA
cell_3,NA,NA,NA,16,NA,2,5,NA,3,2,2,NA
cell_4,2,0,5,16,2,2,5,2,NA,2,NA,4
cell_5,NA,0,0,NA,NA,2,5,NA,3,2,2,0
cell_6,2,NA,NA,NA,NA,2,NA,2,3,2,NA,0
cell_7,2,0,3,16,2,2,5,NA,NA,NA,2,NA
cell_8,NA,NA,NA,16,NA,2,5,NA,3,2,2,NA
cell_9,NA,2,0,16,2,2,5,NA,3,2,2,NA
cell_10,2,2,0,NA,2,NA,5,2,NA,2,2,0
cell_11,NA,2,NA,NA,NA,NA,5,NA,NA,2,2,NA
cell_12,2,2,0,16,2,2,NA,NA,3,2,2,3
cell_13,2,NA,NA,NA,2,NA,NA,NA,NA,NA,2,NA
cell_14,2,2,0,16,2,NA,5,NA,3,2,NA,2
cell_15,2,2,3,NA,2,2,5,2,3,2,2,2
cell_16,2,2,NA,16,NA,NA,NA,NA,NA,2,NA,0
cell_17,2,5,2,16,2,NA,NA,NA,15,NA,NA,NA
cell_18,2,5,0,NA,2,2,5,NA,NA,NA,2,5
cell_19,NA,5,NA,16,2,2,NA,NA,15,2,2,NA
cell_20,2,5,NA,16,2,NA,5,2,NA,NA,NA,4
cell_21,2,NA,0,16,2,2,5,NA,NA,NA,NA,2
cell_22,NA,NA,0,16,NA,NA,NA,NA,NA,2,2,2
cell_23,2,NA,0,NA,2,2,5,2,0,2,2,NA
cell_24,2,NA,0,NA,2,2,5,2,0,2,2,0
cell_25,2,NA,NA,NA,2,2,5,2,0,2,NA,0
cell_26,2,3,NA,NA,2,2,5,2,0,NA,2,NA
cell_27,2,NA,NA,NA,2,2,NA,2,0,2,NA,118
cell_28,2,NA,0,NA,2,2,NA,2,0,NA,NA,0
cell_29,2,NA,2,16,2,2,5,NA,0,NA,2,2
cell_30,2,8,0,NA,2,2,5,2,NA,2,2,2
cell_31,2,2,2,16,2,NA,NA,2,6,2,NA,NA
cell_32,NA,2,2,16,NA,NA,5,2,NA,NA,2,2
cell_33,2,4,0,NA,NA,NA,5,2,NA,2,NA,2
cell_34,2,NA,0,16,NA,2,5,2,0,2,NA,2
cell_35,NA,4,0,NA,NA,2,NA,2,NA,NA,2,0
cell_36,2,NA,0,NA,2,2,NA,2,2,2,2,NA
cell_37,2,4,2,16,2,NA,5,2,NA,2,2,NA
cell_38,NA,4,2,NA,2,2,5,2,4,NA,2,0
cell_39,NA,4,NA,16,2,NA,5,2,4,2,NA,NA
cell_40,2,4,2,16,NA,2,NA,NA,NA,NA,2,2
cell_41,2,NA,0,16,2,2,NA,NA,2,2,NA,0
cell_42,2,4,NA,16,2,NA,5,2,2,NA,NA,3
cell_43,2,NA,NA,NA,2,NA,5,2,2,2,2,NA
cell_44,2,4,2,NA,2,NA,5,NA,2,2,NA,0
cell_45,2,4,0,NA,NA,2,5,2,NA,NA,2,0
cell_46,2,4,0,16,2,NA,NA,2,0,2,2,2
cell_47,2,4,0,16,NA,2,NA,2,NA,NA,2,0
cell_48,2,4,5,NA,2,NA,5,NA,0,2,2,NA
cell_49,NA,NA,2,NA,2,2,5,2,0,NA,NA,2
cell_50,NA,NA,2,16,2,2,5,2,0,2,2,2
cell_51,2,0,8,NA,NA,NA,5,2,0,NA,2,2
cell_52,NA,2,8,16,2,2,5,2,NA,NA,NA,2
cell_53,2,NA,NA,16,2,NA,5,2,2,2,2,NA
cell_54,2,0,5,16,2,2,5,NA,2,NA,2,2
cell_55,2,0,5,16,NA,NA,5,NA,NA,2,2,NA
cell_56,2,0,5,16,2,2,5,2,5,NA,NA,2
cell_57,2,2,NA,NA,2,NA,5,2,0,2,NA,2
cell_58,2,NA,2,16,2,2,5,2,NA,2,2,2
cell_59,2,2,NA,NA,2,2,NA,2,0,2,2,NA
cell_60,NA,2,2,16,2,2,5,2,NA,NA,NA,NA
cell_61,NA,2,0,16,NA,2,NA,2,9,2,NA,2
cell_62,2,2,0,16,2,NA,5,2,9,2,2,2
cell_63,2,2,NA,16,2,2,5,2,NA,NA,2,2
cell_64,NA,2,0,NA,NA,NA,NA,2,9,2,2,NA
cell_65,2,2,NA,16,2,2,NA,2,NA,2,10,0
cell_66,2,2,2,16,2,2,NA,NA,2,2,10,5
cell_67,2,2,NA,16,2,2,5,2,NA,2,10,15
cell_68,NA,2,0,16,NA,NA,5,2,NA,NA,10,2
cell_69,2,2,3,16,NA,2,NA,2,2,NA,NA,0
cell_70,2,2,3,16,2,NA,5,2,NA,2,NA,0
cell_71,NA,2,NA,16,NA,2,5,NA,2,2,10,0
cell_72,2,2,3,NA,2,2,5,2,NA,NA,10,0
cell_73,2,2,NA,16,2,NA,5,2,2,NA,10,NA
cell_74,NA,NA,0,NA,2,2,5,NA,NA,2,10,0
cell_75,2,NA,0,NA,NA,2,5,NA,NA,2,10,0
cell_76,2,NA,0,16,NA,NA,5,2,NA,2,10,0
cell_77,NA,2,NA,NA,2,2,5,NA,2,NA,10,5
cell_78,2,2,0,NA,2,NA,5,2,2,2,NA,NA
cell_79,2,2,5,NA,NA,2,5,2,NA,NA,10,NA
cell_80,NA,2,NA,16,2,NA,NA,2,NA,2,10,5
cell_81,2,NA,NA,NA,NA,NA,NA,NA,NA,NA,NA,2
cell_82,2,NA,NA,NA,NA,NA,NA,NA,NA,2,NA,2
cell_83,2,NA,NA,NA,NA,NA,NA,NA,NA,2,NA,NA
cell_84,2,NA,NA,NA,NA,NA,NA,NA,NA,2,NA,NA
cell_85,NA,NA,NA,NA,NA,NA,NA,NA,NA,NA,0,2
cell_86,2,NA,NA,NA,NA,NA,NA,NA,NA,NA,0,NA
cell_87,2,NA,NA,NA,NA,NA,NA,NA,NA,2,0,2
cell_88,2,NA,NA,NA,NA,NA,NA,NA,NA,NA,5,NA
cell_89,2,NA,NA,NA,NA,NA,NA,NA,NA,NA,5,3
cell_90,NA,NA,NA,NA,NA,NA,NA,NA,NA,2,5,3
cell_91,2,NA,NA,NA,NA,NA,NA,NA,NA,2,5,0
cell_92,2,NA,NA,NA,NA,NA,NA,NA,NA,2,5,0
cell_93,2,NA,NA,NA,NA,NA,NA,NA,NA,NA,2,0
cell_94,NA,NA,NA,NA,NA,NA,NA,NA,NA,2,2,0
cell_95,NA,NA,NA,NA,NA,NA,NA,NA,NA,2,NA,0
cell_96,2,NA,NA,NA,NA,NA,NA,NA,NA,NA,NA,3
cell_97,2,NA,2,16,2,2,5,2,NA,2,2,3
cell_98,2,NA,2,16,2,2,5,2,14,2,2,NA
cell_99,2,2,NA,16,2,2,5,NA,0,2,NA,3
cell_100,2,2,2,16,NA,2,NA,NA,0,NA,NA,3
cell_101,2,2,NA,NA,2,2,NA,2,NA,NA,NA,3
cell_102,NA,2,NA,NA,2,2,5,2,2,2,NA,3
cell_103,2,2,2,16,2,2,5,2,0,2,2,3
cell_104,NA,NA,NA,NA,2,2,NA,2,0,2,NA,3
cell_105,NA,NA,NA,NA,2,2,5,2,0,2,0,2
cell_106,2,3,NA,NA,2,2,5,2,NA,2,3,NA
cell_107,2,0,0,16,2,2,5,2,NA,NA,0,0
cell_108,2,0,NA,16,NA,NA,NA,2,NA,2,0,0
cell_109,2,NA,0,16,NA,2,NA,2,NA,2,0,5
cell_110,NA,0,5,NA,2,2,NA,NA,8,NA,NA,0
cell_111,NA,0,0,16,NA,2,5,2,NA,NA,3,3
cell_112,2,0,0,NA,2,NA,5,2,8,NA,3,3
cell_113,2,3,NA,NA,2,2,NA,2,0,2,0,0
cell_114,NA,0,NA,NA,2,2,5,NA,0,2,0,0
cell_115,2,NA,NA,NA,2,2,5,2,20,2,0,NA
cell_116,2,0,4,16,2,2,5,2,0,2,0,0
cell_117,2,NA,4,16,2,2,5,NA,3,2,NA,2
cell_118,2,0,4,16,2,2,5,2,0,NA,0,NA
cell_119,2,NA,4,16,2,2,5,2,0,2,0,2
cell_120,2,0,4,16,NA,NA,5,2,0,NA,0,NA
cell_121,2,0,NA,16,2,2,NA,2,9,2,2,0
cell_122,NA,NA,NA,16,NA,2,5,NA,9,2,2,NA
cell_123,2,NA,NA,NA,2,2,5,2,NA,NA,2,0
cell_124,2,0,0,16,2,2,NA,NA,2,NA,2,0
cell_125,2,64,2,16,2,2,5,2,NA,2,NA,2
cell_126,NA,64,2,16,2,2,5,2,5,NA,2,2
cell_127,2,2,2,NA,2,2,5,2,NA,2,2,2
cell_128,2,NA,NA,16,2,2,5,2,0,2,2,2
cell_129,2,5,3,2,2,2,5,2,0,2,NA,34
cell_130,2,NA,3,NA,NA,2,NA,2,NA,NA,5,NA
cell_131,2,2,NA,2,2,2,NA,NA,0,NA,NA,NA
cell_132,2,0,3,NA,2,2,5,NA,0,NA,NA,34
cell_133,NA,2,NA,2,NA,2,NA,2,NA,2,5,34
cell_134,NA,2,NA,2,2,NA,5,NA,NA,2,NA,NA
cell_135,2,2,3,2,NA,2,5,NA,0,2,5,34
cell_136,2,NA,3,NA,2,NA,5,2,0,2,5,NA
cell_137,2,0,3,NA,2,2,5,NA,0,2,5,NA
cell_138,2,0,3,2,2,2,NA,NA,0,2,5,34
cell_139,2,0,3,2,NA,NA,5,NA,NA,2,5,34
cell_140,NA,0,NA,2,2,NA,5,2,0,2,NA,34
cell_141,2,NA,3,NA,2,2,5,NA,0,NA,NA,34
cell_142,2,0,3,2,2,NA,5,2,2,2,NA,34
cell_143,NA,2,3,NA,2,2,5,2,0,2,5,NA
cell_144,2,NA,3,2,2,NA,5,2,0,2,5,NA
cell_145,2,NA,3,NA,2,NA,5,2,2,2,5,0
cell_146,2,NA,3,0,2,2,5,NA,2,2,NA,0
cell_147,2,2,NA,NA,NA,NA,5,2,2,NA,5,0
cell_148,NA,NA,NA,0,NA,NA,5,2,2,2,5,NA
cell_149,NA,2,NA,2,2,2,5,2,2,NA,5,2
cell_150,NA,2,3,0,2,2,5,2,2,2,5,2
cell_151,2,2,NA,NA,NA,2,NA,2,2,NA,5,0
cell_152,2,2,3,2,2,NA,5,2,2,NA,5,0
cell_153,2,2,NA,5,2,NA,5,2,2,2,5,3
cell_154,2,2,3,5,2,2,5,2,2,2,5,3
cell_155,2,NA,3,5,NA,2,5,2,2,2,NA,NA
cell_156,NA,2,3,5,2,2,NA,NA,2,NA,5,3
cell_157,2,2,3,NA,2,2,5,NA,NA,2,5,2
cell_158,2,NA,NA,0,2,2,5,2,2,NA,5,2
cell_159,2,2,NA,2,2,NA,5,2,NA,NA,5,NA
cell_160,2,2,NA,5,NA,2,5,NA,NA,2,5,0
cell_161,2,NA,2,5,2,2,5,2,NA,NA,NA,NA
cell_162,2,NA,NA,0,2,2,5,NA,NA,NA,NA,5
cell_163,2,2,0,5,NA,2,5,2,0,2,3,5
cell_164,2,2,NA,0,2,NA,5,2,0,2,3,NA
cell_165,2,NA,0,0,2,2,5,2,2,2,0,2
cell_166,NA,2,0,NA,2,2,NA,2,0,2,NA,2
cell_167,NA,NA,2,0,NA,2,5,2,0,NA,0,0
cell_168,NA,2,NA,NA,2,2,5,2,0,NA,0,0
cell_169,2,2,NA,0,2,2,NA,2,0,2,2,4
cell_170,NA,2,NA,NA,2,2,5,2,0,2,2,4
cell_171,2,NA,5,NA,2,2,NA,NA,NA,2,NA,4
cell_172,2,NA,NA,NA,2,2,5,2,0,2,2,4
cell_173,NA,NA,4,0,2,NA,NA,2,0,NA,2,4
cell_174,NA,2,4,0,NA,2,5,NA,2,2,2,4
cell_175,NA,2,NA,0,2,2,5,2,0,2,0,4
cell_176,2,NA,4,NA,2,2,5,2,2,2,NA,4
cell_177,2,2,NA,NA,NA,NA,NA,NA,NA,2,0,0
cell_178,2,NA,NA,NA,NA,NA,NA,NA,NA,2,0,0
cell_179,2,2,NA,NA,NA,NA,NA,NA,NA,2,NA,NA
cell_180,NA,2,NA,NA,NA,NA,NA,NA,NA,2,0,NA
cell_181,2,NA,NA,NA,NA,NA,NA,NA,NA,2,NA,0
cell_182,2,0,NA,NA,NA,NA,NA,NA,NA,2,4,0
cell_183,2,2,NA,NA,NA,NA,NA,NA,NA,2,NA,NA
cell_184,2,NA,NA,NA,NA,NA,NA,NA,NA,2,0,0
cell_185,2,5,NA,NA,NA,NA,NA,NA,NA,NA,3,2
cell_186,2,5,NA,NA,NA,NA,NA,NA,NA,2,3,NA
cell_187,2,0,NA,NA,NA,NA,NA,NA,NA,2,3,NA
cell_188,2,0,NA,NA,NA,NA,NA,NA,NA,2,NA,NA
cell_189,2,0,NA,NA,NA,NA,NA,NA,NA,2,3,0
cell_190,2,NA,NA,NA,NA,NA,NA,NA,NA,2,3,NA
cell_191,NA,0,NA,NA,NA,NA,NA,NA,NA,NA,3,0
cell_192,2,0,NA,NA,NA,NA,NA,NA,NA,NA,3,NA
cell_193,NA,NA,NA,NA,NA,NA,NA,NA,NA,NA,NA,2
cell_194,2,NA,NA,NA,NA,NA,NA,NA,NA,NA,NA,2
cell_195,2,NA,NA,NA,NA,NA,NA,NA,NA,NA,NA,NA
cell_196,2,NA,NA,NA,NA,NA,NA,NA,NA,NA,NA,2
cell_197,NA,NA,NA,NA,NA,NA,NA,NA,NA,NA,NA,NA
cell_198,2,NA,NA,NA,NA,NA,NA,NA,NA,NA,NA,2
cell_199,2,NA,NA,NA,NA,NA,NA,NA,NA,NA,NA,NA
cell_200,2,NA,NA,NA,NA,NA,NA,NA,NA,NA,NA,2
cell_201,NA,NA,NA,NA,NA,NA,NA,NA,NA,NA,NA,2
cell_202,NA,NA,NA,NA,NA,NA,NA,NA,NA,NA,NA,2
cell_203,2,NA,NA,NA,NA,NA,NA,NA,NA,NA,NA,2
cell_204,NA,NA,NA,NA,NA,NA,NA,NA,NA,NA,NA,2
cell_205,2,NA,NA,NA,NA,NA,NA,NA,NA,NA,NA,2
cell_206,2,NA,NA,NA,NA,NA,NA,NA,NA,NA,NA,2
cell_207,NA,NA,NA,NA,NA,NA,NA,NA,NA,NA,NA,NA
cell_208,2,NA,NA,NA,NA,NA,NA,NA,NA,NA,NA,2
cell_209,NA,NA,NA,NA,NA,NA,NA,NA,NA,NA,NA,2
cell_210,2,NA,NA,NA,NA,NA,NA,NA,NA,NA,NA,2
cell_211,2,NA,NA,NA,NA,NA,NA,NA,NA,NA,NA,2
cell_212,2,NA,NA,NA,NA,NA,NA,NA,NA,NA,NA,2
cell_213,2,NA,NA,NA,NA,NA,NA,NA,NA,NA,NA,10
cell_214,NA,NA,NA,NA,NA,NA,NA,NA,NA,NA,NA,NA
cell_215,NA,NA,NA,NA,NA,NA,NA,NA,NA,NA,NA,0
cell_216,NA,NA,NA,NA,NA,NA,NA,NA,NA,NA,NA,0
cell_217,2,NA,NA,NA,NA,NA,NA,NA,NA,NA,NA,3
cell_218,2,NA,NA,NA,NA,NA,NA,NA,NA,NA,NA,4
cell_219,2,NA,NA,NA,NA,NA,NA,NA,NA,NA,NA,3
cell_220,2,NA,NA,NA,NA,NA,NA,NA,NA,NA,NA,2
cell_221,2,NA,NA,NA,NA,NA,NA,NA,NA,NA,NA,NA
cell_222,2,NA,NA,NA,NA,NA,NA,NA,NA,NA,NA,NA
cell_223,2,NA,NA,NA,NA,NA,NA,NA,NA,NA,NA,2
cell_224,2,NA,NA,NA,NA,NA,NA,NA,NA,NA,NA,NA
cell_225,2,NA,NA,NA,NA,NA,NA,NA,NA,NA,NA,5
cell_226,2,NA,NA,NA,NA,NA,NA,NA,NA,NA,NA,NA
cell_227,2,NA,NA,NA,NA,NA,NA,NA,NA,NA,NA,5
cell_228,NA,NA,NA,NA,NA,NA,NA,NA,NA,NA,NA,5
cell_229,2,NA,NA,NA,NA,NA,NA,NA,NA,NA,NA,5
cell_230,NA,NA,NA,NA,NA,NA,NA,NA,NA,NA,NA,NA
cell_231,NA,NA,NA,NA,NA,NA,NA,NA,NA,NA,NA,NA
cell_232,NA,NA,NA,NA,NA,NA,NA,NA,NA,NA,NA,5
cell_233,2,NA,NA,NA,NA,NA,NA,NA,NA,NA,NA,NA
cell_234,2,NA,NA,NA,NA,NA,NA,NA,NA,NA,NA,5
cell_235,NA,NA,NA,NA,NA,NA,NA,NA,NA,NA,NA,NA
cell_236,NA,NA,NA,NA,NA,NA,NA,NA,NA,NA,NA,5
cell_237,NA,NA,NA,NA,NA,NA,NA,NA,NA,NA,NA,5
cell_238,NA,NA,NA,NA,NA,NA,NA,NA,NA,NA,NA,NA
cell_239,2,NA,NA,NA,NA,NA,NA,NA,NA,NA,NA,NA
cell_240,2,NA,NA,NA,NA,NA,NA,NA,NA,NA,NA,NA
cell_241,2,NA,NA,NA,NA,NA,NA,NA,NA,NA,NA,0
cell_242,NA,NA,NA,NA,NA,NA,NA,NA,NA,NA,NA,NA
cell_243,2,NA,NA,NA,NA,NA,NA,NA,NA,NA,NA,3
cell_244,2,NA,NA,NA,NA,NA,NA,NA,NA,NA,NA,0
cell_245,NA,NA,NA,NA,NA,NA,NA,NA,NA,NA,NA,2
cell_246,NA,NA,NA,NA,NA,NA,NA,NA,NA,NA,NA,2
cell_247,NA,NA,NA,NA,NA,NA,NA,NA,NA,NA,NA,2
cell_248,NA,NA,NA,NA,NA,NA,NA,NA,NA,NA,NA,2
cell_249,2,NA,NA,NA,NA,NA,NA,NA,NA,NA,NA,3
cell_250,NA,NA,NA,NA,NA,NA,NA,NA,NA,NA,NA,NA
cell_251,NA,NA,NA,NA,NA,NA,NA,NA,NA,NA,NA,NA
cell_252,NA,NA,NA,NA,NA,NA,NA,NA,NA,NA,NA,3
cell_253,2,NA,NA,NA,NA,NA,NA,NA,NA,NA,NA,NA
cell_254,NA,NA,NA,NA,NA,NA,NA,NA,NA,NA,NA,0
cell_255,NA,NA,NA,NA,NA,NA,NA,NA,NA,NA,NA,0
cell_256,2,NA,NA,NA,NA,NA,NA,NA,NA,NA,NA,2
cell_257,NA,0,0,4,2,NA,NA,2,5,5,NA,5
cell_258,2,0,0,4,2,NA,NA,NA,5,5,5,NA
cell_259,NA,0,0,NA,2,2,5,2,5,5,5,5
cell_260,NA,0,NA,4,2,2,5,2,5,5,5,5
cell_261,NA,0,NA,4,2,2,5,2,5,NA,5,5
cell_262,2,0,0,NA,2,2,NA,2,NA,5,5,NA
cell_263,NA,NA,2,4,2,2,5,2,5,NA,NA,NA
cell_264,2,0,NA,4,NA,2,5,NA,5,NA,5,5
cell_265,2,0,2,NA,2,2,5,2,5,5,5,5
cell_266,NA,NA,NA,NA,2,2,5,2,5,5,NA,5
cell_267,NA,0,2,NA,2,NA,NA,2,5,NA,5,NA
cell_268,2,NA,NA,4,2,2,5,2,5,5,5,5
cell_269,2,NA,NA,NA,NA,2,NA,2,5,5,5,5
cell_270,2,NA,NA,4,2,2,5,2,5,NA,5,5
cell_271,2,NA,NA,4,NA,2,5,2,5,5,5,NA
cell_272,2,NA,2,4,NA,NA,5,NA,NA,NA,5,5
cell_273,NA,5,2,NA,NA,NA,5,2,5,0,5,5
cell_274,NA,0,2,4,2,NA,5,2,5,0,5,5
cell_275,NA,19,2,NA,2,2,NA,2,5,0,5,5
cell_276,2,19,NA,NA,NA,2,NA,2,NA,0,NA,NA
cell_277,2,0,2,NA,2,NA,5,NA,5,0,5,5
cell_278,2,0,NA,4,2,2,5,2,NA,NA,5,5
cell_279,2,4,2,4,NA,2,5,NA,5,0,5,5
cell_280,2,NA,2,NA,NA,NA,5,2,5,NA,NA,NA
cell_281,2,0,2,4,2,2,NA,NA,5,NA,5,5
cell_282,2,NA,2,4,2,2,5,NA,5,0,NA,5
cell_283,2,0,2,4,2,2,NA,NA,5,0,5,5
cell_284,2,NA,2,4,2,2,5,2,5,0,5,5
cell_285,NA,2,NA,NA,2,2,5,2,5,2,NA,5
cell_286,2,NA,NA,4,2,2,5,NA,5,NA,5,5
cell_287,2,2,NA,4,2,2,5,NA,NA,2,5,5
cell_288,2,2,2,NA,NA,2,5,NA,5,NA,5,5
cell_289,2,3,3,4,2,NA,5,2,5,0,NA,NA
cell_290,2,3,3,4,2,2,NA,2,5,NA,5,2
cell_291,2,3,NA,NA,NA,NA,NA,2,NA,3,5,3
cell_292,NA,NA,3,4,2,2,5,2,5,NA,NA,3
cell_293,2,NA,0,4,NA,2,5,2,NA,3,NA,0
cell_294,NA,3,0,4,2,2,5,NA,5,3,5,0
cell_295,NA,3,5,NA,2,2,5,2,NA,NA,5,NA
cell_296,NA,3,5,4,NA,NA,NA,2,5,0,5,3
cell_297,NA,3,0,2,2,2,5,NA,5,NA,5,0
cell_298,2,NA,0,2,NA,2,NA,2,NA,2,NA,0
cell_299,2,3,3,0,NA,2,5,2,5,NA,5,3
cell_300,2,3,NA,8,2,2,NA,2,5,2,5,NA
cell_301,2,3,4,0,2,2,NA,2,5,NA,NA,NA
cell_302,2,3,4,NA,2,2,5,2,5,2,5,0
cell_303,NA,3,NA,0,2,2,NA,2,NA,NA,NA,0
cell_304,2,NA,2,NA,NA,2,5,2,NA,2,NA,2
cell_305,NA,NA,2,NA,2,2,NA,NA,5,NA,5,2
cell_306,NA,NA,0,3,NA,NA,NA,2,NA,9,5,2
cell_307,2,3,0,3,2,2,NA,2,5,9,NA,NA
cell_308,2,3,NA,NA,2,2,NA,2,NA,9,5,NA
cell_309,NA,3,0,3,2,NA,5,2,NA,5,5,NA
cell_310,NA,3,13,3,2,2,5,2,5,5,NA,5
cell_311,2,3,0,NA,2,NA,5,2,5,5,5,0
cell_312,NA,3,NA,3,NA,2,5,2,5,5,5,NA
cell_313,2,NA,NA,NA,NA,2,5,NA,NA,5,NA,NA
cell_314,NA,3,NA,NA,2,2,5,NA,NA,5,NA,NA
cell_315,2,NA,2,2,2,NA,5,2,5,NA,5,2
cell_316,2,3,2,2,2,2,5,2,NA,5,5,2
cell_317,2,3,0,NA,NA,NA,5,NA,NA,5,5,2
cell_318,2,NA,NA,2,NA,NA,NA,NA,NA,5,5,2
cell_319,2,NA,2,2,2,2,5,2,NA,5,NA,2
cell_320,2,3,NA,2,2,NA,5,2,5,5,NA,NA
cell_321,2,2,2,3,2,NA,NA,2,5,2,5,NA
cell_322,2,2,2,3,NA,2,5,2,NA,NA,NA,0
cell_323,2,2,NA,3,2,2,NA,2,NA,2,5,2
cell_324,2,NA,2,NA,2,NA,NA,2,NA,NA,5,0
cell_325,NA,NA,2,NA,NA,2,5,2,5,2,5,2
cell_326,NA,2,2,NA,2,2,5,2,5,2,5,NA
cell_327,2,2,2,NA,2,2,5,2,5,2,NA,2
cell_328,2,2,NA,NA,2,NA,NA,2,NA,2,5,NA
cell_329,2,2,NA,NA,2,2,NA,2,5,2,5,2
cell_330,2,2,2,NA,NA,2,NA,2,5,2,5,2
cell_331,NA,NA,2,3,2,2,5,2,5,NA,5,2
cell_332,NA,NA,NA,3,2,2,5,2,NA,2,5,2
cell_333,2,NA,NA,3,2,2,5,NA,NA,2,NA,0
cell_334,NA,2,NA,3,2,2,NA,2,5,NA,5,0
cell_335,2,2,2,3,2,NA,5,NA,5,2,5,NA
cell_336,2,2,2,3,NA,2,5,2,5,2,5,0
cell_337,2,5,NA,3,2,2,NA,2,NA,2,5,2
cell_338,2,0,2,3,2,2,5,2,5,2,5,2
cell_339,2,0,2,3,2,2,5,2,5,NA,NA,2
cell_340,2,0,NA,3,2,2,5,NA,5,2,5,2
cell_341,2,NA,2,NA,2,2,5,2,NA,2,5,2
cell_342,NA,NA,2,0,2,NA,5,2,5,NA,5,2
cell_343,NA,NA,NA,0,2,2,NA,2,NA,2,5,2
cell_344,2,0,NA,0,2,2,5,NA,NA,2,5,NA
cell_345,2,4,2,5,2,2,NA,2,NA,2,NA,NA
cell_346,2,4,2,NA,2,2,5,2,5,2,5,2
cell_347,2,NA,2,5,2,2,5,2,5,2,5,2
cell_348,2,4,2,5,2,2,5,NA,5,2,5,2
cell_349,2,4,NA,0,2,2,NA,NA,5,NA,NA,2
cell_350,2,NA,NA,0,2,2,NA,2,NA,2,NA,2
cell_351,2,4,2,NA,NA,2,5,2,5,2,5,NA
cell_352,2,4,2,0,2,2,5,2,5,2,NA,2
cell_353,2,5,NA,2,2,2,5,NA,NA,NA,5,NA
cell_354,2,5,2,NA,2,2,NA,2,5,2,5,15
cell_355,2,5,NA,2,NA,2,NA,2,5,NA,5,15
cell_356,2,5,2,2,2,2,NA,2,5,2,NA,15
cell_357,NA,0,2,2,2,2,5,2,5,2,5,16
cell_358,2,5,2,2,2,2,NA,2,NA,2,NA,16
cell_359,2,14,NA,2,2,2,5,2,5,NA,5,0
cell_360,NA,14,2,NA,2,2,5,2,5,NA,5,0
cell_361,2,NA,2,2,2,2,5,2,NA,2,NA,0
cell_362,2,2,NA,2,NA,NA,5,NA,5,NA,NA,0
cell_363,NA,2,2,2,2,2,5,2,NA,2,NA,0
cell_364,2,2,2,2,2,2,5,NA,NA,2,5,NA
cell_365,2,NA,2,2,2,2,5,2,NA,NA,5,2
cell_366,NA,NA,2,2,2,NA,NA,2,NA,NA,5,2
cell_367,2,NA,NA,2,2,2,5,2,5,2,5,NA
cell_368,NA,NA,2,2,2,2,5,2,NA,2,5,2
cell_369,NA,3,NA,0,2,2,5,2,5,2,5,5
cell_370,NA,3,NA,0,2,NA,NA,2,NA,NA,5,5
cell_371,NA,NA,2,NA,NA,NA,5,2,NA,2,5,5
cell_372,2,3,2,0,2,NA,5,NA,NA,NA,5,5
cell_373,NA,NA,2,0,2,2,5,NA,NA,2,5,5
cell_374,2,0,2,0,2,2,5,NA,5,NA,5,5
cell_375,2,0,2,0,2,2,NA,NA,5,2,5,5
cell_376,NA,0,NA,0,NA,NA,5,2,5,2,5,5
cell_377,2,0,2,NA,2,NA,5,NA,NA,2,5,NA
cell_378,2,0,2,0,2,2,5,2,5,2,5,5
cell_379,2,19,2,0,2,2,5,2,NA,NA,5,NA
cell_380,2,5,NA,0,NA,NA,NA,2,5,2,5,5
cell_381,2,0,NA,NA,2,NA,NA,NA,NA,2,5,NA
cell_382,2,NA,2,0,2,NA,NA,NA,NA,2,NA,5
cell_383,2,NA,2,5,NA,2,5,NA,5,2,5,NA
cell_384,2,2,2,NA,NA,2,NA,2,5,NA,NA,NA
cell_385,2,0,NA,5,2,2,5,2,NA,42,NA,4
cell_386,2,0,NA,5,NA,NA,5,2,5,0,NA,4
cell_387,2,NA,3,NA,2,2,5,2,NA,0,2,4
cell_388,2,NA,NA,5,2,NA,5,2,NA,0,2,4
cell_389,2,0,3,5,2,NA,5,NA,5,0,NA,NA
cell_390,NA,8,3,NA,2,2,5,2,5,NA,2,NA
cell_391,2,NA,3,5,NA,2,5,2,5,2,2,4
cell_392,NA,0,3,NA,2,2,NA,2,5,3,2,4
cell_393,2,0,3,NA,NA,2,NA,2,NA,0,2,4
cell_394,2,0,3,5,2,2,5,2,5,0,2,4
cell_395,NA,2,3,5,NA,2,5,2,5,0,2,4
cell_396,2,2,NA,NA,2,NA,5,NA,5,NA,NA,4
cell_397,2,NA,3,5,2,2,5,2,5,0,2,4
cell_398,2,0,NA,5,2,2,5,2,5,0,2,4
cell_399,NA,NA,NA,5,2,NA,5,NA,5,3,NA,4
cell_400,2,0,3,5,2,2,5,2,NA,3,NA,4
cell_401,2,3,3,NA,2,NA,5,2,5,2,NA,4
cell_402,2,NA,NA,NA,2,NA,5,2,5,2,NA,4
cell_403,2,2,3,5,2,2,5,2,5,2,NA,4
cell_404,NA,NA,3,NA,2,2,5,2,NA,NA,NA,4
cell_405,2,0,3,5,NA,2,5,NA,5,2,2,4
cell_406,NA,0,3,5,2,2,5,2,5,2,2,4
cell_407,2,5,3,5,NA,2,5,NA,NA,2,2,4
cell_408,2,0,NA,5,NA,2,5,NA,5,2,2,4
cell_409,2,NA,3,5,2,NA,5,NA,5,0,2,4
cell_410,2,NA,3,5,2,2,NA,2,5,NA,2,NA
cell_411,2,0,3,5,2,NA,5,2,NA,NA,NA,NA
cell_412,NA,NA,3,5,NA,NA,5,2,5,0,2,4
cell_413,2,NA,3,5,2,2,NA,2,5,NA,2,4
cell_414,2,2,3,NA,2,2,5,2,5,4,NA,4
cell_415,2,0,NA,5,2,2,5,NA,NA,4,NA,4
cell_416,NA,0,3,5,NA,2,5,2,5,NA,2,NA
cell_417,2,NA,3,NA,2,2,NA,2,NA,2,NA,4
cell_418,2,4,3,5,2,2,5,NA,NA,NA,2,4
cell_419,NA,2,3,5,NA,2,5,NA,5,0,2,NA
cell_420,2,2,NA,5,2,NA,5,2,5,0,2,4
cell_421,2,0,3,NA,2,NA,5,NA,NA,NA,2,NA
cell_422,2,NA,3,5,NA,2,NA,2,NA,0,NA,4
cell_423,2,2,3,5,2,2,NA,2,NA,NA,2,4
cell_424,2,NA,NA,NA,2,2,5,NA,NA,NA,NA,4
cell_425,NA,NA,NA,NA,2,2,NA,2,5,0,2,4
cell_426,2,9,3,NA,NA,2,5,2,NA,2,2,4
cell_427,2,9,3,NA,2,2,5,2,5,0,2,4
cell_428,2,9,3,5,2,2,5,2,5,NA,2,4
cell_429,2,9,3,NA,2,2,5,NA,5,0,NA,4
cell_430,2,9,3,5,2,NA,NA,2,NA,0,NA,NA
cell_431,2,9,3,5,2,2,5,2,NA,NA,2,4
cell_432,2,NA,3,5,2,2,5,NA,5,0,2,NA
cell_433,2,2,NA,5,2,2,5,NA,5,0,NA,4
cell_434,2,NA,NA,NA,2,NA,NA,NA,5,NA,2,NA
cell_435,2,2,3,5,NA,2,5,NA,5,0,NA,NA
cell_436,2,2,3,5,2,NA,5,2,5,0,2,4
cell_437,2,2,3,5,2,2,5,2,5,2,NA,4
cell_438,2,2,3,NA,2,2,5,NA,5,2,2,NA
cell_439,NA,0,3,NA,2,2,5,NA,5,NA,2,NA
cell_440,2,NA,3,5,NA,2,5,2,5,2,2,4
cell_441,2,4,NA,NA,2,2,5,2,NA,0,2,NA
cell_442,2,4,3,NA,2,2,5,NA,5,0,NA,4
cell_443,NA,2,3,NA,2,2,5,2,5,4,2,NA
cell_444,2,0,3,NA,2,NA,5,2,5,0,2,4
cell_445,2,5,3,5,2,2,5,2,5,2,2,4
cell_446,2,NA,3,NA,2,2,NA,2,5,2,NA,4
cell_447,2,NA,3,NA,2,2,5,2,5,NA,NA,4
cell_448,NA,2,NA,5,NA,2,5,2,NA,0,NA,NA
cell_449,2,2,3,5,2,NA,5,2,NA,5,2,NA
cell_450,2,2,3,NA,NA,2,5,2,5,NA,2,4
cell_451,NA,2,3,NA,2,2,5,2,5,2,2,4
cell_452,2,2,NA,NA,NA,NA,5,2,5,2,2,4
cell_453,2,2,3,5,2,2,NA,2,NA,5,2,4
cell_454,2,2,3,5,NA,NA,5,2,NA,NA,NA,4
cell_455,2,2,3,5,NA,2,5,2,5,0,2,4
cell_456,NA,NA,NA,NA,NA,NA,5,2,NA,0,2,NA
cell_457,NA,NA,NA,5,NA,NA,5,2,NA,0,2,4
cell_458,2,2,3,5,2,2,5,2,NA,5,2,4
cell_459,NA,NA,3,5,2,NA,5,2,NA,0,2,4
cell_460,2,2,3,5,NA,2,5,2,5,NA,2,NA
cell_461,2,2,NA,NA,2,NA,5,2,5,0,2,4
cell_462,NA,NA,NA,NA,NA,NA,NA,2,NA,0,2,4
cell_463,2,NA,3,NA,2,2,5,2,NA,NA,2,4
cell_464,2,2,3,5,2,2,NA,NA,NA,0,2,NA
cell_465,2,0,NA,5,2,NA,NA,2,5,NA,2,4
cell_466,2,NA,NA,5,2,2,5,2,5,2,2,4
cell_467,2,NA,NA,5,2,2,NA,2,NA,NA,2,4
cell_468,2,2,3,5,NA,2,NA,2,NA,NA,NA,NA
cell_469,2,0,3,5,2,NA,5,NA,5,2,2,4
cell_470,NA,0,NA,5,NA,2,5,2,NA,2,NA,NA
cell_471,2,NA,NA,NA,NA,2,5,2,NA,2,2,4
cell_472,2,NA,3,5,2,2,5,NA,NA,NA,2,4
cell_473,NA,2,3,NA,NA,2,NA,2,5,2,NA,4
cell_474,NA,NA,3,5,NA,NA,NA,2,5,2,NA,NA
cell_475,NA,0,NA,5,2,2,5,2,5,2,2,4
cell_476,NA,0,3,5,2,2,NA,2,NA,2,2,NA
cell_477,2,12,NA,5,2,2,5,2,5,2,2,4
cell_478,2,12,NA,5,NA,NA,5,2,5,NA,NA,4
cell_479,2,12,3,5,2,NA,5,NA,5,2,2,NA
cell_480,NA,12,3,5,2,NA,5,2,NA,2,NA,4
cell_481,NA,2,3,5,2,NA,5,NA,5,73,2,4
cell_482,2,2,3,5,NA,2,5,2,5,73,NA,4
cell_483,NA,2,3,5,2,2,NA,NA,5,73,NA,4
cell_484,NA,2,NA,5,2,NA,5,2,5,73,NA,NA
cell_485,2,2,NA,5,NA,2,5,2,5,73,2,NA
cell_486,2,NA,3,NA,2,NA,NA,NA,NA,73,2,4
cell_487,2,2,3,NA,NA,2,NA,NA,5,NA,2,NA
cell_488,2,NA,3,5,2,NA,5,NA,5,73,NA,4
cell_489,2,2,NA,NA,2,2,5,2,NA,73,NA,4
cell_490,2,2,NA,5,2,2,5,NA,5,73,2,4
cell_491,2,2,3,5,2,NA,NA,2,NA,NA,2,4
cell_492,2,2,3,5,2,2,5,2,5,73,2,NA
cell_493,2,2,3,5,2,2,5,2,5,NA,2,4
cell_494,NA,2,3,5,2,2,5,2,NA,73,2,4
cell_495,2,2,3,NA,2,2,5,NA,5,73,2,4
cell_496,2,2,3,5,2,2,5,2,5,73,2,4
cell_497,2,2,NA,NA,2,2,5,NA,5,73,2,4
cell_498,NA,2,3,5,2,2,5,NA,5,NA,NA,4
cell_499,NA,NA,3,5,2,2,5,2,NA,73,2,NA
cell_500,2,NA,NA,NA,NA,2,NA,NA,NA,73,2,4
cell_501,2,2,NA,NA,2,2,5,NA,NA,73,2,4
cell_502,2,2,3,NA,NA,2,5,NA,5,73,NA,NA
cell_503,2,2,3,NA,2,2,5,2,NA,73,2,4
cell_504,2,2,NA,NA,2,2,5,NA,NA,73,2,NA
cell_505,2,2,3,NA,2,NA,5,NA,NA,73,2,4
cell_506,2,2,3,5,NA,NA,5,2,5,73,2,4
cell_507,2,NA,3,5,NA,NA,5,2,5,73,2,4
cell_508,2,2,NA,NA,2,2,NA,2,NA,NA,NA,NA
cell_509,NA,2,3,5,2,2,NA,2,5,73,2,4
cell_510,2,2,3,NA,NA,2,5,2,5,73,2,NA
cell_511,NA,2,NA,NA,2,NA,5,2,5,NA,2,4
cell_512,NA,2,3,NA,2,NA,5,2,NA,73,NA,4
cell_513,NA,NA,4,4,NA,2,NA,2,NA,2,NA,2
cell_514,NA,2,NA,4,2,2,NA,NA,NA,0,3,2
cell_515,0,2,4,NA,2,NA,5,2,3,NA,3,NA
cell_516,0,NA,NA,NA,NA,NA,5,NA,3,0,3,2
cell_517,NA,2,NA,NA,NA,2,5,2,3,3,3,2
cell_518,2,2,4,4,2,NA,5,NA,3,0,3,NA
cell_519,0,2,4,4,NA,2,5,NA,3,2,3,2
cell_520,NA,2,4,4,2,2,5,2,3,0,3,NA
cell_521,0,2,4,4,2,NA,5,NA,NA,0,3,2
cell_522,0,2,NA,4,2,NA,5,2,3,NA,3,2
cell_523,4,2,4,4,2,8,NA,NA,NA,NA,NA,2
cell_524,4,2,4,4,2,NA,5,2,3,NA,3,2
cell_525,0,NA,NA,NA,NA,0,5,2,NA,NA,NA,2
cell_526,0,2,4,4,2,NA,NA,2,NA,0,3,NA
cell_527,NA,NA,NA,4,2,0,5,2,3,0,3,NA
cell_528,13,2,NA,4,2,0,5,2,NA,5,3,2
cell_529,2,NA,4,NA,NA,0,NA,5,3,2,NA,0
cell_530,2,2,4,4,2,NA,5,5,3,2,3,8
cell_531,2,NA,4,4,2,NA,5,NA,3,2,3,NA
cell_532,2,2,4,NA,2,2,5,NA,3,NA,3,0
cell_533,2,2,NA,4,2,0,NA,5,NA,2,NA,0
cell_534,2,NA,4,4,NA,2,5,5,3,2,NA,2
cell_535,NA,2,4,4,2,5,5,5,3,2,3,NA
cell_536,2,NA,NA,4,NA,0,NA,5,3,2,NA,NA
cell_537,NA,NA,4,4,NA,3,5,2,3,2,NA,0
cell_538,0,2,4,4,2,3,5,2,NA,NA,3,0
cell_539,0,2,4,NA,2,3,5,NA,3,2,3,2
cell_540,3,NA,NA,4,NA,3,5,NA,3,NA,3,2
cell_541,NA,2,4,4,2,NA,5,NA,NA,NA,3,NA
cell_542,3,NA,NA,NA,2,2,NA,2,3,NA,3,0
cell_543,0,2,4,NA,2,0,5,NA,3,2,3,2
cell_544,NA,2,4,4,2,NA,5,NA,NA,NA,NA,NA
cell_545,NA,2,4,4,NA,2,5,3,3,2,NA,NA
cell_546,0,2,NA,4,2,2,5,3,NA,0,2,NA
cell_547,2,2,4,NA,NA,2,5,3,3,0,3,4
cell_548,0,2,4,4,2,2,5,3,3,0,3,NA
cell_549,2,2,4,NA,2,2,NA,3,NA,2,5,4
cell_550,NA,2,4,NA,NA,2,5,NA,NA,NA,5,NA
cell_551,0,NA,4,NA,2,NA,NA,3,3,NA,5,4
cell_552,NA,2,NA,4,NA,2,5,3,NA,NA,NA,NA
cell_553,5,2,4,4,2,NA,5,2,NA,5,NA,4
cell_554,5,2,4,NA,2,0,NA,NA,3,5,0,NA
cell_555,5,2,NA,4,2,0,5,2,3,NA,0,4
cell_556,5,NA,NA,4,2,NA,NA,2,3,2,0,4
cell_557,5,2,4,4,2,2,5,NA,3,NA,5,4
cell_558,5,NA,4,NA,NA,2,5,NA,NA,0,5,NA
cell_559,5,NA,4,4,2,9,5,2,3,0,5,4
cell_560,NA,2,4,NA,2,9,5,NA,3,0,5,NA
cell_561,0,2,4,4,NA,2,NA,0,NA,NA,5,4
cell_562,0,NA,4,4,2,2,5,0,3,NA,5,NA
cell_563,NA,NA,4,NA,NA,2,5,2,3,NA,2,NA
cell_564,0,2,NA,NA,2,2,5,2,NA,2,26,4
cell_565,NA,2,4,NA,NA,0,NA,2,3,2,2,4
cell_566,0,NA,NA,4,2,NA,5,2,NA,2,2,4
cell_567,NA,2,NA,NA,2,2,5,2,3,NA,NA,4
cell_568,NA,2,4,4,NA,0,5,NA,3,NA,0,4
cell_569,NA,2,NA,4,2,0,5,2,3,NA,NA,NA
cell_570,NA,2,4,4,2,0,5,2,3,2,NA,4
cell_571,2,NA,4,4,2,0,NA,5,3,2,5,NA
cell_572,2,2,NA,NA,2,NA,NA,0,NA,2,5,4
cell_573,2,2,4,NA,NA,0,NA,0,3,NA,NA,NA
cell_574,NA,NA,4,4,2,0,5,0,3,2,0,4
cell_575,2,2,4,4,NA,0,5,NA,3,2,2,4
cell_576,2,NA,4,NA,2,0,5,4,3,2,NA,4
cell_577,2,2,4,4,2,NA,5,2,3,0,2,NA
cell_578,2,2,4,4,NA,2,5,2,3,0,2,0
cell_579,2,2,4,NA,2,NA,NA,2,3,4,2,0
cell_580,2,2,4,4,2,2,5,2,NA,NA,2,NA
cell_581,NA,2,4,NA,2,2,5,2,NA,2,2,2
cell_582,2,2,4,4,2,2,NA,2,NA,2,NA,2
cell_583,NA,2,4,NA,2,2,5,2,NA,2,2,NA
cell_584,2,2,NA,4,2,NA,5,2,3,2,NA,0
cell_585,2,2,4,4,2,2,5,2,3,NA,NA,3
cell_586,2,2,4,NA,2,NA,NA,NA,3,2,NA,NA
cell_587,2,2,4,NA,2,2,NA,2,3,2,2,NA
cell_588,NA,2,4,4,2,NA,5,2,3,NA,NA,NA
cell_589,NA,2,NA,NA,NA,2,5,NA,3,2,NA,0
cell_590,2,NA,4,4,2,2,5,2,3,2,2,0
cell_591,2,2,NA,4,NA,NA,5,2,3,2,2,NA
cell_592,NA,2,NA,4,NA,NA,NA,2,3,2,2,0
cell_593,2,2,NA,4,2,2,5,NA,3,5,NA,NA
cell_594,2,NA,NA,4,2,2,5,NA,NA,5,5,0
cell_595,NA,NA,4,4,2,2,5,0,NA,5,5,0
cell_596,2,2,4,4,2,2,5,5,NA,NA,5,0
cell_597,NA,2,4,4,NA,2,5,0,3,5,5,2
cell_598,2,2,NA,4,2,NA,NA,0,3,NA,NA,2
cell_599,2,2,NA,4,2,2,5,4,3,NA,5,0
cell_600,2,2,NA,4,2,2,5,NA,3,5,5,0
cell_601,2,2,4,4,2,2,5,0,NA,5,2,NA
cell_602,2,2,4,4,2,2,5,NA,3,5,2,0
cell_603,2,2,4,NA,2,2,NA,0,NA,5,2,15
cell_604,NA,2,4,NA,2,2,NA,NA,3,5,2,15
cell_605,2,2,4,NA,2,2,5,NA,3,5,2,0
cell_606,2,2,NA,4,2,2,5,2,3,5,NA,0
cell_607,NA,NA,4,4,2,NA,5,2,3,5,0,NA
cell_608,2,2,4,4,2,2,5,2,3,5,2,0
cell_609,NA,NA,NA,4,NA,2,5,2,3,4,0,NA
cell_610,2,2,4,4,NA,2,NA,2,3,4,NA,12
cell_611,2,2,NA,4,2,NA,5,2,NA,NA,0,12
cell_612,2,NA,4,NA,2,NA,5,2,3,NA,0,12
cell_613,NA,2,NA,4,2,2,5,2,NA,4,NA,12
cell_614,2,2,4,4,2,2,NA,2,NA,4,2,NA
cell_615,NA,NA,4,4,2,2,5,2,3,4,5,12
cell_616,NA,2,NA,4,NA,2,NA,2,3,4,0,NA
cell_617,2,NA,NA,NA,2,2,5,NA,NA,4,NA,12
cell_618,NA,2,NA,4,2,2,5,8,NA,4,NA,12
cell_619,2,2,4,NA,NA,NA,5,0,3,NA,4,12
cell_620,2,2,4,NA,2,2,NA,13,3,4,4,12
cell_621,2,2,4,4,2,2,5,NA,NA,4,0,12
cell_622,2,2,4,4,2,2,5,NA,3,4,NA,12
cell_623,2,2,4,4,2,2,NA,3,3,4,2,12
cell_624,NA,NA,NA,4,NA,2,NA,0,3,4,0,12
cell_625,NA,2,NA,NA,2,2,5,2,3,4,0,NA
cell_626,NA,NA,4,NA,2,NA,NA,2,3,4,2,12
cell_627,NA,2,4,4,2,2,5,NA,3,NA,2,NA
cell_628,2,2,4,4,2,NA,5,2,3,NA,0,12
cell_629,2,2,4,4,2,NA,NA,NA,3,NA,0,NA
cell_630,2,2,4,4,2,2,5,2,3,NA,0,12
cell_631,2,NA,4,4,2,2,5,2,3,4,0,NA
cell_632,2,NA,4,NA,2,2,5,2,NA,NA,NA,12
cell_633,2,2,4,4,2,2,NA,2,NA,4,2,12
cell_634,NA,NA,NA,4,2,2,5,2,3,4,NA,12
cell_635,2,NA,4,4,2,2,5,NA,3,4,NA,12
cell_636,2,2,NA,4,NA,2,5,NA,3,NA,NA,12
cell_637,2,2,NA,4,2,NA,5,2,NA,4,0,12
cell_638,2,2,NA,4,2,NA,NA,2,NA,NA,NA,12
cell_639,2,2,4,4,NA,2,5,2,NA,NA,0,NA
cell_640,2,2,4,NA,2,2,NA,2,3,NA,0,12
cell_641,2,2,4,4,0,5,NA,0,4,3,3,0
cell_642,2,2,NA,NA,0,NA,5,0,4,NA,3,2
cell_643,2,2,NA,NA,NA,NA,5,0,4,3,3,49
cell_644,NA,NA,4,4,0,5,NA,NA,NA,3,3,49
cell_645,2,NA,NA,4,2,NA,5,0,NA,3,3,0
cell_646,NA,2,4,NA,NA,5,5,NA,4,NA,3,0
cell_647,2,2,4,NA,NA,5,5,2,4,3,NA,0
cell_648,2,2,NA,NA,2,5,5,0,NA,3,3,NA
cell_649,2,NA,4,NA,2,0,5,NA,4,3,3,4
cell_650,2,2,4,4,0,0,NA,0,4,3,3,4
cell_651,2,2,4,4,0,NA,5,0,NA,3,NA,NA
cell_652,2,2,NA,4,21,11,NA,NA,4,3,3,NA
cell_653,NA,NA,4,4,NA,NA,5,0,4,3,NA,5
cell_654,NA,2,4,4,NA,NA,5,0,4,3,NA,5
cell_655,2,2,NA,NA,NA,0,5,0,4,3,NA,2
cell_656,2,2,4,4,NA,0,5,3,4,3,3,NA
cell_657,NA,NA,4,4,2,NA,NA,0,NA,NA,3,NA
cell_658,NA,2,4,4,2,3,NA,0,4,3,3,2
cell_659,2,2,NA,4,NA,3,NA,0,4,3,3,2
cell_660,2,2,NA,4,2,3,5,0,4,3,3,2
cell_661,2,2,4,4,0,NA,NA,2,4,3,3,NA
cell_662,NA,2,4,4,2,NA,5,3,4,3,3,2
cell_663,2,2,NA,NA,NA,NA,5,0,4,3,NA,2
cell_664,NA,2,4,4,2,3,5,0,4,NA,3,2
cell_665,NA,NA,4,4,NA,NA,NA,4,NA,3,3,2
cell_666,2,NA,NA,4,NA,NA,5,NA,4,NA,NA,NA
cell_667,NA,NA,NA,4,NA,3,5,4,4,NA,NA,2
cell_668,2,2,4,NA,2,3,5,NA,4,3,3,2
cell_669,NA,2,4,4,0,3,NA,NA,4,NA,3,2
cell_670,2,NA,4,NA,0,NA,5,NA,4,3,NA,NA
cell_671,2,NA,NA,4,0,NA,NA,4,NA,NA,3,NA
cell_672,NA,2,4,4,0,3,5,4,4,3,3,NA
cell_673,2,NA,4,NA,2,0,NA,0,0,NA,3,0
cell_674,NA,NA,4,4,2,NA,5,NA,NA,0,3,0
cell_675,NA,2,4,4,2,0,5,NA,0,NA,3,2
cell_676,NA,2,4,NA,NA,0,5,0,0,NA,3,NA
cell_677,2,2,NA,4,2,NA,5,0,5,0,NA,NA
cell_678,2,2,4,NA,2,NA,5,0,5,0,3,2
cell_679,NA,2,4,4,2,2,5,0,5,2,3,NA
cell_680,NA,2,4,NA,2,2,5,5,NA,NA,3,2
cell_681,NA,NA,4,4,3,3,NA,2,2,2,3,0
cell_682,NA,2,4,NA,3,3,NA,NA,2,NA,3,NA
cell_683,NA,2,4,4,3,3,NA,NA,2,2,3,0
cell_684,2,2,4,4,3,3,NA,2,2,NA,3,0
cell_685,2,NA,4,NA,3,NA,NA,2,2,5,NA,2
cell_686,NA,2,4,4,3,3,5,2,2,5,3,2
cell_687,2,2,4,4,3,3,NA,2,NA,0,3,2
cell_688,2,2,4,4,3,NA,NA,NA,2,NA,3,NA
cell_689,2,NA,4,4,0,NA,5,NA,7,NA,3,2
cell_690,2,NA,4,NA,2,0,5,NA,NA,4,3,2
cell_691,2,2,4,4,0,0,5,2,7,4,3,0
cell_692,2,2,4,4,2,0,5,NA,NA,4,NA,NA
cell_693,2,2,4,NA,0,0,5,0,7,4,3,2
cell_694,2,2,NA,NA,0,0,5,0,NA,4,3,0
cell_695,2,2,4,NA,0,4,5,0,7,4,3,NA
cell_696,2,2,NA,4,0,4,5,0,7,4,NA,NA
cell_697,2,2,4,4,3,3,5,NA,7,4,3,NA
cell_698,2,2,4,NA,3,3,5,4,7,NA,3,0
cell_699,2,2,4,NA,3,4,5,NA,7,NA,3,0
cell_700,2,2,NA,NA,3,4,NA,NA,7,4,3,0
cell_701,NA,NA,NA,4,0,0,5,0,NA,NA,NA,0
cell_702,2,2,NA,4,2,2,5,NA,NA,NA,3,0
cell_703,2,2,4,4,7,NA,NA,0,7,4,3,0
cell_704,NA,2,NA,NA,7,0,5,NA,NA,NA,3,0
cell_705,2,2,4,NA,8,NA,5,NA,NA,4,NA,4
cell_706,NA,NA,4,NA,NA,2,NA,0,NA,4,2,4
cell_707,NA,2,4,NA,8,2,5,0,3,4,2,4
cell_708,NA,2,4,4,8,NA,5,0,3,NA,2,4
cell_709,2,NA,NA,4,NA,2,5,4,3,4,NA,4
cell_710,2,2,4,4,8,NA,5,NA,NA,4,2,NA
cell_711,2,NA,4,NA,8,2,5,0,3,4,2,NA
cell_712,2,2,4,4,NA,2,5,0,NA,4,NA,NA
cell_713,2,NA,NA,4,8,2,5,0,3,4,2,NA
cell_714,NA,NA,NA,4,NA,2,NA,0,3,NA,2,4
cell_715,2,NA,4,NA,8,NA,NA,NA,3,4,2,4
cell_716,2,2,4,4,8,2,NA,NA,3,4,NA,4
cell_717,2,2,4,NA,8,NA,5,0,NA,NA,NA,4
cell_718,2,2,4,NA,8,2,5,NA,3,NA,2,NA
cell_719,NA,NA,4,NA,8,2,5,4,NA,4,2,4
cell_720,NA,NA,4,NA,NA,2,5,2,3,4,NA,4
cell_721,2,2,4,4,8,2,5,2,3,4,NA,4
cell_722,2,NA,NA,NA,8,2,5,NA,3,4,2,4
cell_723,2,NA,NA,NA,8,2,5,NA,3,4,2,4
cell_724,2,NA,NA,4,8,2,NA,NA,3,NA,NA,4
cell_725,NA,2,4,4,8,NA,5,2,3,4,2,4
cell_726,NA,2,NA,4,8,NA,NA,NA,3,NA,NA,NA
cell_727,2,NA,NA,4,8,NA,5,2,3,NA,NA,4
cell_728,2,2,4,4,8,2,5,NA,3,4,2,NA
cell_729,2,NA,NA,4,NA,2,5,2,3,NA,2,4
cell_730,2,2,NA,NA,8,NA,NA,2,NA,4,2,4
cell_731,NA,2,4,4,8,2,5,2,NA,4,2,NA
cell_732,NA,2,NA,4,8,2,5,2,3,4,NA,NA
cell_733,2,NA,4,4,8,2,NA,2,3,NA,2,4
cell_734,2,NA,NA,4,8,2,NA,2,3,NA,2,4
cell_735,NA,2,NA,NA,8,NA,5,2,3,4,2,4
cell_736,NA,NA,4,NA,8,2,5,2,3,NA,NA,NA
cell_737,2,NA,4,4,8,0,NA,3,5,85,0,NA
cell_738,NA,NA,4,NA,NA,0,5,NA,5,85,2,NA
cell_739,2,NA,4,NA,NA,0,5,3,5,85,NA,4
cell_740,2,NA,4,4,8,NA,5,3,5,85,NA,4
cell_741,NA,NA,NA,4,NA,2,5,3,NA,85,0,4
cell_742,2,2,NA,4,8,2,5,3,5,85,0,4
cell_743,NA,2,NA,4,8,2,5,3,5,85,0,NA
cell_744,2,2,4,4,8,2,NA,NA,5,85,NA,4
cell_745,NA,NA,NA,4,8,NA,5,3,NA,NA,0,4
cell_746,2,2,NA,4,8,NA,5,NA,3,85,0,4
cell_747,2,2,NA,4,NA,NA,5,3,3,85,2,4
cell_748,2,2,4,4,8,2,NA,NA,3,85,NA,4
cell_749,2,NA,4,4,NA,2,5,3,3,85,NA,NA
cell_750,2,2,4,4,8,NA,5,3,3,85,0,4
cell_751,2,2,4,4,NA,NA,5,3,3,NA,NA,4
cell_752,2,2,4,4,8,0,5,NA,3,85,2,NA
cell_753,NA,2,4,NA,NA,7,5,NA,NA,85,0,4
cell_754,NA,2,NA,NA,8,NA,NA,NA,8,85,0,4
cell_755,NA,2,4,4,8,NA,5,2,2,85,0,4
cell_756,2,2,4,4,8,7,5,2,2,85,NA,4
cell_757,2,2,NA,4,NA,NA,5,2,0,85,0,NA
cell_758,2,NA,NA,4,NA,7,NA,NA,NA,85,0,4
cell_759,2,2,4,4,8,7,NA,NA,NA,85,0,NA
cell_760,2,2,NA,NA,8,7,5,NA,11,85,0,NA
cell_761,NA,2,4,4,NA,NA,5,2,NA,85,5,NA
cell_762,2,2,4,4,8,7,5,2,NA,85,5,NA
cell_763,2,2,4,4,NA,NA,NA,2,NA,85,5,4
cell_764,2,2,4,4,NA,NA,NA,2,NA,85,5,4
cell_765,2,NA,NA,4,8,7,NA,2,0,NA,3,4
cell_766,2,2,NA,NA,NA,7,5,2,10,85,3,4
cell_767,NA,2,4,NA,8,7,5,2,0,85,3,NA
cell_768,2,2,4,NA,8,NA,5,2,0,NA,NA,4
cell_769,83,NA,NA,4,NA,NA,NA,2,NA,2,NA,2
cell_770,83,0,3,NA,0,NA,5,NA,9,NA,5,2
cell_771,NA,0,3,4,0,5,NA,2,9,NA,5,2
cell_772,NA,0,3,4,0,5,5,NA,9,2,5,2
cell_773,NA,0,NA,4,7,5,NA,NA,NA,2,5,NA
cell_774,2,0,3,4,NA,5,NA,2,9,2,5,2
cell_775,0,4,3,4,0,5,5,2,9,NA,NA,2
cell_776,0,45,3,NA,NA,5,5,NA,9,2,5,NA
cell_777,2,2,NA,4,0,5,5,2,9,2,NA,2
cell_778,0,0,NA,4,NA,5,5,2,NA,2,5,2
cell_779,0,3,3,4,NA,5,5,NA,9,2,5,2
cell_780,NA,NA,NA,NA,0,NA,NA,2,NA,NA,5,NA
cell_781,0,0,3,NA,NA,5,5,NA,9,2,NA,2
cell_782,NA,2,3,4,0,5,5,NA,NA,NA,5,2
cell_783,NA,2,3,4,0,5,5,NA,9,NA,NA,2
cell_784,2,2,3,4,0,5,5,NA,9,NA,5,NA
cell_785,2,5,3,NA,2,5,NA,2,NA,NA,5,NA
cell_786,NA,NA,3,NA,2,NA,NA,NA,NA,2,NA,2
cell_787,0,5,3,NA,2,5,5,2,NA,NA,5,2
cell_788,0,5,3,4,2,5,NA,2,NA,2,5,NA
cell_789,0,NA,NA,4,2,5,5,NA,9,2,5,NA
cell_790,0,5,3,4,2,5,NA,2,9,NA,NA,NA
cell_791,0,5,3,NA,NA,5,NA,2,9,2,NA,2
cell_792,0,NA,3,4,NA,5,5,2,9,2,5,NA
cell_793,NA,2,NA,4,0,5,5,NA,NA,2,5,NA
cell_794,3,2,3,4,0,5,NA,2,9,2,NA,2
cell_795,21,NA,3,NA,11,5,5,2,9,2,5,2
cell_796,21,NA,3,4,0,5,5,2,9,NA,5,NA
cell_797,NA,2,3,4,NA,5,NA,2,9,2,5,2
cell_798,0,NA,3,4,2,5,5,NA,NA,2,5,2
cell_799,2,2,3,4,0,NA,5,NA,NA,2,NA,2
cell_800,0,2,3,4,2,5,NA,2,NA,2,NA,2
cell_801,4,2,NA,4,0,5,5,NA,9,3,NA,2
cell_802,0,NA,3,NA,0,NA,5,NA,NA,NA,5,2
cell_803,0,0,NA,NA,0,5,5,2,9,NA,5,0
cell_804,0,NA,3,4,0,NA,NA,2,9,0,5,NA
cell_805,2,3,3,4,0,5,NA,2,NA,0,5,5
cell_806,NA,NA,3,NA,0,5,NA,2,9,NA,NA,NA
cell_807,0,0,3,4,NA,NA,NA,NA,NA,NA,5,NA
cell_808,0,0,3,4,NA,NA,NA,NA,NA,NA,NA,5
cell_809,2,2,3,4,NA,5,5,2,9,NA,5,0
cell_810,2,0,NA,4,NA,5,5,2,NA,2,5,NA
cell_811,12,0,3,4,2,NA,5,2,9,NA,NA,NA
cell_812,12,0,3,4,2,NA,NA,2,9,3,5,0
cell_813,0,NA,3,4,3,5,5,NA,NA,0,5,0
cell_814,13,NA,3,4,3,5,NA,2,9,2,5,0
cell_815,0,0,3,NA,27,5,NA,2,9,2,5,0
cell_816,0,2,3,4,0,5,5,NA,9,2,5,0
cell_817,2,NA,3,4,0,NA,NA,2,NA,NA,5,3
cell_818,2,2,NA,4,NA,5,5,2,NA,2,NA,3
cell_819,2,2,NA,4,0,5,NA,2,9,0,NA,3
cell_820,NA,2,3,4,0,5,5,NA,NA,0,5,NA
cell_821,NA,NA,3,4,0,NA,NA,2,9,2,5,3
cell_822,0,2,3,NA,NA,5,5,2,9,2,NA,3
cell_823,NA,NA,3,4,6,NA,NA,2,9,2,5,3
cell_824,NA,0,3,4,6,5,5,2,9,NA,NA,3
cell_825,NA,NA,NA,4,0,NA,5,2,9,0,5,NA
cell_826,0,0,3,4,0,5,NA,NA,9,0,5,0
cell_827,2,4,NA,NA,NA,NA,NA,2,9,0,5,2
cell_828,0,3,3,4,20,5,5,2,9,0,5,0
cell_829,0,NA,NA,NA,NA,NA,NA,NA,NA,NA,5,12
cell_830,0,NA,NA,NA,NA,NA,NA,NA,NA,NA,5,0
cell_831,0,NA,NA,NA,NA,NA,NA,NA,NA,NA,NA,2
cell_832,0,NA,NA,NA,NA,NA,NA,NA,NA,NA,NA,NA
cell_833,NA,2,2,NA,NA,5,NA,2,9,2,5,8
cell_834,2,2,2,4,NA,5,5,2,9,0,5,NA
cell_835,2,2,2,4,2,5,NA,2,9,NA,NA,0
cell_836,2,2,NA,4,2,5,NA,2,9,NA,5,NA
cell_837,NA,2,2,NA,2,5,5,NA,NA,NA,5,2
cell_838,2,NA,2,4,2,5,5,NA,9,NA,5,2
cell_839,2,NA,2,4,2,5,NA,2,9,NA,5,NA
cell_840,NA,2,2,4,NA,5,NA,NA,9,NA,NA,NA
cell_841,9,NA,NA,4,NA,NA,5,2,9,NA,5,NA
cell_842,0,2,2,4,NA,5,NA,2,9,0,5,2
cell_843,NA,NA,NA,4,5,NA,5,2,9,2,5,NA
cell_844,2,2,2,NA,5,NA,5,2,9,2,5,2
cell_845,NA,0,NA,4,NA,5,5,NA,9,NA,5,3
cell_846,NA,NA,2,4,0,5,5,2,9,0,5,3
cell_847,0,0,2,NA,0,5,5,2,NA,2,NA,3
cell_848,0,0,2,4,0,5,5,NA,NA,0,NA,3
cell_849,5,0,2,4,2,5,5,NA,9,2,NA,NA
cell_850,5,0,2,4,2,5,5,NA,9,5,5,4
cell_851,5,NA,2,NA,2,5,5,2,9,0,NA,4
cell_852,5,0,NA,4,2,5,NA,2,9,NA,5,4
cell_853,NA,0,NA,4,2,NA,NA,2,9,5,NA,NA
cell_854,5,NA,NA,NA,2,5,NA,2,9,5,5,4
cell_855,NA,5,NA,NA,NA,5,5,NA,9,5,5,4
cell_856,NA,0,2,4,2,NA,5,2,NA,NA,5,NA
cell_857,0,NA,2,4,2,5,NA,NA,NA,NA,5,0
cell_858,0,2,2,NA,NA,NA,NA,2,NA,0,NA,0
cell_859,NA,NA,NA,NA,2,5,5,2,NA,0,5,0
cell_860,NA,2,2,4,2,5,5,2,NA,2,NA,NA
cell_861,NA,2,2,4,2,5,5,NA,NA,0,NA,5
cell_862,NA,2,2,4,NA,NA,NA,2,9,0,NA,NA
cell_863,NA,NA,2,NA,2,NA,5,2,9,0,5,2
cell_864,0,2,NA,4,2,NA,5,2,9,0,5,NA
cell_865,NA,2,2,4,2,5,NA,2,9,NA,5,NA
cell_866,2,2,2,NA,NA,5,5,2,NA,5,NA,2
cell_867,NA,0,NA,4,2,5,NA,2,9,2,NA,2
cell_868,2,0,2,4,2,5,NA,2,9,NA,5,2
cell_869,NA,0,2,NA,2,NA,5,2,NA,2,NA,2
cell_870,0,0,2,4,2,5,5,2,9,2,5,NA
cell_871,0,3,NA,4,2,NA,5,2,9,0,NA,NA
cell_872,NA,3,NA,NA,NA,5,5,2,9,0,NA,2
cell_873,2,2,NA,NA,2,NA,5,2,NA,0,NA,3
cell_874,NA,NA,2,4,2,5,5,2,9,NA,5,3
cell_875,NA,NA,NA,4,2,5,NA,NA,NA,NA,NA,3
cell_876,2,2,2,4,NA,5,5,2,9,0,5,3
cell_877,2,2,2,NA,NA,5,5,2,9,0,5,0
cell_878,2,2,2,NA,2,5,5,NA,9,0,NA,2
cell_879,NA,2,NA,4,2,5,5,2,NA,NA,5,0
cell_880,2,NA,NA,4,2,5,5,2,9,NA,5,0
cell_881,2,NA,2,4,0,5,5,2,NA,5,5,NA
cell_882,2,NA,2,4,0,5,5,2,NA,NA,5,0
cell_883,NA,0,2,4,NA,5,5,2,9,NA,5,2
cell_884,NA,0,2,4,0,NA,5,NA,NA,5,5,0
cell_885,NA,5,2,4,0,NA,5,NA,9,4,5,NA
cell_886,0,5,2,4,0,NA,5,2,NA,4,5,2
cell_887,NA,2,2,NA,0,5,NA,NA,9,5,5,2
cell_888,2,2,2,NA,NA,5,NA,2,9,5,NA,2
cell_889,0,8,2,NA,0,5,5,2,9,NA,NA,NA
cell_890,NA,0,2,4,0,5,5,2,9,NA,NA,NA
cell_891,NA,0,2,NA,2,5,5,2,9,NA,NA,NA
cell_892,0,0,2,4,0,5,NA,2,9,NA,NA,NA
cell_893,5,2,2,4,3,5,5,2,9,NA,NA,NA
cell_894,5,17,2,4,3,5,5,2,NA,NA,NA,NA
cell_895,0,0,2,NA,3,5,NA,2,NA,NA,NA,NA
cell_896,NA,0,NA,4,3,NA,5,2,9,NA,NA,NA
cell_897,NA,NA,NA,4,2,NA,NA,NA,2,2,5,5
cell_898,NA,NA,NA,4,NA,5,5,NA,2,2,5,5
cell_899,NA,NA,NA,4,0,NA,5,2,2,0,5,5
cell_900,NA,NA,NA,4,0,5,5,2,2,NA,5,NA
cell_901,NA,NA,NA,4,15,NA,NA,NA,2,4,5,NA
cell_902,NA,NA,NA,4,15,5,5,NA,2,4,NA,NA
cell_903,NA,NA,NA,4,3,5,5,NA,2,0,5,NA
cell_904,NA,NA,NA,4,0,5,NA,NA,2,0,5,5
cell_905,NA,NA,NA,4,NA,NA,5,NA,2,NA,5,5
cell_906,NA,NA,NA,4,2,5,5,2,2,0,5,5
cell_907,NA,NA,NA,4,2,NA,5,NA,NA,NA,5,5
cell_908,NA,NA,NA,NA,2,5,NA,2,2,NA,NA,5
cell_909,NA,NA,NA,4,2,NA,NA,2,2,NA,NA,5
cell_910,NA,NA,NA,4,2,NA,5,NA,2,NA,5,5
cell_911,NA,NA,NA,4,2,5,5,2,2,3,5,5
cell_912,NA,NA,NA,4,NA,5,NA,NA,2,NA,NA,5
cell_913,4,5,2,4,0,5,5,2,NA,16,5,5
cell_914,4,5,2,4,NA,5,5,2,NA,16,5,NA
cell_915,4,NA,NA,4,0,NA,5,2,2,0,5,5
cell_916,4,NA,2,NA,NA,NA,NA,NA,NA,NA,5,5
cell_917,0,5,NA,4,0,NA,5,2,2,0,5,5
cell_918,NA,5,2,4,NA,5,5,2,NA,NA,5,5
cell_919,NA,5,NA,NA,NA,NA,5,NA,NA,2,NA,5
cell_920,NA,5,2,4,2,5,NA,2,2,NA,NA,NA
cell_921,0,5,NA,NA,3,5,NA,2,2,NA,5,5
cell_922,0,5,NA,4,0,5,NA,2,2,3,5,5
cell_923,0,5,NA,4,NA,5,NA,NA,2,3,5,5
cell_924,0,NA,NA,NA,5,5,5,2,NA,3,NA,5
cell_925,2,5,2,NA,0,5,NA,2,2,3,5,NA
cell_926,NA,5,2,NA,2,5,5,2,NA,3,NA,5
cell_927,NA,5,NA,NA,0,NA,5,2,2,3,5,NA
cell_928,NA,NA,2,4,0,5,5,NA,2,3,NA,5
cell_929,0,2,NA,NA,2,5,5,2,2,NA,5,NA
cell_930,5,NA,NA,4,0,5,NA,NA,2,NA,NA,5
cell_931,0,2,NA,4,2,5,5,2,2,NA,NA,5
cell_932,0,2,8,4,NA,NA,5,2,NA,5,NA,5
cell_933,0,NA,0,4,0,5,5,2,2,5,5,5
cell_934,0,2,0,4,NA,5,NA,2,NA,5,NA,5
cell_935,2,2,NA,4,NA,5,5,NA,2,5,5,5
cell_936,0,2,NA,4,NA,NA,5,2,NA,NA,5,5
cell_937,NA,2,3,4,4,NA,5,2,NA,5,5,5
cell_938,2,2,NA,4,4,NA,NA,NA,2,NA,5,5
cell_939,2,2,6,4,NA,NA,5,NA,2,NA,5,5
cell_940,2,NA,6,NA,NA,NA,5,NA,2,5,5,NA
cell_941,0,2,NA,4,4,NA,5,2,NA,NA,5,5
cell_942,0,NA,NA,NA,4,NA,5,NA,2,5,5,NA
cell_943,0,2,2,4,NA,5,5,NA,2,5,NA,NA
cell_944,0,2,0,4,NA,5,5,2,2,5,5,NA
cell_945,NA,2,0,4,NA,5,5,2,2,5,NA,5
cell_946,2,NA,0,4,0,5,5,2,NA,NA,5,5
cell_947,NA,NA,NA,4,NA,5,NA,2,2,5,5,NA
cell_948,2,2,NA,4,NA,NA,NA,2,2,NA,5,5
cell_949,0,NA,0,4,2,NA,5,NA,2,NA,5,5
cell_950,0,2,0,4,2,NA,5,NA,NA,NA,NA,NA
cell_951,2,NA,11,4,NA,5,NA,2,2,5,NA,NA
cell_952,NA,2,11,4,2,5,5,2,2,NA,NA,5
cell_953,0,2,NA,4,2,5,NA,2,2,NA,5,5
cell_954,NA,NA,2,4,2,NA,5,NA,2,5,5,NA
cell_955,0,NA,2,4,2,NA,5,NA,2,5,5,5
cell_956,0,2,2,NA,2,5,5,2,2,5,NA,5
cell_957,0,NA,2,4,NA,NA,5,NA,NA,NA,NA,5
cell_958,NA,2,2,NA,4,5,NA,2,2,5,5,5
cell_959,NA,2,2,4,2,NA,5,NA,NA,5,5,5
cell_960,NA,2,2,NA,2,NA,5,2,NA,NA,5,5
cell_961,0,5,NA,4,0,NA,5,2,3,5,5,5
cell_962,NA,5,3,4,0,5,5,2,3,5,5,NA
cell_963,0,5,3,4,0,5,5,2,3,NA,5,5
cell_964,0,NA,3,NA,0,5,5,2,NA,5,NA,5
cell_965,0,12,3,NA,0,5,NA,2,3,5,NA,5
cell_966,0,12,NA,4,NA,5,5,2,3,5,5,5
cell_967,NA,NA,3,4,NA,5,5,NA,3,5,5,5
cell_968,0,0,3,4,NA,5,5,NA,3,NA,NA,5
cell_969,NA,0,3,4,0,5,5,2,2,5,NA,NA
cell_970,NA,NA,3,4,0,5,5,2,0,NA,5,5
cell_971,3,0,3,4,2,5,5,NA,NA,5,NA,NA
cell_972,3,0,3,4,2,NA,5,NA,0,NA,5,NA
cell_973,0,NA,NA,NA,0,5,NA,NA,NA,5,NA,NA
cell_974,0,3,3,4,0,5,NA,2,NA,5,5,5
cell_975,NA,0,3,4,NA,NA,5,2,0,NA,NA,5
cell_976,2,0,3,4,4,NA,5,NA,NA,5,5,5
cell_977,0,NA,3,4,11,5,NA,NA,2,NA,5,NA
cell_978,0,3,3,4,NA,5,NA,NA,NA,NA,5,NA
cell_979,NA,0,3,4,NA,5,5,NA,NA,NA,5,5
cell_980,2,NA,NA,NA,NA,5,5,2,NA,5,NA,5
cell_981,2,NA,3,4,NA,NA,NA,2,NA,NA,5,5
cell_982,2,0,NA,4,5,5,5,2,2,5,5,5
cell_983,3,NA,3,4,5,5,5,2,NA,5,5,5
cell_984,3,5,NA,NA,5,NA,5,NA,2,NA,5,NA
cell_985,0,NA,3,4,2,5,5,2,2,5,NA,5
cell_986,NA,4,3,4,2,5,5,2,2,NA,5,NA
cell_987,0,4,3,4,2,5,5,NA,2,5,NA,5
cell_988,0,4,3,NA,NA,5,5,2,2,5,5,5
cell_989,NA,4,3,NA,NA,NA,5,2,NA,5,5,5
cell_990,NA,4,NA,4,2,5,5,2,2,5,5,5
cell_991,NA,4,3,4,2,5,5,NA,NA,5,5,5
cell_992,0,4,3,4,NA,5,5,2,2,NA,5,5
cell_993,0,4,0,4,2,5,NA,NA,108,NA,NA,5
cell_994,0,4,0,NA,2,NA,5,NA,108,5,5,NA
cell_995,0,NA,NA,4,2,NA,NA,2,NA,5,5,5
cell_996,0,4,NA,4,2,5,5,2,108,5,5,5
cell_997,2,4,0,4,NA,5,NA,NA,108,NA,5,5
cell_998,0,NA,0,NA,NA,5,5,2,108,5,NA,5
cell_999,2,NA,0,NA,NA,NA,5,2,108,5,NA,NA
cell_1000,NA,4,NA,4,2,NA,NA,2,108,5,NA,5
cell_1001,5,4,NA,4,NA,5,NA,2,108,5,5,5
cell_1002,NA,4,2,4,NA,5,5,NA,NA,NA,5,5
cell_1003,NA,4,2,4,2,5,NA,2,NA,NA,5,5
cell_1004,0,4,2,4,2,5,5,2,108,NA,5,NA
cell_1005,NA,NA,2,4,2,5,5,2,108,NA,5,5
cell_1006,0,4,2,4,NA,5,5,2,NA,5,5,5
cell_1007,NA,4,0,NA,2,NA,5,2,NA,5,5,5
cell_1008,NA,4,0,4,NA,5,NA,2,108,5,5,5
cell_1009,2,0,0,4,NA,5,NA,NA,NA,5,5,NA
cell_1010,NA,0,0,4,NA,5,5,2,2,5,5,5
cell_1011,NA,NA,NA,NA,2,NA,5,2,2,5,NA,5
cell_1012,NA,NA,0,NA,NA,5,5,2,2,5,5,NA
cell_1013,2,NA,0,4,2,5,5,2,2,NA,NA,5
cell_1014,NA,NA,0,4,2,5,5,2,2,5,5,5
cell_1015,NA,2,NA,4,2,5,5,2,2,5,5,5
cell_1016,NA,5,0,4,2,5,5,NA,2,5,5,5
cell_1017,2,NA,2,4,2,NA,5,2,NA,NA,5,5
cell_1018,2,4,NA,NA,2,NA,NA,2,0,NA,5,NA
cell_1019,2,4,NA,NA,NA,NA,5,2,8,NA,5,5
cell_1020,2,NA,NA,4,NA,NA,5,NA,8,5,5,NA
cell_1021,2,4,0,4,NA,NA,5,2,2,5,5,NA
cell_1022,2,4,0,4,NA,NA,NA,2,NA,5,5,NA
cell_1023,2,NA,NA,4,2,5,NA,2,0,NA,5,5
cell_1024,2,4,0,4,2,NA,5,2,0,5,5,5
